Project,Symbol,APY,APY Base,APY Reward,Reward Tokens,Pool ID,APY % 1D,APY % 7D,APY % 30D,Stablecoin,APY Base 7D,TVL USD,Underlying Tokens
binance-staked-sol,BNSOL,4.7782,4.7782,0,,9e709e57-84eb-496b-82ce-2e8f6a17db1b,-0.06135,-0.1271,-0.31119,False,0,756970273,So11111111111111111111111111111111111111112
jito-liquid-staking,JITOSOL,5.17,5.17,0,,0e7d0722-9054-4907-8593-567b353c0900,-0.01,-0.1,0.06,False,0,744980856,So11111111111111111111111111111111111111112
blackrock-buidl,BUIDL,3.5379,3.5379,0,,590d770e-ed5d-4c8d-ad96-5178c2072295,-3e-05,0.05572,0.02415,True,0,653839521,GyWgeqpy5GueU2YbkE8xqUeVEokCMMCEeUrfbtMw6phr
jupiter-lend,USDC,5.05315,4.32048,0.73266,EPjFWdd5AufqSSqeM2qN1xzybapC8G4wEGGkZwyTDt1v,d783c8df-e2ed-44b4-8317-161ccc1b5f06,0.24971,0.43687,0.7903,True,0,414146561,EPjFWdd5AufqSSqeM2qN1xzybapC8G4wEGGkZwyTDt1v
jupiter-staked-sol,JUPSOL,5.77235,5.77235,0,,52bd72a7-9e81-4112-abb4-71673e8de9bf,-0.00933,0.06799,0.19225,False,0,384828601,So11111111111111111111111111111111111111112
kamino-lend,USDE,0,0,0,,d1f82472-32fd-4061-bcb2-f4764d4a2441,0,0,0,True,0,268737043,DEkqHyPN7GMRJ5cArtQFAWefqbZb33Hyf6s5iCwjEonT
onre,ONYC,11.65893,11.65893,0,,7083d6a5-e3cb-4eeb-8204-f1b735e4ecbb,-0.00372,-0.0261,-0.11269,False,0,244267499,EPjFWdd5AufqSSqeM2qN1xzybapC8G4wEGGkZwyTDt1v
drift-staked-sol,DSOL,5.60722,5.60722,0,,296651fc-25f6-4434-b8ec-17c2af9808da,-0.00865,-0.04097,-0.2643,False,0,207847163,So11111111111111111111111111111111111111112
ondo-yield-assets,USDY,3.55,3.55,0,,00b83068-9f87-4411-b5d7-5d2ff48c40c4,0,0,0,True,3.55,181643952,A1KLoBrKBde8Ty9qtNQUtq3C2ortoC3u7twggz7sEto6
kamino-lend,DSOL,0,0,0,,1accaa9f-f4fa-4063-9502-1733ed8e4832,0,0,0,False,0,180806498,Dso1bDeDjCQxTrWHqUUi63oBvV7Mdm6WaobLbQ7gnPQ
marinade-liquid-staking,MSOL,6.3517,6.3517,0,,b3f93865-5ec8-4662-90a0-11808e0aa2bd,1.62142,0.29035,1.16401,False,0,175477611,So11111111111111111111111111111111111111112
hastra,PRIME,5.10795,5.10795,0,,76bb34c2-e68a-4398-9fba-d8a14c0caa44,-0.18775,-0.81766,-1.08319,False,0,164318727,8fr7WGTVFszfyNWRMXj6fRjZZAnDwmXwEpCrtzmUkdih
sanctum-infinity,INF,5.79705,5.79705,0,,3075a746-bdd1-4aac-bcd5-b035abee2622,-0.04576,-0.03059,-0.23747,False,0,150604183,So11111111111111111111111111111111111111112
kamino-lend,PRIME,0,0,0,,1eba52a9-e5d4-43d0-9758-31628204eba3,0,0,0,False,0,134407627,3b8X44fLF9ooXaUm3hhSgjpmVs6rZZ3pPoGnGahc3Uu7
kamino-lend,ONYC,0,0,0,,f3d99b7b-1691-48b6-b3b0-87838e231a51,0,0,0,False,0,127028222,5Y8NV33Vv7WbnLfq3zBcKSdYPrk7g2KoiQoe7M2tcxp5
phantom-sol,PSOL,6.24688,6.24688,0,,7f5c2e8b-0428-431b-ba6e-571c38a57010,0.00342,0.02479,0.18782,False,0,119008220,So11111111111111111111111111111111111111112
doublezero-staked-sol,DZSOL,4.86784,4.86784,0,,3997db8b-3f0c-4774-985d-d9fed3978f53,-0.02796,-0.0883,-0.2082,False,0,111842064,So11111111111111111111111111111111111111112
jupiter-lend,JLP,0,0,0,,cf41a15b-eb6a-46de-bc2b-cf4d0a58569c,0,0,0,False,0,105822158,27G8MtK7VtTcCHkpASjSDdkWWYfoqT6ggEuKidVJidD4
jpool,JSOL,5.34801,5.34801,0,,177d0a37-d0fb-4b18-b290-f46bbe8d307f,0.0115,-0.00256,-0.01913,False,0,102196017,So11111111111111111111111111111111111111112
the-vault-liquid-staking,VSOL,5.27794,5.27794,0,,8b46fdde-a5e4-4574-9926-6ba8047f4fca,-0.00454,-0.02118,-0.00066,False,0,99340264,So11111111111111111111111111111111111111112
jupiter-lend,JUPSOL,0,0,0,,7b27438b-1aa6-43f4-90c0-5a0d975045cd,0,0,0,False,0,96201346,jupSoLaHXQiZZTSfEWMTRRgpnyFm8f6sZdosWBjx93v
bybit-staked-sol,BBSOL,5.48,5.48,0,,f76cc844-73a2-4cc7-8de7-f9fb874c626d,0.16,0.11,0.18,False,0,89507085,So11111111111111111111111111111111111111112
jupiter-lend,WSOL,4.02883,4.02883,0,,86d5dc3c-682f-4227-b1c9-7e51c6e60cda,-0.03121,-0.62597,-0.84595,False,0,73531349,So11111111111111111111111111111111111111112
jupiter-lend,JUPUSD,5.23889,3.72761,1.51128,JuprjznTrTSp2UFa3ZBUFgwdAmtZCq4MQCwysN55USD,0dbb5021-00c7-40e2-9e2b-a757f4305ebf,0.02074,0.10346,-0.3997,True,0,71180570,JuprjznTrTSp2UFa3ZBUFgwdAmtZCq4MQCwysN55USD
helius-staked-sol,HSOL,5.71462,5.71462,0,,d7e101d6-8e6c-4348-9c5f-62398872a301,-0.05464,-0.06317,-0.01286,False,0,66680793,So11111111111111111111111111111111111111112
blazestake,BSOL,5.21199,5.21199,0,,387d6732-59f0-4ae0-8a88-aba75a5cbe4a,-0.00169,-0.02403,-0.11694,False,0,66594659,So11111111111111111111111111111111111111112
kamino-lend,SYRUPUSDC,0,0,0,,c71103c1-773a-4cee-a813-3177fa7770de,0,0,0,True,0,64795946,AvZZF1YaZDziPY2RCK4oJrRVrbN3mTD9NL24hPeaZeUj
kamino-lend,JITOSOL,0.00475,0.00475,0,,1da10c92-fd2e-4506-a4d1-8c8fa22ff744,-0.00018,-0.0002,0.00376,False,0,63852566,J1toso1uCk3RLmjorhTtrVwY9HJ7X8V9yYac6Y7kGCPn
dfdv-staked-sol,DFDVSOL,5.73269,5.73269,0,,568bbb48-dc88-4313-b1cc-ab1d4e763d6d,-0.00663,-0.04446,-0.10534,False,0,62278892,So11111111111111111111111111111111111111112
raydium-amm,ZAMA-USDC,0,0,0,,8f0cd488-239e-5e6f-ab32-615e6c888c3b,0,0,0,False,0,60389222,"3YVNiMsUAZ2Guodp2LJ1VoaW8jRiXZMN8rRH2bdj8qdB, EPjFWdd5AufqSSqeM2qN1xzybapC8G4wEGGkZwyTDt1v"
raydium-amm,LUNC-USDC,0.03,0.03,0,,ee49abd7-9115-5d7b-9ad7-f1019b564978,0,0,0,False,0.01,56948286,"6ucJjGXvfqGXwAscPUqAF4PrQojZDghuPcCTSXfcpZyF, EPjFWdd5AufqSSqeM2qN1xzybapC8G4wEGGkZwyTDt1v"
jagpool-staked-sol,JAGSOL,4.49112,4.49112,0,,aa7c9efd-011b-4f38-b775-8a141d0baf1f,0.23379,0.24059,-0.01512,False,0,56358489,So11111111111111111111111111111111111111112
stkesol-by-sol-strategies,STKESOL,4.49247,4.49247,0,,481ba825-cc83-4b90-a7ee-9baa66b9ee83,0.05748,-0.10891,0.10838,False,0,48366337,So11111111111111111111111111111111111111112
raydium-amm,USDC-BEE,0.03,0.03,0,,12eed83e-1b86-56de-bd69-4256e5b6b8a3,0,0,0,False,0.01,47144030,"EPjFWdd5AufqSSqeM2qN1xzybapC8G4wEGGkZwyTDt1v, GSLGZRRbBsfDoEgtT9AYxsRLwT9cAZ1LHPRaQgqY1STj"
raydium-amm,GBDP-USDT,0,0,0,,b32bd892-332e-58bd-91bc-d646bd0717d4,0,0,0,False,0,43892953,"2iTE8Soq5YAu9fASg6VK9Lrv8A2YRZtAMRrTkqk7591K, Es9vMFrzaCERmJfrF4H2FYD4KCoNkY11McCe8BenwNYB"
kamino-lend,CBBTC,0.00508,0.00508,0,,ec8af777-6c9e-440a-9a3d-355f556baa04,0.00037,-0.0609,-0.07588,False,0,43300806,cbbtcf3aa214zXHbiAZQwf4122FBYbraNdFqgw4iMij
raydium-amm,XLM-USDC,0.01,0.01,0,,0e155e38-21fc-509f-94c8-ff8f4b6139cc,0.01,0,0,False,0,39422032,"BsK91653XzR6s4RPLqvL1ooG3UvgZxVYwt26bFBRvQVK, EPjFWdd5AufqSSqeM2qN1xzybapC8G4wEGGkZwyTDt1v"
kamino-lend,JLP,0,0,0,,78c0fa88-9629-4570-bb48-46bbc82af472,0,0,0,False,0,39253461,27G8MtK7VtTcCHkpASjSDdkWWYfoqT6ggEuKidVJidD4
raydium-amm,USRUB-USDT,0,0,0,,37ddde58-b69b-4d35-bb86-5cefed9c0443,0,0,0,False,0,36971597,"ECixmd9rTwS3Sx2ZZz7GxyGtyWQZ9kThiYtZvaSRanrn, Es9vMFrzaCERmJfrF4H2FYD4KCoNkY11McCe8BenwNYB"
raydium-amm,PONS-USDC,0.05,0.05,0,,a761e858-110a-500e-97c1-ba4184b769d2,0.05,0,0,False,0.01,27596790,"3pAbxQ3i6CqZeBQXmzVSMCSydTjyR8hPgBcmvYcnXiui, EPjFWdd5AufqSSqeM2qN1xzybapC8G4wEGGkZwyTDt1v"
kamino-lend,JUPSOL,0.00157,0.00157,0,,e705187b-da56-463d-a429-4e17bfb7e0d4,-1e-05,-0.00023,0.00123,False,0,27446229,jupSoLaHXQiZZTSfEWMTRRgpnyFm8f6sZdosWBjx93v
orca-dex,SOL-USDC,12.73261,12.73261,0,,a5c85bc8-eb41-45c0-a520-d18d7529c0d8,-19.54911,-6.54181,-100.29818,False,38.59237,25518683,"So11111111111111111111111111111111111111112, EPjFWdd5AufqSSqeM2qN1xzybapC8G4wEGGkZwyTDt1v"
apollo-diversified-credit-securitize-fund,ACRED,3.85779,3.85779,0,,41fc35e6-953a-4ecd-a500-3db322050568,-1.39103,-0.47223,-0.56591,False,0,24841642,FubtUcvhSCr3VPXEcxouoQjKQ7NWTCzXyECe76B7L3f8
kamino-lend,PT-USX-16SEP26,0,0,0,,a0d2116a-3fee-480a-a034-62a22b09897c,0,0,0,False,0,22213670,6gUU7UXtGgJ3tmeb2gXxQcVeM2L82bg9MzRYxu2YUspu
kamino-lend,USDG,2.41538,2.41538,0,,0cdd7f84-711e-4cd4-916d-da318857559a,0.007,0.23722,-1.93169,True,0,22002007,2u1tszSeqZ3qBWF3uNGPFc8TzMk2tdiwknnRMWGWjGWH
raydium-amm,USDC-XMR,0.01,0.01,0,,239731a6-c092-5e0c-bf25-068a267d3495,0,0,0,False,0,21979162,"EPjFWdd5AufqSSqeM2qN1xzybapC8G4wEGGkZwyTDt1v, J7gGTU82vrp3cgghjRzdyPdWEw6ati25sZUjtjcs3Dar"
kamino-lend,USDC,3.45197,3.45197,0,,d2141a59-c199-4be7-8d4b-c8223954836b,-0.43476,0.00793,-0.07533,True,0,21342619,EPjFWdd5AufqSSqeM2qN1xzybapC8G4wEGGkZwyTDt1v
raydium-amm,XMR-USDC,0.11,0.11,0,,4bafb548-f9da-5524-a686-362be4c6c5d1,0,0,0,False,0.01,21087911,"8uUx2pVWSB4Ym57DNCxtE911V4W2ecvGHXyag7oJM6z, EPjFWdd5AufqSSqeM2qN1xzybapC8G4wEGGkZwyTDt1v"
raydium-amm,XMR-USDC,0.08,0.08,0,,fc305b94-2d4a-5c06-81f3-c8fcd4a1395d,0,0,0,False,0.02,21081621,"2x4pPPtwDfUBLEKaY8WrKp7UrVg3z2UgFNCihez73ds8, EPjFWdd5AufqSSqeM2qN1xzybapC8G4wEGGkZwyTDt1v"
kamino-lend,MSOL,0.00129,0.00129,0,,23676f13-f8c7-4865-ae69-e757395828ee,5e-05,-0.00024,-0.00056,False,0,21014475,mSoLzYCxHdYgdzU16g5QSh3i5K3z3KZK7ytfqcJm7So
raydium-amm,XMR-USDC,0.07,0.07,0,,c4411601-0500-54af-90c9-d64db9428df6,0,0,0,False,0.01,20709640,"3nJ61ZvTEa9rpEskNCgZAY9s2gNTVMvcCeXHmDkZLff8, EPjFWdd5AufqSSqeM2qN1xzybapC8G4wEGGkZwyTDt1v"
kamino-lend,HSOL,0,0,0,,d44d0684-a5a4-44cb-be02-f53623b52efd,0,0,0,False,0,20179149,he1iusmfkpAdwvxLNGV8Y1iSbj4rUy6yMhEA3fotn9A
raydium-amm,USDC-XMR,0.02,0.02,0,,efbf8fce-9dba-5d20-a197-5f1c1f19bd15,0,0,0,False,0,20174094,"EPjFWdd5AufqSSqeM2qN1xzybapC8G4wEGGkZwyTDt1v, GNqYeXfA4LeLsx96WP8FNqKCqB5inxZ7qnCj8HEjv5BD"
orca-dex,PYUSD-USDC,0.00048,0.00048,0,,99203560-4a69-4a67-9dbc-70b78a68a2b9,-0.00935,-0.01506,-0.06224,True,0.15588,20155311,"2b1kV6DkPAnxd5ixfnxCpjxmKwqjjaYmCZfHsFu24GXo, EPjFWdd5AufqSSqeM2qN1xzybapC8G4wEGGkZwyTDt1v"
kamino-liquidity,PYUSD-USDC,0.03734,0.03734,0,,5147b468-e863-45fb-a8d6-592f413f24c6,0.03734,0.03734,0.01168,True,0.08031,20147617,"2b1kV6DkPAnxd5ixfnxCpjxmKwqjjaYmCZfHsFu24GXo, EPjFWdd5AufqSSqeM2qN1xzybapC8G4wEGGkZwyTDt1v"
raydium-amm,XMR-USDC,0,0,0,,13f4d03d-8ea5-5cef-b422-7f71595dfc04,0,0,0,False,0,20111641,"C56RvSHUeB5xzfL98q9YGFSywhMfiW9ga421MTeMDGto, EPjFWdd5AufqSSqeM2qN1xzybapC8G4wEGGkZwyTDt1v"
raydium-amm,XMR-USDC,0.12,0.12,0,,d8728009-e057-5ac0-88d2-74c6e748460e,0,0,0,False,0.01,19935512,"7RLC8wdR3P4NfgZ2kAhEVWcfKWjEynoxZWrAL1qLy8XT, EPjFWdd5AufqSSqeM2qN1xzybapC8G4wEGGkZwyTDt1v"
raydium-amm,USDC-XMR,0.11,0.11,0,,6fdfff96-6a37-54c1-927f-92f3a8580450,0,0,0,False,0.01,19931536,"EPjFWdd5AufqSSqeM2qN1xzybapC8G4wEGGkZwyTDt1v, Fwgd4PSgmVkgYtMm9K2mLnijixv9fKBvRqQazqzxR8DZ"
orca-dex,USDG-USDC,0.00405,0.00405,0,,ac225670-41bc-48fa-b8d7-32011abc58fe,-0.10505,-0.33307,-1.60276,True,0.23977,18869700,"2u1tszSeqZ3qBWF3uNGPFc8TzMk2tdiwknnRMWGWjGWH, EPjFWdd5AufqSSqeM2qN1xzybapC8G4wEGGkZwyTDt1v"
kamino-lend,SOL,5.08813,5.08813,0,,525b2dab-ea6a-4cbc-a07f-84ce561d1f83,0.70603,-1.39171,0.79326,False,0,18381776,So11111111111111111111111111111111111111112
save,MSOL,0,0,0,,867aff4c-33fc-4591-940a-019549d5a8af,0,0,0,False,0,18124292,mSoLzYCxHdYgdzU16g5QSh3i5K3z3KZK7ytfqcJm7So
jupiter-lend,USDT,3.23096,3.23096,0,Es9vMFrzaCERmJfrF4H2FYD4KCoNkY11McCe8BenwNYB,a2fbc7ec-22c2-43fe-aa42-49f854aa940d,0.01032,0.14441,0.62774,True,0,17676615,Es9vMFrzaCERmJfrF4H2FYD4KCoNkY11McCe8BenwNYB
kamino-lend,PST,0,0,0,,3a9a6f10-cc6e-462b-8f37-7ecc74a5e2df,0,0,0,False,0,17585079,59obFNBzyTBGowrkif5uK7ojS58vsuWz3ZCvg6tfZAGw
kamino-lend,PYUSD,1.95044,1.95044,0,,44f4d357-a29d-4990-a64a-a8452be2d884,0.00024,-0.04287,-0.11386,True,0,17528842,2b1kV6DkPAnxd5ixfnxCpjxmKwqjjaYmCZfHsFu24GXo
kamino-lend,JITOSOL,0.00016,0.00016,0,,0da4a9c7-e79d-49b1-8753-2bf18cbb37f8,0,-1e-05,-1e-05,False,0,16713542,J1toso1uCk3RLmjorhTtrVwY9HJ7X8V9yYac6Y7kGCPn
jupiter-lend,WSOL,4.02883,4.02883,0,So11111111111111111111111111111111111111112,19721758-74e1-4a0c-acf8-6903257b80e5,-0.03121,-0.62597,-0.32295,False,0,16288276,So11111111111111111111111111111111111111112
save,BSOL,0,0,0,,dd998393-9abe-4c08-b5db-b181babb235e,0,0,0,False,0,15153705,bSo13r4TkiE4KumL71LsHTPpL2euBYLFx6h9HP3piy1
jupiter-lend,WSOL,4.02883,4.02883,0,,18b7d006-6f51-4a82-af2d-21da23df1d12,-0.03121,-0.62597,-0.84595,False,0,14784703,So11111111111111111111111111111111111111112
kamino-liquidity,USDG-USDC,0,0,0,,34c08a67-71ab-4e92-aed4-34ede13dce5b,0,-0.14958,-0.24498,True,0.01959,14641006,"2u1tszSeqZ3qBWF3uNGPFc8TzMk2tdiwknnRMWGWjGWH, EPjFWdd5AufqSSqeM2qN1xzybapC8G4wEGGkZwyTDt1v"
kamino-lend,VSOL,0,0,0,,4be785fa-1b2e-44fa-a56e-16a0c2148eba,0,0,0,False,0,14447818,vSoLxydx6akxyMD9XEcPvGYNGq6Nn66oqVb3UkGkei7
vaneck-treasury-fund,VBILL,3.52815,3.52815,0,,5857cb89-c6e0-4a53-84b3-9e4d3135fbb5,0.07554,0.03778,0,False,0,13892891,34mJztT9am2jybSukvjNqRjgJBZqHJsHnivArx1P4xy1
hylo-lsts,HYLOSOL,6.17876,6.17876,0,,1b94ffcc-41ce-4071-b5b7-12d6670f4d75,0.02781,0.03422,0.16174,False,0,13787965,So11111111111111111111111111111111111111112
credix,USDC,0.15964,0.15964,0,,14bd0ebc-1c70-4b61-80a9-91390179286a,0,0,0.0447,True,0,13477777,EPjFWdd5AufqSSqeM2qN1xzybapC8G4wEGGkZwyTDt1v
kamino-lend,XBTC,0.01284,0.01284,0,,fcb7faba-4506-49f8-aa8f-9124018eb6c2,-8e-05,0.01226,0.0089,False,0,13398746,CtzPWv73Sn1dMGVU3ZtLv9yWSyUAanBni19YWDaznnkn
raydium-amm,SMOLE-WSOL,0,0,0,,5c03c40b-dc1e-4a50-ad92-62d543dd63a6,0,0,-0.01,False,0,12530097,"9Ttyez3xiruyj6cqaR495hbBkJU6SUWdV6AmQ9MvbyyS, So11111111111111111111111111111111111111112"
raydium-amm,OLDSLERF-WSOL,0.02,0.02,0,,eb0fb099-5af2-45a7-961a-0daf3cb53916,-0.01,0.01,0.01,False,0.01,12481756,"7BgBvyjrZX1YKz4oh9mjb8ZScatkkwb8DzFx7LoiVkM3, So11111111111111111111111111111111111111112"
raydium-amm,USDC-TRX,0.69,0.69,0,,ca46228a-5be2-4f58-97e2-c98fb2b56e54,-0.46,-0.3,-1.35,False,0.51,12276140,"EPjFWdd5AufqSSqeM2qN1xzybapC8G4wEGGkZwyTDt1v, GbbesPbaYh5uiAZSYNXTc7w9jty1rpg3P9L4JeN4LkKc"
kamino-lend,FWDI,0,0,0,,3deaf6d7-c7b8-4c2c-9cb1-512366ba666d,0,0,0,False,0,12262976,7GzQgf6DPo6ZANjnbhe9tNCpkGTv3zqHbsDx74jyQf9
raydium-amm,AOAF-USDC,0.17,0.17,0,,c729ae90-0995-545d-a863-20b840a8375e,0,0.04,0,False,0.03,11880334,"E9sL5qgwYPkNZJP3SJBLhcEQugVu3RicYUH7J843FC6L, EPjFWdd5AufqSSqeM2qN1xzybapC8G4wEGGkZwyTDt1v"
raydium-amm,ECR-USDC,0.13,0.13,0,,3192099a-7fc4-5dc4-8dab-69f21522e55f,0.13,0,0,False,0.01,11263705,"2q4bWXLCDFjxje3bt7sHD5bXCMY5EjupYKju1gHQFGk4, EPjFWdd5AufqSSqeM2qN1xzybapC8G4wEGGkZwyTDt1v"
kamino-lend,EUSX,0,0,0,,72d01bd3-ce52-48d9-8715-97def1b16565,0,0,0,True,0,11034540,3ThdFZQKM6kRyVGLG48kaPg5TRMhYMKY1iCRa9xop1WC
raydium-amm,LIKE-WSOL,2.43,2.43,0,,185ce02a-06db-4051-a6d8-25f86b32d77f,-1.55,-13.87,2.35,False,2.48,10672611,"CJMihkPYswa3k6az9SUbepjKnkJQ6KWpGG5p9qW9n7NV, So11111111111111111111111111111111111111112"
bonk-staked-sol,BONKSOL,5.46606,5.46606,0,,1d683a73-47a8-4c20-bafa-692b5ec043b5,0.00013,-0.01182,-0.10377,False,0,10267991,So11111111111111111111111111111111111111112
orca-dex,SYRUPUSDC-USDC,0.36301,0.36301,0,,e1c57765-701f-49ba-810c-0785a51d3764,0.12723,-0.67257,-1.07978,True,0.61494,10028958,"AvZZF1YaZDziPY2RCK4oJrRVrbN3mTD9NL24hPeaZeUj, EPjFWdd5AufqSSqeM2qN1xzybapC8G4wEGGkZwyTDt1v"
kamino-liquidity,SYRUPUSDC-USDC,0.28625,0.28625,0,,91119a14-3b0a-433a-b09b-51cc079c6ea5,0.07553,-0.39617,-0.89104,True,0.55059,10026392,"AvZZF1YaZDziPY2RCK4oJrRVrbN3mTD9NL24hPeaZeUj, EPjFWdd5AufqSSqeM2qN1xzybapC8G4wEGGkZwyTDt1v"
raydium-amm,WSOL-USDC,17.10211,16.69,0.41211,4k3Dyjzvzp8eMZWUXbBCjEvwSkkk59S5iCNLY3QrkX6R,12edc6f3-4926-4b4f-b97c-38ef6a458574,-2.69551,0.57358,-20.7976,False,10.18,9930911,"So11111111111111111111111111111111111111112, EPjFWdd5AufqSSqeM2qN1xzybapC8G4wEGGkZwyTDt1v"
raydium-amm,USD1-USDC,0.26,0.26,0,,d14d4632-727b-47c2-b69a-def5691b4155,-0.36,-0.23,-1,True,0.26,9891797,"USD1ttGY1N17NEEHLmELoaybftRBUSErhqYiQzvEmuB, EPjFWdd5AufqSSqeM2qN1xzybapC8G4wEGGkZwyTDt1v"
orca-dex,PYUSD-PRIME,0.26319,0.26319,0,,2896d802-ab4c-4b5b-96e9-9dd1c01a7255,0.00286,-0.02825,-0.08008,False,0.52135,9710858,"2b1kV6DkPAnxd5ixfnxCpjxmKwqjjaYmCZfHsFu24GXo, 3b8X44fLF9ooXaUm3hhSgjpmVs6rZZ3pPoGnGahc3Uu7"
orca-dex,USX-USDC,0.071,0.071,0,,57eb6e5d-ac96-4f39-8535-0ae9c7420b13,-0.41525,0.0069,-0.21432,True,0.10479,9433435,"6FrrzDk5mQARGc1TDYoyVnSyRdds1t4PbtohCD6p3tgG, EPjFWdd5AufqSSqeM2qN1xzybapC8G4wEGGkZwyTDt1v"
bitwise-uscc,USCC,2.91061,2.91061,0,,04bf0e7d-904a-4d42-9a25-bb1b5634e863,-0.56214,0.03033,0.01426,True,3.76384,9418329,BTRR3sj1Bn2ZjuemgbeQ6SCtf84iXS81CS7UDTSxUCaK
raydium-amm,BOME-WSOL,2.48,2.48,0,,efa5ce76-dc4f-4d06-a9d4-0e09c4dcd0a1,-1.65,0.39,-1.47,False,1.69,8997290,"ukHH6c7mMyiWCf1b9pnWe25TSpkDDt3H5pQZgZ74J82, So11111111111111111111111111111111111111112"
kamino-lend,BONKSOL,0,0,0,,419f5780-5fa6-4e32-bd34-7b8a9ed35646,0,0,0,False,0,8972318,BonK1YhkXEGLZzwtcvRTip3gAL9nCeQD7ppZBLXhtTs
save,DAI,0,0,0,,3fdf7baa-8ca7-4ad5-bf0c-f934878c0c96,0,0,0,True,0,7984370,FWhZyxJQas4s52kusCQRwgYRYkUhx9AfQYs3uhtEs9sQ
kamino-lend,CASH,3.417,3.417,0,,6557f42a-a68a-414d-b7ac-3f3b301dda28,0.00144,0.37294,0.30882,True,0,7819380,CASHx9KJUStyftLFWGvEVf59SGeG9sh5FfcnZMVPCASH
kyros,KYSOL,5.39872,5.39872,0,,28d991e9-dcd9-4fcd-a29e-0fa98a296c5e,-0.01264,-0.03374,-0.33395,False,0,7563586,J1toso1uCk3RLmjorhTtrVwY9HJ7X8V9yYac6Y7kGCPn
kamino-lend,STKESOL,0,0,0,,f11d9f47-07b0-4ae2-9a1c-b7476e463566,0,0,0,False,0,7499527,stke7uu3fXHsGqKVVjKnkmj65LRPVrqr4bLG2SJg7rh
marginfi-lst,LST,5.65975,5.65975,0,,d17a8eb2-fcfd-4f02-b757-1f9122e9ca56,-0.01258,-0.0361,-0.13912,False,0,7397480,So11111111111111111111111111111111111111112
unitas,SUSDU,9.82672,9.82672,0,,7f980c43-5b87-4690-a11a-b0e8a5e37a63,0.03232,-0.5985,-1.31347,True,0,7396943,9ckR7pPPvyPadACDTzLwK2ZAEeUJ3qGSnzPs8bVaHrSy
orca-dex,CASH-USDC,0.22448,0.22448,0,,515956c6-5b23-4039-803c-bc20ff887688,-0.13281,-0.11142,-0.01697,True,0.79354,7272322,"CASHx9KJUStyftLFWGvEVf59SGeG9sh5FfcnZMVPCASH, EPjFWdd5AufqSSqeM2qN1xzybapC8G4wEGGkZwyTDt1v"
jupiter-lend,FWDSOL,0,0,0,,1a8d934f-2e26-4cd1-b3b0-c90ffa16d187,0,0,0,False,0,7227577,cPQPBN7WubB3zyQDpzTK2ormx1BMdAym9xkrYUJsctm
kamino-lend,USX,2.29358,2.29358,0,,3c4e1d81-1242-44dc-9d45-86cdcb12b9a0,-0.00203,-0.16729,0.94854,True,0,6995630,6FrrzDk5mQARGc1TDYoyVnSyRdds1t4PbtohCD6p3tgG
raydium-amm,MEW-WSOL,3.83,3.83,0,,919f83c6-1a2d-4c67-985f-99e8b8423f62,-2.76,-10.31,1.87,False,1.68,6843297,"MEW1gQWJ3nEXg2qgERiKu7FAFj79PHvQVREQUzScPP5, So11111111111111111111111111111111111111112"
jupiter-lend,JLP,0,0,0,,ddbeb662-93dd-47fd-92fa-81ceb348e94c,0,0,0,False,0,6565358,27G8MtK7VtTcCHkpASjSDdkWWYfoqT6ggEuKidVJidD4
kamino-lend,USDC,4.31507,4.31507,0,,3cb152e8-1de7-4a2b-8510-f04014c5fe82,0.06689,-0.04203,-0.39851,True,0,6490980,EPjFWdd5AufqSSqeM2qN1xzybapC8G4wEGGkZwyTDt1v
jupiter-lend,PST,0,0,0,,fedf64c6-54ca-435d-bd0e-37e0ad3e95a4,0,0,0,False,0,6202542,59obFNBzyTBGowrkif5uK7ojS58vsuWz3ZCvg6tfZAGw
save,JITOSOL,0,0,0,,f7067019-e44f-4e03-aeb0-b717dfd8d7c7,0,0,0,False,0,6094963,J1toso1uCk3RLmjorhTtrVwY9HJ7X8V9yYac6Y7kGCPn
save,USDC,2.41,2.41,0,,dde4c16c-504d-470b-9404-006287ce0906,-0.03,0.18,0.06,True,0,6088326,EPjFWdd5AufqSSqeM2qN1xzybapC8G4wEGGkZwyTDt1v
kamino-lend,BSOL,0.01766,0.01766,0,,9837ed71-8e5e-45c4-a56d-54d738a1cb1e,-0.00146,-0.00185,0.01227,False,0,6068100,bSo13r4TkiE4KumL71LsHTPpL2euBYLFx6h9HP3piy1
raydium-amm,WSOL-USDC,15.74,15.74,0,,709f121d-d3b4-44da-b3d0-47bc16f5400b,-14.29,-1.84,-56.24,False,17.31,5994930,"So11111111111111111111111111111111111111112, EPjFWdd5AufqSSqeM2qN1xzybapC8G4wEGGkZwyTDt1v"
orca-dex,SOL-JITOSOL,0.31742,0.31742,0,,923d43c8-455e-4196-9b5d-afcc966c934f,3e-05,0.13895,-0.41867,False,0.35495,5919219,"So11111111111111111111111111111111111111112, J1toso1uCk3RLmjorhTtrVwY9HJ7X8V9yYac6Y7kGCPn"
jupiter-lend,USDS,4.21623,4.21623,0,USDSwr9ApdHk5bvJKMjzff41FfuX8bSxdKcR81vTwcA,0d01dc1f-7c3e-46e2-af40-6ec4454c93f0,-0.02084,0.91299,0.44016,True,0,5891381,USDSwr9ApdHk5bvJKMjzff41FfuX8bSxdKcR81vTwcA
kamino-liquidity,SOL-JITOSOL,0.27334,0.27334,0,,55616349-b749-4467-8edc-abbb40ae80f6,-0.01141,0.07468,-0.08321,False,0.27045,5888410,"So11111111111111111111111111111111111111112, J1toso1uCk3RLmjorhTtrVwY9HJ7X8V9yYac6Y7kGCPn"
kamino-lend,PYUSD,2.8841,2.8841,0,,cfced7e4-e041-445b-845e-afde335e3a35,-0.01834,-0.09756,-0.31597,True,0,5878126,2b1kV6DkPAnxd5ixfnxCpjxmKwqjjaYmCZfHsFu24GXo
jupiter-lend,JUPSOL,0,0,0,,bd1d427f-406a-44ff-ad57-6f0bd1863152,0,0,0,False,0,5793402,jupSoLaHXQiZZTSfEWMTRRgpnyFm8f6sZdosWBjx93v
jupiter-lend,PST,0,0,0,,17349831-bb55-41f9-87bf-1cfbeb7d7be1,0,0,0,False,0,5750057,59obFNBzyTBGowrkif5uK7ojS58vsuWz3ZCvg6tfZAGw
kamino-lend,PSOL,0.00043,0.00043,0,,7bbfcf1d-72e7-43b9-9fa2-68d7c94bd4fa,-0.00029,-0.00032,0.0004,False,0,5709232,pSo1f9nQXWgXibFtKf7NWYxb5enAM4qfP6UJSiXRQfL
orca-dex,CBBTC-USDC,6.61612,6.61612,0,,2651188f-6b05-473e-9cfb-977a4ad094ba,-20.49439,-6.06381,-73.44823,False,23.14428,5674646,"cbbtcf3aa214zXHbiAZQwf4122FBYbraNdFqgw4iMij, EPjFWdd5AufqSSqeM2qN1xzybapC8G4wEGGkZwyTDt1v"
raydium-amm,WSOL-FARTCOIN,4.89,4.89,0,,c66d7944-6582-4638-881a-360e5918e4b4,0.66,-2.86,-17.8,False,2.72,5658180,"So11111111111111111111111111111111111111112, 9BB6NFEcjBCtnNLFko2FqVQBq8HHM13kCyYcdQbgpump"
project-0,JITOSOL,0.14839,0.14839,0,,ba625871-0591-4b44-b9da-eb3f34943f9f,9e-05,-3e-05,-0.00162,False,0,5636807,J1toso1uCk3RLmjorhTtrVwY9HJ7X8V9yYac6Y7kGCPn
kamino-lend,BSOL,0,0,0,,f9092b5c-b9ea-47d2-8db7-58fb38da7c83,0,0,0,False,0,5591275,bSo13r4TkiE4KumL71LsHTPpL2euBYLFx6h9HP3piy1
jupiter-lend,JUPSOL,0,0,0,,b243daaf-fd09-47e9-8359-940a43058da6,0,0,0,False,0,5570640,jupSoLaHXQiZZTSfEWMTRRgpnyFm8f6sZdosWBjx93v
orca-dex,ONYC-USDC,0.29016,0.29016,0,,cb268c37-d05c-4f1e-a889-ace0488f46e0,0.04914,-1.65119,-1.14208,False,1.03017,5465332,"5Y8NV33Vv7WbnLfq3zBcKSdYPrk7g2KoiQoe7M2tcxp5, EPjFWdd5AufqSSqeM2qN1xzybapC8G4wEGGkZwyTDt1v"
jupiter-lend,DFDVSOL,0,0,0,,4c4df49e-5112-4395-8aaf-595c6e90c2c6,0,0,0,False,0,5256726,sctmB7GPi5L2Q5G9tUSzXvhZ4YiDMEGcRov9KfArQpx
save,SOL,2.4,2.4,0,,1170b465-309b-4026-b10d-abdf7b1ac369,0.07,-0.54,-0.46,False,0,5098540,So11111111111111111111111111111111111111112
save,STCC,0,0,0,,794d87dd-886e-4bcd-aa41-5628595c9612,0,0,0,False,0,5035363,CstPrRuU13B6QHmNr4J24Qto48HC5uQ2WXZbWiWef4a6
orca-dex,SOL-CBBTC,16.6311,16.6311,0,,6dc30ef3-d497-497c-91f3-b4ccb817a8b9,1.10504,1.88986,-99.3268,False,24.74349,4959407,"So11111111111111111111111111111111111111112, cbbtcf3aa214zXHbiAZQwf4122FBYbraNdFqgw4iMij"
raydium-amm,JCT-USDC,0.1,0.1,0,,24d1ee96-3bdd-5d59-b1a8-d818b39cef8d,0.01,0.03,0,False,0.05,4854873,"9Tuqht57YhSPoZ161g3qGWELFFSRXHvM2aXVP58okJYE, EPjFWdd5AufqSSqeM2qN1xzybapC8G4wEGGkZwyTDt1v"
jupiter-lend,EURC,3.96644,3.96644,0,HzwqbKZw8HxMN6bF2yFZNrht3c2iXXzpKcFu7uBEDKtr,c6d1abbb-1e0a-47a0-99bd-3155b797d7d3,-0.08319,0.64254,1.57845,True,0,4798305,HzwqbKZw8HxMN6bF2yFZNrht3c2iXXzpKcFu7uBEDKtr
orca-dex,EUSX-USX,0.09651,0.09651,0,,31ea8935-a82e-491e-9cd9-3af57dab0430,0.02132,0.00955,0.04884,True,0.09241,4684333,"3ThdFZQKM6kRyVGLG48kaPg5TRMhYMKY1iCRa9xop1WC, 6FrrzDk5mQARGc1TDYoyVnSyRdds1t4PbtohCD6p3tgG"
kamino-lend,JSOL,0,0,0,,3e543447-7ef2-4b86-acce-db92b1749995,0,0,0,False,0,4620581,7Q2afV64in6N6SeZsAAB81TJzwDoD6zpqmHkzi9Dcavn
raydium-amm,EUSX-USX,0.1,0.1,0,,0cb32474-2651-4624-8f39-eae66580778e,0.03,0.04,0.03,True,0.05,4535948,"3ThdFZQKM6kRyVGLG48kaPg5TRMhYMKY1iCRa9xop1WC, 6FrrzDk5mQARGc1TDYoyVnSyRdds1t4PbtohCD6p3tgG"
kamino-lend,USCC,0,0,0,,ec781b7e-83a7-4103-a093-77444516a9a7,0,0,0,True,0,4410749,BTRR3sj1Bn2ZjuemgbeQ6SCtf84iXS81CS7UDTSxUCaK
jupiter-lend,INF,0,0,0,,1377ef06-ba83-466f-9352-adb8f854ef71,0,0,0,False,0,4394292,5oVNBeEEQvYi1cX3ir8Dx5n1P7pdxydbGF2X4TxVusJm
orca-dex,USDU-USDC,0.00156,0.00156,0,,5fd4f164-50d7-4d9e-9cb8-6eb62ac9f44c,-0.00173,-0.00567,-0.08178,True,0.05106,4254223,"9ckR7pPPvyPadACDTzLwK2ZAEeUJ3qGSnzPs8bVaHrSy, EPjFWdd5AufqSSqeM2qN1xzybapC8G4wEGGkZwyTDt1v"
kamino-liquidity,USDU-USDC,0,0,0,,6ded470a-8cfe-4d41-9c3c-df3262908cbc,0,0,-0.11795,True,0.03388,4253419,"9ckR7pPPvyPadACDTzLwK2ZAEeUJ3qGSnzPs8bVaHrSy, EPjFWdd5AufqSSqeM2qN1xzybapC8G4wEGGkZwyTDt1v"
raydium-amm,WSOL-JELLYJELLY,3.73,3.73,0,,d3f1bb4f-6d3a-41f2-af1a-ae6baa4edd66,-2.58,-0.37,-7.37,False,4.06,4195520,"So11111111111111111111111111111111111111112, FeR8VBqNRSUD5NtXAj2n3j1dAHkZHfyDktKuLXD4pump"
kamino-lend,USDC,6.57774,6.57774,0,,ca537616-5cc3-429a-aded-ebe307121d1f,-0.24116,0.4131,-1.06837,True,0,4172194,EPjFWdd5AufqSSqeM2qN1xzybapC8G4wEGGkZwyTDt1v
raydium-amm,USDS-USDC,0.08,0.08,0,,5b6c56a9-3b81-48ee-bee7-3f0dcd862e4d,-0.01,-0.12,-0.02,True,0.26,4159613,"USDSwr9ApdHk5bvJKMjzff41FfuX8bSxdKcR81vTwcA, EPjFWdd5AufqSSqeM2qN1xzybapC8G4wEGGkZwyTDt1v"
orca-dex,SOL-WHETH,10.04588,10.04588,0,,69c64232-ef1a-45f2-b49b-daeb2a906873,-6.40275,-0.40964,-46.57653,False,17.99442,4145651,"So11111111111111111111111111111111111111112, 7vfCXTUXx5WJV5JADk17DUJ4ksgau7utNKj4b963voxs"
jupiter-lend,SPYX,2.02008,2.02008,0,,6e0a7124-be02-4460-bbbe-a6dc6719e017,0,0,0,False,0,4135028,XsoCS1TfEyfFhfvj8EtZ528L3CaKBDBRqRapnBbDF2W
kamino-lend,PYUSD,5.72395,5.72395,0,,eaece65e-ffb2-4631-a95e-7f267cb2f1ba,1.33628,1.34173,3.56082,True,0,4100260,2b1kV6DkPAnxd5ixfnxCpjxmKwqjjaYmCZfHsFu24GXo
raydium-amm,$WIF-WSOL,4,4,0,,caca758f-7a8f-4242-8d9c-cd44d98c5ee0,1.49,1.24,-1.24,False,1.64,4094709,"EKpQGSJtjMFqKZ9KQanSqYXRcF8fBopzLHYxdM65zcjm, So11111111111111111111111111111111111111112"
raydium-amm,WSOL-USD1,7.51,7.51,0,,866092b0-6627-432a-af86-e1af0c4dae6c,-4.53,-0.8,-39.15,False,7.3,4093259,"So11111111111111111111111111111111111111112, USD1ttGY1N17NEEHLmELoaybftRBUSErhqYiQzvEmuB"
save-sol,SAVESOL,4.78324,4.78324,0,,1a2f864d-dffb-4b58-bfe4-e136e4ad0547,0.00512,0.08109,0.05357,False,0,3950733,So11111111111111111111111111111111111111112
raydium-amm,JUPUSD-USDC,0.16,0.16,0,,b486afff-6cb0-4932-aacb-4c32cf955512,0.1,0.07,-0.95,True,0.13,3892757,"JuprjznTrTSp2UFa3ZBUFgwdAmtZCq4MQCwysN55USD, EPjFWdd5AufqSSqeM2qN1xzybapC8G4wEGGkZwyTDt1v"
kamino-lend,SPYX,0.18346,0.18346,0,,a0f306a6-976a-4d29-852b-eaa09e84f8b4,0.00168,-0.00906,-0.01196,False,0,3890870,XsoCS1TfEyfFhfvj8EtZ528L3CaKBDBRqRapnBbDF2W
project-0,MSOL,0.17246,0.17246,0,,4f54e6d5-0a97-4e98-b9a6-de12413a3bbc,-0.00045,-0.00065,0.02005,False,0,3884651,mSoLzYCxHdYgdzU16g5QSh3i5K3z3KZK7ytfqcJm7So
raydium-amm,VELO-USDC,0.17,0.17,0,,31abe7c4-82b9-53fa-ac68-627aed634f38,0.1,0,0,False,0.02,3868231,"AfEyt2SjtSdMiAWKFo7V9RRBsHMB82o2dc5CJ295c2X3, EPjFWdd5AufqSSqeM2qN1xzybapC8G4wEGGkZwyTDt1v"
kamino-lend,PT-EUSX-16SEP26,0,0,0,,047a53c7-6f45-4466-a4c0-eeb4842a6177,0,0,0,False,0,3858992,2wZkuwSiDyHZuuZfS9C9kFkZNsgwHGjKtCxX3B6Ck6EX
orca-dex,JUPUSD-USDC,0.11294,0.11294,0,,3560380c-4758-48b5-8dd6-38d474018724,0.03588,-0.14722,-1.10825,True,0.41179,3850422,"JuprjznTrTSp2UFa3ZBUFgwdAmtZCq4MQCwysN55USD, EPjFWdd5AufqSSqeM2qN1xzybapC8G4wEGGkZwyTDt1v"
project-0,BSOL,0.03085,0.03085,0,,857b1f5d-5aea-40d3-a3c5-0d20d61160b3,-2e-05,0.00033,-0.18012,False,0,3802624,bSo13r4TkiE4KumL71LsHTPpL2euBYLFx6h9HP3piy1
raydium-amm,USDC-USDT,0.53,0.53,0,,8ad76d42-6247-42f2-8281-5d59cb77b8b3,-0.11,-1.29,-2.04,True,0.52,3767369,"EPjFWdd5AufqSSqeM2qN1xzybapC8G4wEGGkZwyTDt1v, Es9vMFrzaCERmJfrF4H2FYD4KCoNkY11McCe8BenwNYB"
jupiter-lend,INF,0,0,0,,f048cd44-7eef-4570-8c71-f6a6eb7aa33e,0,0,0,False,0,3724133,5oVNBeEEQvYi1cX3ir8Dx5n1P7pdxydbGF2X4TxVusJm
raydium-amm,RAY-USDC,2.57,2.57,0,,8d1c0b44-a5ce-421c-b899-bf489159aa0f,-4.19,0.31,-8.26,False,2.39,3690115,"4k3Dyjzvzp8eMZWUXbBCjEvwSkkk59S5iCNLY3QrkX6R, EPjFWdd5AufqSSqeM2qN1xzybapC8G4wEGGkZwyTDt1v"
jupiter-lend,USDG,4.85381,4.85381,0,2u1tszSeqZ3qBWF3uNGPFc8TzMk2tdiwknnRMWGWjGWH,c4d22a9b-a5e3-414e-92d9-76493e1ab239,0.12573,1.49891,-0.81038,True,0,3682911,2u1tszSeqZ3qBWF3uNGPFc8TzMk2tdiwknnRMWGWjGWH
jupiter-lend,JLP,0,0,0,,654b8ee9-8f54-47c7-841b-aae593def5f5,0,0,0,False,0,3640327,27G8MtK7VtTcCHkpASjSDdkWWYfoqT6ggEuKidVJidD4
save,SAVESOL,0,0,0,,9cc7df38-d422-40b0-a132-4e6c8a756a87,0,0,0,False,0,3622310,SAVEDpx3nFNdzG3ymJfShYnrBuYy7LtQEABZQ3qtTFt
jupiter-lend,CBBTC,0,0,0,,85ebf291-60e6-4c34-b08a-e5bbb7f256b0,0,0,0,False,0,3620274,cbbtcf3aa214zXHbiAZQwf4122FBYbraNdFqgw4iMij
jupiter-lend,JITOSOL,0,0,0,,dd024b97-972d-4f89-95b6-49804810e486,0,0,0,False,0,3608170,J1toso1uCk3RLmjorhTtrVwY9HJ7X8V9yYac6Y7kGCPn
jupiter-lend,JLJUPUSD,0,0,0,,1519c834-dd6d-492a-84b1-921f05142e79,0,0,0,True,0,3547541,7GxATsNMnaC88vdwd2t3mwrFuQwwGvmYPrUQ4D6FotXk
raydium-amm,WSOL-ARC,4.07,4.07,0,,83e9a75a-881a-4e5a-9aaa-82e2140fa57d,-1.71,-0.87,-24.39,False,4.03,3539234,"So11111111111111111111111111111111111111112, 61V8vBaqAGMpgDQi4JcAwo1dmBGHsyhzodcPqnEVpump"
orca-dex,PST-USDC,0.02391,0.02391,0,,ad4a3155-eee1-4a47-b453-b460e0c3b574,-0.0589,-0.11991,-0.63589,False,0.174,3517610,"59obFNBzyTBGowrkif5uK7ojS58vsuWz3ZCvg6tfZAGw, EPjFWdd5AufqSSqeM2qN1xzybapC8G4wEGGkZwyTDt1v"
orca-dex,SOL-USDG,1.32881,1.32881,0,,55c24466-7169-4b51-97f0-025ab1c34b0d,-1.99354,-0.5358,-19.73425,False,3.41701,3471337,"So11111111111111111111111111111111111111112, 2u1tszSeqZ3qBWF3uNGPFc8TzMk2tdiwknnRMWGWjGWH"
gmtrade,XAU-USDC,93.25686,93.25686,0,,3c93e06c-f309-47d4-b9bd-7212c5401c67,-17.17153,-13.49773,22.12998,False,0,3411112,EPjFWdd5AufqSSqeM2qN1xzybapC8G4wEGGkZwyTDt1v
orca-dex,PRIME-AUTO,0.04451,0.04451,0,,069fc5ee-37bc-4699-8793-38094d6c0e1a,0.04451,0.04451,0,False,0.01037,3382589,"3b8X44fLF9ooXaUm3hhSgjpmVs6rZZ3pPoGnGahc3Uu7, GNE6oDS6jHrfaV3GQVVCCp37fDnT7PiPuewMKBj2bqNm"
orca-dex,ZEC-USDC,43.20701,43.20701,0,,3de7947c-e199-4842-a496-a775f59d6ba3,-4.21755,-5.92008,-176.89954,False,44.90247,3297807,"A7bdiYdS5GjqGFtxf17ppRHtDKPkkRqbKtR27dxvQXaS, EPjFWdd5AufqSSqeM2qN1xzybapC8G4wEGGkZwyTDt1v"
kamino-lend,FBTC,0,0,0,,65dd56eb-9115-491c-93c4-98b03d3d4b9c,0,0,0,False,0,3270163,3orqhCKM5admbcHkHQhRAEKbXhUT5VPgsQqz7fBa6QdF
kamino-liquidity,USDS-USDC,0.04381,0.04381,0,,0969d0b7-dace-47e1-9a56-182d4ad08198,-0.02151,-0.12557,-0.0434,True,0.38629,3244336,"USDSwr9ApdHk5bvJKMjzff41FfuX8bSxdKcR81vTwcA, EPjFWdd5AufqSSqeM2qN1xzybapC8G4wEGGkZwyTDt1v"
stronghold-staked-sol,STRONGSOL,5.38657,5.38657,0,,2df41814-3481-4e53-a91f-4a621e750f91,0.00422,0.01266,-0.04186,False,0,3173116,So11111111111111111111111111111111111111112
raydium-amm,PUNDU-WSOL,0.01,0.01,0,,50c3351a-9d47-4025-8691-27b6d18679b4,0,-0.05,-0.46,False,0.01,3143758,"WskzsKqEW3ZsmrhPAevfVZb6PuuLzWov9mJWZsfDePC, So11111111111111111111111111111111111111112"
raydium-amm,WSOL-PIPPIN,7.08,7.08,0,,20d99514-4d6b-4ff3-bbec-0732971885a0,-0.4,1.24,-31.36,False,4.05,3142926,"So11111111111111111111111111111111111111112, Dfh5DzRgSvvCFDoYc2ciTkMrbDfRKybA4SoFbPmApump"
kamino-lend,NVDAX,0.01446,0.01446,0,,646abe53-eb33-4dbc-815d-50f571299302,2e-05,-0.00761,-0.01421,False,0,3059711,Xsc9qvGR1efVDFGLrVsmkzv3qi45LTBjeUKSPmx9qEh
raydium-amm,USDG-ONYC,0.1,0.1,0,,92d30c54-b6c6-436d-b93d-c17f09268d0a,0.04,-0.01,-0.02,False,0.16,3040084,"2u1tszSeqZ3qBWF3uNGPFc8TzMk2tdiwknnRMWGWjGWH, 5Y8NV33Vv7WbnLfq3zBcKSdYPrk7g2KoiQoe7M2tcxp5"
orca-dex,USDG-USX,0.04872,0.04872,0,,761e502e-9b40-48e0-b025-8e083b4fdeda,-0.3323,-0.0955,-0.41856,True,0.10669,2997588,"2u1tszSeqZ3qBWF3uNGPFc8TzMk2tdiwknnRMWGWjGWH, 6FrrzDk5mQARGc1TDYoyVnSyRdds1t4PbtohCD6p3tgG"
jupiter-lend,JUPSOL,0,0,0,,e688ddc2-5088-4d59-a15a-dff1adafbf0c,0,0,0,False,0,2961314,jupSoLaHXQiZZTSfEWMTRRgpnyFm8f6sZdosWBjx93v
kamino-lend,STRONGSOL,0,0,0,,dfb9e904-b360-40a2-abd4-056da6c52af0,0,0,0,False,0,2912665,strng7mqqc1MBJJV6vMzYbEqnwVGvKKGKedeCvtktWA
orca-dex,USDY-USDC,0.156,0.156,0,,22f79b01-3ba8-4a75-a12d-615151633875,0.01025,0.12879,0.09854,True,0.39731,2911393,"A1KLoBrKBde8Ty9qtNQUtq3C2ortoC3u7twggz7sEto6, EPjFWdd5AufqSSqeM2qN1xzybapC8G4wEGGkZwyTDt1v"
raydium-amm,POPCAT-WSOL,2.97,2.97,0,,06faada9-ad40-4027-9380-db05f0f3fd53,-1.52,-2.12,-66.47,False,2.44,2858907,"7GCihgDB8fe6KNjn2MYtkzZcRjQy3t9GHdC8uHYmW2hr, So11111111111111111111111111111111111111112"
kamino-lend,QQQX,0.05465,0.05465,0,,c776be75-2fe5-4cd3-b7da-48f60542afdd,-0.00808,-6e-05,-0.02165,False,0,2818261,Xs8S1uUs1zvS2p7iwtsG3b6fkhpvmwz4GYU3gWAmWHZ
raydium-amm,NVDAX-USDC,6.36,6.36,0,,6f7708a9-58d0-4941-a06a-b83e91b06903,-13.23,-3.99,-17.49,False,7.69,2799809,"Xsc9qvGR1efVDFGLrVsmkzv3qi45LTBjeUKSPmx9qEh, EPjFWdd5AufqSSqeM2qN1xzybapC8G4wEGGkZwyTDt1v"
raydium-amm,WSOL-ZEREBRO,8.31,8.31,0,,b7c5a111-447f-4af6-9f18-581591249a76,0.14,1.44,-22.33,False,15.17,2681790,"So11111111111111111111111111111111111111112, 8x5VqbHA8D7NkD52uNuS5nnt3PwA8pLD34ymskeSo2Wn"
kamino-lend,TSLAX,0.01256,0.01256,0,,96566ded-c24c-4fb1-a126-06cf49e0ce86,-0.00025,-0.00068,-0.02872,False,0,2639323,XsDoVfqeBukxuZHWhdvWHBhgEHjGNst4MLodqsJHzoB
kamino-liquidity,JITOSOL-SOL,0.24927,0.24927,0,,d61d8c57-4d50-4642-b3fc-f5943ab44059,0.08709,0.12179,-0.02312,False,0.20259,2597895,"J1toso1uCk3RLmjorhTtrVwY9HJ7X8V9yYac6Y7kGCPn, So11111111111111111111111111111111111111112"
raydium-amm,OUYI-USDT,0,0,0,,a681375e-b5ef-59ad-a75a-d040f8623455,0,0,0,False,0,2594815,"3oUyUNFnu8u84nhwq381Emid2A9sx2HE2JR2GvXLmny7, Es9vMFrzaCERmJfrF4H2FYD4KCoNkY11McCe8BenwNYB"
raydium-amm,CRCLX-USDC,22.61,22.61,0,,2619cf7a-535e-43a6-8163-a0d1265611a6,-59.22,-12.24,-17.5,False,42.6,2562807,"XsueG8BtpquVJX9LVLLEGuViXUungE6WmK5YZ3p3bd1, EPjFWdd5AufqSSqeM2qN1xzybapC8G4wEGGkZwyTDt1v"
gmtrade,XAG-USDC,118.46901,118.46901,0,,88435ce9-aa7c-4b3d-8016-1abf501fd6c7,-20.75998,-11.76383,42.87457,False,0,2554859,EPjFWdd5AufqSSqeM2qN1xzybapC8G4wEGGkZwyTDt1v
raydium-amm,PEPE-USDC,0.26,0.26,0,,f0db8574-f867-543e-866b-8dfbb5aaf92f,0.07,0,0,False,0.14,2551146,"A8GrJxTqxk5Tz8TbHjstMyWs2iHVfNRggvbDE4Xeu51K, EPjFWdd5AufqSSqeM2qN1xzybapC8G4wEGGkZwyTDt1v"
orca-dex,USDG-SYRUPUSDC,0.04824,0.04824,0,,5d6a4eed-10da-4eb6-a6f1-20ca6c2256e5,0.02026,-0.04297,-0.33823,True,0.09542,2529350,"2u1tszSeqZ3qBWF3uNGPFc8TzMk2tdiwknnRMWGWjGWH, AvZZF1YaZDziPY2RCK4oJrRVrbN3mTD9NL24hPeaZeUj"
raydium-amm,WSOL-BAN,5.87,5.87,0,,a24db72d-5c6a-4028-b81e-de1480fa0f81,-1.18,-0.62,-9.89,False,2.9,2525510,"So11111111111111111111111111111111111111112, 9PR7nCP9DpcUotnDPVLUBUZKu5WAYkwrCUx9wDnSpump"
kamino-lend,GOOGLX,0,0,0,,1146ab17-5035-43da-b083-fd18a34de730,0,0,0,False,0,2525396,XsCPL9dNWBMvFtTmwcCA5v3xWPSMEBCszbQdiLLq6aN
kamino-liquidity,USDG-SYRUPUSDC,0,0,0,,ba65f664-1757-4e50-9680-f8353a68958f,0,0,-0.13933,True,0.07849,2522487,"2u1tszSeqZ3qBWF3uNGPFc8TzMk2tdiwknnRMWGWjGWH, AvZZF1YaZDziPY2RCK4oJrRVrbN3mTD9NL24hPeaZeUj"
raydium-amm,WSOL-PNUT,2.59,2.59,0,,8be07d6f-99a3-4643-9256-6f8a0b881508,0.32,-0.18,-5.6,False,1.34,2519469,"So11111111111111111111111111111111111111112, 2qEHjDLDLbuBgRYvsxhc5D6uDWAivNFZGan56P1tpump"
orca-dex,USDG-USDE,1.24727,1.24727,0,,ae8e306b-a55d-48ce-afea-420d177c9272,0.46155,0.77056,1.24635,True,0.83747,2498168,"2u1tszSeqZ3qBWF3uNGPFc8TzMk2tdiwknnRMWGWjGWH, DEkqHyPN7GMRJ5cArtQFAWefqbZb33Hyf6s5iCwjEonT"
raydium-amm,AKE-USDC,0.2,0.2,0,,d9cbf1ad-eba5-5651-8540-e3fe37ca676f,0,0,0,False,0.02,2491626,"A5AiRbvbePLp3EzNiLRFBHysuPFmTAMjg2mTYn1icMD8, EPjFWdd5AufqSSqeM2qN1xzybapC8G4wEGGkZwyTDt1v"
kamino-lend,MSOL,0,0,0,,149bd3a2-1a69-45d1-b815-9211e4ddec3a,0,0,0,False,0,2469134,mSoLzYCxHdYgdzU16g5QSh3i5K3z3KZK7ytfqcJm7So
gmtrade,WTI-USDC,64.29323,64.29323,0,,8c19411c-799c-4840-8dfc-2bd4bce2cc5a,-17.29097,-33.29567,25.01977,False,0,2459163,EPjFWdd5AufqSSqeM2qN1xzybapC8G4wEGGkZwyTDt1v
raydium-amm,QQQX-USDC,4.7,4.7,0,,318d20fb-417b-492f-aeb9-d0709b0d3d58,-4,1.79,-16.08,False,3.3,2447807,"Xs8S1uUs1zvS2p7iwtsG3b6fkhpvmwz4GYU3gWAmWHZ, EPjFWdd5AufqSSqeM2qN1xzybapC8G4wEGGkZwyTDt1v"
kamino-lend,ETH,0.11038,0.11038,0,,1290c9f5-e71c-4152-b3e8-d5f2c120e2e9,0.00053,-0.00456,-2.51701,False,0,2446438,7vfCXTUXx5WJV5JADk17DUJ4ksgau7utNKj4b963voxs
save,USDT,1.4,1.4,0,,7ec9f4ba-803c-4935-97e2-342aa75b4ff4,-0.01,0,-0.01,True,0,2440217,Es9vMFrzaCERmJfrF4H2FYD4KCoNkY11McCe8BenwNYB
raydium-amm,WSOL-BC,6.1,6.1,0,,fef9bde9-fd67-465c-bf52-930d7782e174,0.83,2.52,0.67,False,2.76,2439624,"So11111111111111111111111111111111111111112, BCNT4t3rv5Hva8RnUtJUJLnxzeFAabcYp8CghC1SmWin"
jupiter-lend,WSOL,4.02883,4.02883,0,,57b641d6-4f90-45df-be94-1bd5c7fae6c9,-0.03121,-0.62597,-0.84595,False,0,2435895,So11111111111111111111111111111111111111112
orca-dex,CBBTC-FBTC,0,0,0,,8ed557d7-4ba3-4072-bcf3-e3a5c0172764,-2e-05,0,-0.00147,False,1e-05,2423625,"cbbtcf3aa214zXHbiAZQwf4122FBYbraNdFqgw4iMij, 3orqhCKM5admbcHkHQhRAEKbXhUT5VPgsQqz7fBa6QdF"
raydium-amm,RAY-WSOL,1.87,1.87,0,,0fc97fda-dd12-4f83-afeb-88e6d60f0e4b,-3.43,1.53,-0.41,False,1.54,2404664,"4k3Dyjzvzp8eMZWUXbBCjEvwSkkk59S5iCNLY3QrkX6R, So11111111111111111111111111111111111111112"
gmtrade,SOL-USDC,188.5546,188.5546,0,,496903a9-a931-435f-ac1a-ac934618d1be,-4.05447,79.43393,75.31024,False,0,2397062,EPjFWdd5AufqSSqeM2qN1xzybapC8G4wEGGkZwyTDt1v
invesco-ustb,USTB,3.3172,3.3172,0,,9ad71299-9318-47b3-9a5a-bbe67c5121bf,-0.10946,0.01973,-0.45744,True,3.46545,2350487,CCz3SGVziFeLYk2xfEstkiqJfYkjaSWb2GCABYsVcjo2
raydium-amm,CARDS-USDC,42.24,42.24,0,,593fca5b-1e6c-492e-bb8c-30c5307defb8,-18.84,-18.09,-348.36,False,30.48,2322539,"CARDSccUMFKoPRZxt5vt3ksUbxEFEcnZ3H2pd3dKxYjp, EPjFWdd5AufqSSqeM2qN1xzybapC8G4wEGGkZwyTDt1v"
gmtrade,USDCAD-USDC,58.07838,58.07838,0,,ab5cddbb-e1f9-42fb-909e-62fbbe7dcb7b,13.16315,15.21898,43.78465,True,0,2318115,EPjFWdd5AufqSSqeM2qN1xzybapC8G4wEGGkZwyTDt1v
project-0,LST,0.01436,0.01436,0,,20a0912c-088b-4866-a609-0cfd4a8b8039,1e-05,4e-05,0.00018,False,0,2268856,LSTxxxnJzKDFSLr4dUkPcmCf5VyryEqzPLz5j4bpxFp
save,JSOL,0,0,0,,2271f6e8-46c6-43c6-bde5-5b496cba03df,0,0,0,False,0,2245939,7Q2afV64in6N6SeZsAAB81TJzwDoD6zpqmHkzi9Dcavn
kamino-liquidity,HYUSD-USDC,0.15209,0.15209,0,,e1014444-6a83-4816-a8ac-6f9daca0dc79,-0.15108,-1.14813,-2.36875,True,0.35937,2201619,"5YMkXAYccHSGnHn9nob9xEvv6Pvka9DZWH7nTbotTu9E, EPjFWdd5AufqSSqeM2qN1xzybapC8G4wEGGkZwyTDt1v"
loopscale,USDC,7.06355,6.84153,0.22202,5Y8NV33Vv7WbnLfq3zBcKSdYPrk7g2KoiQoe7M2tcxp5,d4491d92-ae68-4fb6-bde6-12207d1102b6,-0.13909,0.52065,-1.00134,True,0,2194605,EPjFWdd5AufqSSqeM2qN1xzybapC8G4wEGGkZwyTDt1v
orca-dex,SOL-PENGU,3.58288,3.58288,0,,b3414aaf-595d-4bb0-9ff8-78f93d2128fa,0.74297,-10.22066,-4.36498,False,7.04609,2187357,"So11111111111111111111111111111111111111112, 2zMMhcVQEXDtdE6vsFS7S7D5oUodfJHE8vd1gnBouauv"
orca-dex,PYUSD-USDE,0.24001,0.24001,0,,8298e97f-83bf-4bc2-a853-f0735aab802d,-0.07879,0.03178,-0.55247,True,0.58574,2150016,"2b1kV6DkPAnxd5ixfnxCpjxmKwqjjaYmCZfHsFu24GXo, DEkqHyPN7GMRJ5cArtQFAWefqbZb33Hyf6s5iCwjEonT"
raydium-amm,WSOL-MOODENG,2.17,2.17,0,,46f5eec1-26f1-4911-8d91-d627ff756dcd,-0.92,-10.24,-3.07,False,1.93,2123029,"So11111111111111111111111111111111111111112, ED5nyyWEzpPPiWimP8vYm7sD7TD3LAt3Q3gRTWHzPJBY"
raydium-amm,WSOL-ALCH,12.82,12.82,0,,b09355f3-286d-472e-a1dd-4d0170dfb4aa,2.68,-9.27,-12.96,False,6.33,2099049,"So11111111111111111111111111111111111111112, HNg5PYJmtqcmzXrv6S9zP1CDKk5BgDuyFBxbvNApump"
project-0,CGNTSOL,0,0,0,,fdd5952d-3dda-43e3-9f66-73909c92f02b,0,0,0,False,0,2067247,CgnTSoL3DgY9SFHxcLj6CgCgKKoTBr6tp4CPAEWy25DE
kamino-lend,USDC,3.45196,3.45196,0,,62649c90-e61a-4ffc-ba31-3d754b7461fc,-0.43615,0.03383,-0.08361,True,0,2051428,EPjFWdd5AufqSSqeM2qN1xzybapC8G4wEGGkZwyTDt1v
raydium-amm,WSOL-,0.03,0.03,0,,a0b13a03-71c4-4632-bff0-87daecee8320,0,-0.27,-0.6,False,0.07,2047002,"So11111111111111111111111111111111111111112, Hg8bKz4mvs8KNj9zew1cEF9tDw1x2GViB4RFZjVEmfrD"
kamino-liquidity,USDG-XBTC,1.32053,1.32053,0,,6e8b600a-aa3b-402d-a68a-7dec1a097585,-1.34147,-0.67058,-4.94205,False,2.02737,2039588,"2u1tszSeqZ3qBWF3uNGPFc8TzMk2tdiwknnRMWGWjGWH, CtzPWv73Sn1dMGVU3ZtLv9yWSyUAanBni19YWDaznnkn"
orca-dex,USDG-XBTC,0.66965,0.66965,0,,a342ad05-4072-4571-9b37-7f5685a80f8a,-2.40543,-0.76137,-12.86471,False,2.60082,2038624,"2u1tszSeqZ3qBWF3uNGPFc8TzMk2tdiwknnRMWGWjGWH, CtzPWv73Sn1dMGVU3ZtLv9yWSyUAanBni19YWDaznnkn"
kamino-liquidity,USDG-ONYC,0,0,0,,233415e5-e0cf-49b8-8a70-975aaa8689a1,0,-4.38953,0,False,0,2035137,"2u1tszSeqZ3qBWF3uNGPFc8TzMk2tdiwknnRMWGWjGWH, 5Y8NV33Vv7WbnLfq3zBcKSdYPrk7g2KoiQoe7M2tcxp5"
orca-dex,HYUSD-USDC,0.2446,0.2446,0,,e9e0d806-6138-4591-9ba5-6f63848d4345,-0.19978,-1.68874,-4.4438,True,0.46876,2029948,"5YMkXAYccHSGnHn9nob9xEvv6Pvka9DZWH7nTbotTu9E, EPjFWdd5AufqSSqeM2qN1xzybapC8G4wEGGkZwyTDt1v"
jupiter-lend,JITOSOL,0,0,0,,a3815981-152f-4ea2-9167-d0aaf407b128,0,0,0,False,0,2026312,J1toso1uCk3RLmjorhTtrVwY9HJ7X8V9yYac6Y7kGCPn
raydium-amm,WSOL-THEROS,0.15,0.15,0,,9df1d4aa-a80e-4c3c-842b-26361fb0f6cd,0.01,-0.01,0,False,0.09,2016116,"So11111111111111111111111111111111111111112, 2UfBjNeDwzZsoUnr3hNKF4vkzAgiGmBNYCAxLq72cPa2"
kamino-liquidity,USDG-USX,0,0,0,,8715b764-ee48-40b2-b69b-cd4e90c9d392,0,0,0,True,0,2003075,"2u1tszSeqZ3qBWF3uNGPFc8TzMk2tdiwknnRMWGWjGWH, 6FrrzDk5mQARGc1TDYoyVnSyRdds1t4PbtohCD6p3tgG"
raydium-amm,SPYX-USDC,1.23,1.23,0,,5ccd0074-df46-49d8-8f6d-de221b60672c,-1.57,-0.45,-10.85,False,1.31,1967475,"XsoCS1TfEyfFhfvj8EtZ528L3CaKBDBRqRapnBbDF2W, EPjFWdd5AufqSSqeM2qN1xzybapC8G4wEGGkZwyTDt1v"
jupiter-lend,JUPSOL,0,0,0,,ae0a4689-ee25-4428-9d56-8ed0bf4277d9,0,0,0,False,0,1967130,jupSoLaHXQiZZTSfEWMTRRgpnyFm8f6sZdosWBjx93v
save,CBBTC,0.17,0.17,0,,e8240a64-054e-40bd-8ead-e4dfcae30b3b,0,0.01,-0.01,False,0,1965966,cbbtcf3aa214zXHbiAZQwf4122FBYbraNdFqgw4iMij
hastra,WYLDS,3.29,3.29,0,,2218b935-52b4-496b-9fb2-a59116503cf1,0,0.02,0.02,True,0,1964567,8fr7WGTVFszfyNWRMXj6fRjZZAnDwmXwEpCrtzmUkdih
jupiter-lend,WSOL,4.02883,4.02883,0,,b7544530-9b62-470d-b2d2-ed08f4383200,-0.03121,-0.62597,-0.84595,False,0,1936097,So11111111111111111111111111111111111111112
kamino-lend,PT-ONYC-10SEP26,0,0,0,,9a59afeb-628a-4aa7-a259-71b01d27e2fb,0,0,0,False,0,1922504,2W5zZccVq8AMdrg7P4b3NvBKJyzbdnytRy2CKEDHvhiJ
raydium-amm,MANEKI-WSOL,0.08,0.08,0,,75f2465b-aae7-4e6d-a075-59312f639394,-0.05,-0.1,-0.2,False,0.09,1908619,"25hAyBQfoDhfWx9ay6rarbgvWGwDdNqcHsXS3jQ3mTDJ, So11111111111111111111111111111111111111112"
kamino-lend,JLP,0,0,0,,d1be45d6-eafe-4de5-9541-ca3340e8e234,0,0,0,False,0,1895384,27G8MtK7VtTcCHkpASjSDdkWWYfoqT6ggEuKidVJidD4
project-0,JUPSOL,0.00281,0.00281,0,,6b768bcd-072b-4c19-aeec-4203ec62264b,-0.00025,-0.0043,0.00232,False,0,1880450,jupSoLaHXQiZZTSfEWMTRRgpnyFm8f6sZdosWBjx93v
raydium-amm,TSLAX-USDC,21.24,21.24,0,,314c6cb3-b2d1-4262-9b16-1c1db245b262,-39.9,15.33,-7.26,False,15.36,1847288,"XsDoVfqeBukxuZHWhdvWHBhgEHjGNst4MLodqsJHzoB, EPjFWdd5AufqSSqeM2qN1xzybapC8G4wEGGkZwyTDt1v"
gmtrade,BTC-USDC,213.94261,213.94261,0,,3e6c799e-d07e-45f5-9854-9f0c18fe7646,-2.37136,110.25917,126.50486,False,0,1813860,EPjFWdd5AufqSSqeM2qN1xzybapC8G4wEGGkZwyTDt1v
jupiter-lend,JUP,0,0,0,,9d551b2a-a01c-4c9b-adc1-071e7acf753f,0,0,0,False,0,1775799,JUPyiwrYJFskUPiHa7hkeR8VUtAeFoSYbKedZNsDvCN
raydium-amm,WSOL-USELESS,22.72,22.72,0,,99d4b1c8-9e7b-45d7-8603-260d9846866c,10.35,-6.69,-2.41,False,11.97,1759604,"So11111111111111111111111111111111111111112, Dz9mQ9NzkBcCsuGPFJ3r1bS4wgqKMHBPiVuniW8Mbonk"
raydium-amm,AKE-USDC,0.32,0.32,0,,d0365782-6227-50f0-849e-08b51959590f,0.03,0,0,False,0.06,1751821,"5fREHnXar6rZZDeSGeQ8NZCQRgqKNWzDyxnCwBQwzzkq, EPjFWdd5AufqSSqeM2qN1xzybapC8G4wEGGkZwyTDt1v"
jupiter-lend,SPYX,2.02008,2.02008,0,,f70ced93-ac20-4619-a86a-834cae2f9a46,0,0,0,False,0,1743163,XsoCS1TfEyfFhfvj8EtZ528L3CaKBDBRqRapnBbDF2W
kamino-liquidity,PST-USDC,0,0,0,,93c0c806-6d48-4899-bc63-4505e4ffcd15,-0.26151,-0.7844,-0.65258,False,0.20284,1711404,"59obFNBzyTBGowrkif5uK7ojS58vsuWz3ZCvg6tfZAGw, EPjFWdd5AufqSSqeM2qN1xzybapC8G4wEGGkZwyTDt1v"
gmtrade,USDJPY-USDC,61.25715,61.25715,0,,852b494e-a92c-4e87-94c8-ea4f498d9463,-10.96529,21.66801,23.9255,False,0,1699195,EPjFWdd5AufqSSqeM2qN1xzybapC8G4wEGGkZwyTDt1v
raydium-amm,WSOL-JITOSOL,0.32,0.32,0,,ce89c76d-e6d5-4de0-9706-df3f33d309c7,-0.4,-0.13,-0.65,False,0.33,1694877,"So11111111111111111111111111111111111111112, J1toso1uCk3RLmjorhTtrVwY9HJ7X8V9yYac6Y7kGCPn"
gmtrade,USDMXN-USDC,80.86208,80.86208,0,,0c99a34a-15b7-4ac4-bb35-3bc1f7acb7d4,-9.88722,33.03801,39.11962,True,0,1683265,EPjFWdd5AufqSSqeM2qN1xzybapC8G4wEGGkZwyTDt1v
raydium-amm,AKE-USDC,0.02,0.02,0,,4de927e0-5a8c-5b9d-989f-c74225bccec5,0,0,0,False,0,1677781,"3GEpzFH8exZQDykmrogH4hmw189Lndk8UQjhLaacVaXx, EPjFWdd5AufqSSqeM2qN1xzybapC8G4wEGGkZwyTDt1v"
raydium-amm,CRCLX-USDC,3.47,3.47,0,,e480f2c3-9422-441c-8901-9c32ab359447,-6.26,-1.54,-23.97,False,5.64,1673218,"XsueG8BtpquVJX9LVLLEGuViXUungE6WmK5YZ3p3bd1, EPjFWdd5AufqSSqeM2qN1xzybapC8G4wEGGkZwyTDt1v"
gmtrade,GBP-USDC,74.94862,74.94862,0,,ebacb759-c8a7-4d4f-8b4d-f61961dfdf8d,-5.59857,12.37329,35.7682,False,0,1662820,EPjFWdd5AufqSSqeM2qN1xzybapC8G4wEGGkZwyTDt1v
raydium-amm,AKE-USDC,0.07,0.07,0,,1dc1abbe-2e09-546d-ab21-55827ceaeb5b,0,0,0,False,0.01,1662143,"8WDCfpuY6fZWPzdGdq4xDQ5Urpc7L54UgpRu8fMRWuyN, EPjFWdd5AufqSSqeM2qN1xzybapC8G4wEGGkZwyTDt1v"
allbridge-classic,USDT,0.0753,0.0753,0,,d35163a5-40cc-4206-8487-0085055d44be,-0.00154,0.04911,0.07037,True,0,1656851,Es9vMFrzaCERmJfrF4H2FYD4KCoNkY11McCe8BenwNYB
raydium-amm,AKE-USDC,0.72,0.72,0,,5da34851-34bc-56c7-9448-a69c6767fc2a,0,0,0,False,0.1,1653646,"5pEHsmfXxc5oEWVeLhnZd7MijRGiqbdD4p6KzGBU8Grh, EPjFWdd5AufqSSqeM2qN1xzybapC8G4wEGGkZwyTDt1v"
jupiter-lend,DFDVSOL,0,0,0,,fb68b7f8-6140-4fff-8656-47a50accce2b,0,0,0,False,0,1644399,sctmB7GPi5L2Q5G9tUSzXvhZ4YiDMEGcRov9KfArQpx
raydium-amm,WSOL-ECR,0.97,0.97,0,,c0e0fbb1-802c-45a3-9b58-3a4f99703e1b,-2.38,0.41,0,False,0.68,1617101,"So11111111111111111111111111111111111111112, FLowDnsiwYzFQRziTbg4ojLEPWiFXqB9TXu8GVGuChyg"
raydium-amm,SPX-WSOL,7.34,7.34,0,,e7187b64-b5f9-43cb-a2be-c101b72873bc,0.45,-0.25,-14.73,False,5.21,1606755,"J3NKxxXZcnNiMjKw9hYb2K4LUxgwB6t1FtPtQVsv3KFr, So11111111111111111111111111111111111111112"
kamino-lend,CGNTSOL,0,0,0,,019b43fe-bcaf-4336-ad9d-5f1dcebf03cb,0,0,0,False,0,1596491,CgnTSoL3DgY9SFHxcLj6CgCgKKoTBr6tp4CPAEWy25DE
raydium-amm,AKE-USDC,0.73,0.73,0,,38cc5033-dd56-571b-9fef-d9132e1e9603,0,0,0,False,0.09,1586264,"EDKq3dhQ9FAKvxaV1ty1ZB2dJeGXiRxpxTMx59dP5dT7, EPjFWdd5AufqSSqeM2qN1xzybapC8G4wEGGkZwyTDt1v"
raydium-amm,USDC-BIRB,0.48,0.48,0,,e65da47e-838a-4247-b01e-60b8bd9bdc1a,-0.17,-1.93,-0.47,False,0.49,1560690,"EPjFWdd5AufqSSqeM2qN1xzybapC8G4wEGGkZwyTDt1v, G7vQWurMkMMm2dU3iZpXYFTHT9Biio4F4gZCrwFpKNwG"
kamino-lend,RKUSOL,0,0,0,,81d7a3f7-c9ab-48dc-80a4-9aabcc5800ec,0,0,0,False,0,1559254,rkubjTrZYioRSeXwDnhwGQzvW3qkcin72JSxUt3WMVp
gmtrade,AUD-USDC,83.07744,83.07744,0,,89a32356-56ea-4287-a6f4-f866d1ad9f13,-5.29623,38.69313,48.69544,False,0,1552342,EPjFWdd5AufqSSqeM2qN1xzybapC8G4wEGGkZwyTDt1v
raydium-amm,MPLX-WSOL,4.22,4.22,0,,9ddc1804-8adf-42a8-bc45-8d34bcc5c4ca,1.69,0.96,2.11,False,1.72,1535310,"METAewgxyPbgwsseH8T16a39CQ5VyVxZi9zXiDPY18m, So11111111111111111111111111111111111111112"
orca-dex,JLP-USDC,1.34998,1.34998,0,,99306789-b083-4668-86da-4cedb1c9bfef,-3.91346,-0.61386,-17.7401,False,5.74335,1530563,"27G8MtK7VtTcCHkpASjSDdkWWYfoqT6ggEuKidVJidD4, EPjFWdd5AufqSSqeM2qN1xzybapC8G4wEGGkZwyTDt1v"
orca-dex,JTO-JITOSOL,13.05801,13.05801,0,,cc5c8175-bdfa-442f-870b-6f2cdec94854,-7.38817,1.22585,-29.81425,False,25.26572,1525529,"jtojtomepa8beP8AuQc6eXt5FriJwfFMwQx2v2f9mCL, J1toso1uCk3RLmjorhTtrVwY9HJ7X8V9yYac6Y7kGCPn"
raydium-amm,AKE-USDC,0.37,0.37,0,,ff30c4e0-3132-5640-b8bd-06110c7acd71,0,0,0,False,0.03,1523734,"AMDUekaNNABSefprs9gzeRK22nxL26N2fSKzwZPLMmvB, EPjFWdd5AufqSSqeM2qN1xzybapC8G4wEGGkZwyTDt1v"
kamino-liquidity,SOL-JITOSOL,0.22725,0.22725,0,,fdcccd6a-a491-4c30-8024-5677bd3f0993,-0.36504,0.05062,-0.65573,False,0.46168,1512703,"So11111111111111111111111111111111111111112, J1toso1uCk3RLmjorhTtrVwY9HJ7X8V9yYac6Y7kGCPn"
kamino-lend,PYUSD,4.91996,4.91996,0,,4decb8fb-be56-48ce-9c61-47a554d248e8,-0.01387,0.05388,0.9393,True,0,1511175,2b1kV6DkPAnxd5ixfnxCpjxmKwqjjaYmCZfHsFu24GXo
kamino-liquidity,MPLX-SOL,0,0,0,,81145e15-5eee-437e-9d72-a61932ce35c0,0,0,0,False,0,1510376,"METAewgxyPbgwsseH8T16a39CQ5VyVxZi9zXiDPY18m, So11111111111111111111111111111111111111112"
pico-staked-sol,PICOSOL,5.60845,5.60845,0,,924e2834-3086-439e-b10d-8b55e1acaa29,-0.00126,-0.00951,-0.81686,False,0,1509361,So11111111111111111111111111111111111111112
raydium-amm,AKE-USDC,0.08,0.08,0,,5ec077a1-f01b-5d58-9fbb-64896bf4cb21,0,0,0,False,0.01,1506130,"E4Qbd44nLYtEG1b7tnKKUyqjFi9dra6Vyzzhe8As6F9o, EPjFWdd5AufqSSqeM2qN1xzybapC8G4wEGGkZwyTDt1v"
raydium-amm,ADAᅠ-USDT,0.01,0.01,0,,a94131c3-e9b6-56c0-9b2b-603d86b154a1,0,0,0,False,0,1493292,"3bRWffu8F9mMg8LBYR5FNppRkCho4UEHT1iotPPNYqiW, Es9vMFrzaCERmJfrF4H2FYD4KCoNkY11McCe8BenwNYB"
loopscale,USDC,4.96542,4.96542,0,,432cb0b0-7087-4a4e-94e9-6c8092c05539,-0.0462,-0.16303,-0.8794,True,0,1471418,EPjFWdd5AufqSSqeM2qN1xzybapC8G4wEGGkZwyTDt1v
jupiter-lend,LBTC,0,0,0,,33fa26f6-c6d4-4e0c-a1ed-197eb44dee96,0,0,0,False,0,1449996,LBTCgU4b3wsFKsPwBn1rRZDx5DoFutM6RPiEt1TPDsY
jupiter-lend,WSOL,4.02883,4.02883,0,,f315d401-2271-4134-a470-3eb872a596af,-0.03121,-0.62597,-0.84595,False,0,1436912,So11111111111111111111111111111111111111112
orca-dex,SOL-PSOL,0.31613,0.31613,0,,f77695be-107f-40d3-9414-f718c459f225,0.18828,0.12026,0.20913,False,0.22882,1423588,"So11111111111111111111111111111111111111112, pSo1f9nQXWgXibFtKf7NWYxb5enAM4qfP6UJSiXRQfL"
raydium-amm,AKE-USDC,0.47,0.47,0,,abade9eb-fa80-5039-b4d5-c805ba5dde65,0,0,0,False,0.08,1416070,"3PvcJhDncETeZgh79rcFVeisdeYsczC9pb6CQ9FvqZ6r, EPjFWdd5AufqSSqeM2qN1xzybapC8G4wEGGkZwyTDt1v"
jupiter-lend,QQQX,2.02008,2.02008,0,,00bae807-a7dc-4fb5-995d-b579f0eb1455,0,0,0,False,0,1400330,Xs8S1uUs1zvS2p7iwtsG3b6fkhpvmwz4GYU3gWAmWHZ
gmtrade,USDCHF-USDC,93.20186,93.20186,0,,7013e916-6e62-4132-acef-53920e643693,-13.46767,31.4086,54.57392,True,0,1394323,EPjFWdd5AufqSSqeM2qN1xzybapC8G4wEGGkZwyTDt1v
jupiter-lend,JLP,0,0,0,,f03df994-81f5-468d-9f65-6866c91590ce,0,0,0,False,0,1392367,27G8MtK7VtTcCHkpASjSDdkWWYfoqT6ggEuKidVJidD4
save,JUPSOL,0,0,0,,7cb86e13-da5a-44a8-8ad4-be52fdeada68,0,0,0,False,0,1387681,jupSoLaHXQiZZTSfEWMTRRgpnyFm8f6sZdosWBjx93v
tramplin.io,SOL,3.47684,3.47684,0,,7d1c32db-276c-4f72-9e32-c325e4def8e4,0.01871,0.22562,-0.04687,False,0,1381670,So11111111111111111111111111111111111111112
raydium-amm,WSOL-VINE,7.97,7.97,0,,470dd76d-850f-49db-861a-0f675735ec57,-0.15,1.81,-14.47,False,6.36,1368696,"So11111111111111111111111111111111111111112, 6AJcP7wuLwmRYLBNbi825wgguaPsWzPBEHcHndpRpump"
gmtrade,ETH-USDC,209.35914,209.35914,0,,219f98b1-ce4a-4d73-8887-2c13025ed868,-5.88751,89.25606,133.92251,False,0,1366619,EPjFWdd5AufqSSqeM2qN1xzybapC8G4wEGGkZwyTDt1v
orca-dex,SOL-HYPE,39.76424,39.76424,0,,8c53e65a-ca01-4b5c-88ab-3914ea425a78,-29.98985,-6.29936,-156.5822,False,48.84009,1355374,"So11111111111111111111111111111111111111112, 98sMhvDwXj1RQi5c5Mndm3vPe9cBqPrbLaufMXFNMh5g"
kamino-lend,SOL,4.26031,4.26031,0,,8b490ecc-e4db-427d-adfb-18be6146a07c,0.9649,-1.02715,0.79616,False,0,1352163,So11111111111111111111111111111111111111112
raydium-amm,GIGA-WSOL,17.98,17.98,0,,10a72779-843e-4491-a9f6-7bc81e452193,9.55,2.08,-2.35,False,6.18,1307991,"63LfDmNb3MQ8mw9MtZ2To9bEA2M71kZUUGq5tiJxcqj9, So11111111111111111111111111111111111111112"
jupiter-lend,JUPSOL,0,0,0,,b48cf654-f91e-4535-b507-be679d38850b,0,0,0,False,0,1300971,jupSoLaHXQiZZTSfEWMTRRgpnyFm8f6sZdosWBjx93v
kamino-lend,USDC,1.36085,1.36085,0,,be594f62-06b5-4545-b062-8c8c08c4c0d2,3e-05,-0.02978,-1.11368,True,0,1295482,EPjFWdd5AufqSSqeM2qN1xzybapC8G4wEGGkZwyTDt1v
lantern-staked-sol,LANTERNSOL,6.13385,6.13385,0,,3acae3f1-94fe-4a48-a4bf-5669e06dc259,-0.0628,-0.03328,0.20791,True,0,1293453,So11111111111111111111111111111111111111112
gmtrade,EUR-USDC,56.16907,56.16907,0,,9503cfc7-5b20-4c77-bc16-df72263bd907,-10.48517,-14.93133,5.81313,True,0,1288939,EPjFWdd5AufqSSqeM2qN1xzybapC8G4wEGGkZwyTDt1v
raydium-amm,WSOL-USDT,11.24,11.24,0,,36439c60-452b-434f-8c62-651060e7dd55,-7.66,-2.58,-11.81,False,10.56,1278333,"So11111111111111111111111111111111111111112, Es9vMFrzaCERmJfrF4H2FYD4KCoNkY11McCe8BenwNYB"
kamino-liquidity,JTO-JITOSOL,7.19153,7.19153,0,,059175e4-9cc8-4703-944f-b54ecaf02f00,-7.162,-1.92493,-17.68481,False,14.38737,1268649,"jtojtomepa8beP8AuQc6eXt5FriJwfFMwQx2v2f9mCL, J1toso1uCk3RLmjorhTtrVwY9HJ7X8V9yYac6Y7kGCPn"
raydium-amm,WSOL-WOULD,0.92,0.92,0,,71b80fb4-50bc-4e0a-b01f-f60cb59fb859,0.55,0.45,-1.8,False,0.28,1257190,"So11111111111111111111111111111111111111112, J1Wpmugrooj1yMyQKrdZ2vwRXG5rhfx3vTnYE39gpump"
loopscale,USDG,3.50568,3.50568,0,,4fe0028e-6173-4b3f-8afd-294dbd7598b9,0.00014,-0.39414,-1.01912,True,0,1254008,2u1tszSeqZ3qBWF3uNGPFc8TzMk2tdiwknnRMWGWjGWH
orca-dex,USDC-USDT,2.78659,2.78659,0,,6aa870e3-1950-4344-ab24-3543a10418c5,-0.32653,-11.67978,-3.08964,True,3.79989,1217767,"EPjFWdd5AufqSSqeM2qN1xzybapC8G4wEGGkZwyTDt1v, Es9vMFrzaCERmJfrF4H2FYD4KCoNkY11McCe8BenwNYB"
raydium-amm,WSOL-GRIFFAIN,8.96,8.96,0,,9299b1ab-2c25-4032-bc90-f6f620373e0b,2.96,1.6,0.45,False,3.23,1193906,"So11111111111111111111111111111111111111112, KENJSUYLASHUMfHyy5o4Hp2FdNqZg1AsUPhfH2kYvEP"
project-0,WBTC,0.17435,0.17435,0,,f1bb1380-6aca-456e-ad20-349463ccfb4b,-0.00061,0.00265,0.00415,False,0,1190760,3NZ9JMVBmGAqocybic2c7LQCJScmgsAZ6vQqTDzcqmJh
raydium-amm,WSOL-UFD,2.61,2.61,0,,ce002fb5-1b0e-4a72-af43-a800228e83e8,0.85,1.2,-7.1,False,1.17,1188536,"So11111111111111111111111111111111111111112, eL5fUxj2J4CiQsmW85k5FG9DvuQjjUoBHoQBi2Kpump"
orca-dex,CBBTC-WBTC,0.4013,0.4013,0,,42dc3364-dd6b-47e7-a2e3-f4907bb3b5d2,-1.11799,-0.38287,-8.6042,False,2.23981,1169783,"cbbtcf3aa214zXHbiAZQwf4122FBYbraNdFqgw4iMij, 3NZ9JMVBmGAqocybic2c7LQCJScmgsAZ6vQqTDzcqmJh"
raydium-amm,WSOL-CHILLGUY,53.37,53.37,0,,1e958818-9a22-46b0-8567-12cb34fb4eb1,46.09,46.82,45.12,False,10.27,1164959,"So11111111111111111111111111111111111111112, Df6yfrKC8kZE3KNkrHERKzAetSxbrWeniQfyJY4Jpump"
kamino-lend,MSTRX,0,0,0,,9030e8a7-9223-48d6-93ae-f2e3082ffbbf,0,0,0,False,0,1157529,XsP7xzNPvEHS1m6qfanPUGjNmdnmsLKEoNAnHjdxxyZ
raydium-amm,USDC-BOO!,0.323,0.09,0.233,FnVo7TU1hZP5hYznymxSVUWXN8SLeX9MK92MRa1CPXfq,63f3be7b-1be0-5f8f-bfa8-886296e7c0a4,0,0,0,False,0.02,1154223,"EPjFWdd5AufqSSqeM2qN1xzybapC8G4wEGGkZwyTDt1v, FnVo7TU1hZP5hYznymxSVUWXN8SLeX9MK92MRa1CPXfq"
raydium-amm,WSOL-GOAT,3.71,3.71,0,,f840ec7e-3d8c-40ea-b761-66515f8f17b9,-0.93,-1.7,-3.13,False,2.87,1153379,"So11111111111111111111111111111111111111112, CzLSujWBLFsSjncfkh59rUFqvafWcY5tzedWJSuypump"
project-0,JTO,0.02356,0.02356,0,,168aeeff-71df-47ef-83b8-62701e813305,0.00016,0.00066,0.00157,False,0,1139588,jtojtomepa8beP8AuQc6eXt5FriJwfFMwQx2v2f9mCL
raydium-amm,WSOL-AURA,2.27,2.27,0,,c2f18cd1-e4e6-4ecd-aec5-e078505c69e7,-1.38,-4.71,-5.58,False,2.76,1138352,"So11111111111111111111111111111111111111112, DtR4D9FtVoTX2569gaL837ZgrB6wNjj6tkmnX9Rdk9B2"
kamino-lend,LANTERNSOL,0,0,0,,37eafe79-0c75-4f95-8daa-3985e7958fe7,0,0,0,True,0,1137958,LnTRntk2kTfWEY6cVB8K9649pgJbt6dJLS1Ns1GZCWg
raydium-amm,XRP-USDC,0.32,0.32,0,,06a72d18-1db3-4ace-8c86-c8ed4c45884d,0.12,0.25,0.12,False,0.14,1133822,"Wy4hiznF7n8sR64mUxSijWZawxTWzM27aEpYBsNt4W5, EPjFWdd5AufqSSqeM2qN1xzybapC8G4wEGGkZwyTDt1v"
raydium-amm,PONKE-WSOL,3.8,3.8,0,,ac66514d-8133-45a3-b317-2a2ae2ecd82e,-1.64,-2.33,-1.09,False,1.64,1129372,"5z3EqYQo9HiCEs3R84RCDMu2n7anpDMxRhdK8PSWmrRC, So11111111111111111111111111111111111111112"
raydium-amm,WSOL-SWARMS,11.54,11.54,0,,25cb3610-4aae-43dc-8773-fe13bdec9eb2,-3.42,0.76,-8.93,False,6.86,1125404,"So11111111111111111111111111111111111111112, 74SBV4zDXxTRgv1pEMoECskKBkZHc2yGPnc7GYVepump"
raydium-amm,WSOL-ACT,10.29,10.29,0,,804a0c7b-7eb7-4b75-b066-4c568704fefe,2.48,3.94,-0.06,False,5.66,1124886,"So11111111111111111111111111111111111111112, GJAFwWjJ3vnTsrQVabjBVK2TYB1YtRCQXRDfDgUnpump"
kamino-lend,INF,0,0,0,,7c4c667b-6e65-4c26-981d-95452619a96a,0,0,0,False,0,1112843,5oVNBeEEQvYi1cX3ir8Dx5n1P7pdxydbGF2X4TxVusJm
raydium-amm,USDT-ꓓΟGE,0.37,0.37,0,,d5ecded0-feae-58c4-9d32-472736d214ca,0,0.04,0,False,0.03,1091030,"Es9vMFrzaCERmJfrF4H2FYD4KCoNkY11McCe8BenwNYB, HEE3WZieymNMALJ6ySq8zEDZuj1bSj6ud3ohL4zNtLFd"
kamino-liquidity,KMNO-USDC,0,0,0,,396b18a3-8121-4e89-bfec-4cff488ebe1c,0,0,-1.67151,False,0,1086661,"KMNo3nJsBXfcpJTVhZcXLW7RmTwTt4GVFE7suUBo9sS, EPjFWdd5AufqSSqeM2qN1xzybapC8G4wEGGkZwyTDt1v"
orca-dex,KMNO-USDC,0.0159,0.0159,0,,655490fe-d1d9-43b2-9e18-5aa12a046e71,-0.00766,-0.09562,-2.54034,False,0.07599,1085818,"KMNo3nJsBXfcpJTVhZcXLW7RmTwTt4GVFE7suUBo9sS, EPjFWdd5AufqSSqeM2qN1xzybapC8G4wEGGkZwyTDt1v"
raydium-amm,WSOL-RAY,8.69,8.69,0,,8161ea57-0353-485d-9ebd-c43ba4fbc7ae,-9.96,1.54,-14.13,False,9.65,1083263,"So11111111111111111111111111111111111111112, 4k3Dyjzvzp8eMZWUXbBCjEvwSkkk59S5iCNLY3QrkX6R"
jupiter-lend,SYRUPUSDC,0,0,0,,f22d2f92-347c-4be4-89e8-5b8735853d96,0,0,0,True,0,1082249,AvZZF1YaZDziPY2RCK4oJrRVrbN3mTD9NL24hPeaZeUj
raydium-amm,WSOL-FWOG,6.2,6.2,0,,f4b95102-0632-4d7f-899c-65b9b941590c,1.05,4.81,-0.73,False,2.83,1077504,"So11111111111111111111111111111111111111112, A8C3xuqscfmyLrte3VmTqrAq8kgMASius9AFNANwpump"
kamino-lend,USDT,3.96555,3.96555,0,,546b3c0c-138d-4190-b46b-efa1765f1dd3,-0.16234,-0.05266,0.47265,True,0,1059001,Es9vMFrzaCERmJfrF4H2FYD4KCoNkY11McCe8BenwNYB
raydium-amm,TRUEX-USDC,1.32,1.32,0,,efc2e25c-3b25-4b44-889e-56a7f44e56d3,-0.16,0,-0.74,False,0.84,1057537,"CucxvPpWtprW28pE8SxGknVMuTiCAS21DQLftLxQCZKz, EPjFWdd5AufqSSqeM2qN1xzybapC8G4wEGGkZwyTDt1v"
kamino-lend,PT-RKUSOL-31OCT26,0,0,0,,0fc104fe-d8ce-442e-870d-6153ecf9ed76,0,0,0,False,0,1049285,58XmRhDKVsCEt6dD3zxqHth8uzMY8BHhEyeAiUa5UPw9
project-0,BONK,0.00058,0.00058,0,,f3f68d42-9e1c-4c7c-b01c-bf35e1ac757f,0,3e-05,0.00041,False,0,1046622,DezXAZ8z7PnrnRJjz3wXBoRgixCa6xjnB7YaB1pPB263
raydium-amm,WSOL-USDT,27.88,27.88,0,,cdd04383-21ea-45d1-94d6-295e58100559,-5.09,-4.37,-18.11,False,18.34,1038615,"So11111111111111111111111111111111111111112, Es9vMFrzaCERmJfrF4H2FYD4KCoNkY11McCe8BenwNYB"
raydium-amm,USX-USDC,0.5,0.5,0,,89101a75-3f6d-4093-bfdc-187a19cae15c,-0.85,0.38,0.16,True,0.14,1028814,"6FrrzDk5mQARGc1TDYoyVnSyRdds1t4PbtohCD6p3tgG, EPjFWdd5AufqSSqeM2qN1xzybapC8G4wEGGkZwyTDt1v"
orca-dex,SOL-WBTC,6.00335,6.00335,0,,ab47588f-831d-489b-9520-095663bbea59,-3.29627,-0.27904,-39.42747,False,10.59547,1017526,"So11111111111111111111111111111111111111112, 3NZ9JMVBmGAqocybic2c7LQCJScmgsAZ6vQqTDzcqmJh"
kyros,KYJTO,1.03735,1.03735,0,,aaa2c1f0-2651-4261-8efb-9090a37fe091,0,-0.12442,-0.20623,False,0,1015491,jtojtomepa8beP8AuQc6eXt5FriJwfFMwQx2v2f9mCL
gmtrade,NZD-USDC,80.03148,80.03148,0,,399d9968-ff94-47fd-83ee-2a9852e0a9a6,-3.7108,38.7127,47.67648,False,0,996610,EPjFWdd5AufqSSqeM2qN1xzybapC8G4wEGGkZwyTDt1v
raydium-amm,WSOL-AVA,30.61,30.61,0,,4ad29d1d-ff76-48fb-ba0e-a88dfd71f3e0,4.54,-142.95,7.09,False,52.61,974451,"So11111111111111111111111111111111111111112, DKu9kykSfbN5LBfFXtNNDPaX35o4Fv6vJ9FKk7pZpump"
orca-dex,SOL-JLP,2.07247,2.07247,0,,78028d3d-d3f5-4917-afb2-29abed034057,-3.69548,-2.71421,-31.79818,False,8.5654,974412,"So11111111111111111111111111111111111111112, 27G8MtK7VtTcCHkpASjSDdkWWYfoqT6ggEuKidVJidD4"
jupiter-lend,CBBTC,0,0,0,,3e3fad69-e208-4d7c-b539-197d10e2373e,0,0,0,False,0,972504,cbbtcf3aa214zXHbiAZQwf4122FBYbraNdFqgw4iMij
kamino-lend,USDG,7.91857,7.91857,0,,d43d4478-f785-41ab-9bd0-6d48f75c84a1,0.3195,-0.63468,-0.66658,True,0,955856,2u1tszSeqZ3qBWF3uNGPFc8TzMk2tdiwknnRMWGWjGWH
raydium-amm,RAY-USDT,3.35,3.35,0,,3fe5a196-8a15-4f74-ba76-6625f7985773,-5.57,1.69,-7.14,False,2.53,938248,"4k3Dyjzvzp8eMZWUXbBCjEvwSkkk59S5iCNLY3QrkX6R, Es9vMFrzaCERmJfrF4H2FYD4KCoNkY11McCe8BenwNYB"
kamino-lend,USDC,3.81277,3.81277,0,,571311bf-7da7-4f3c-b181-43119070bffc,0.02079,-0.10675,-0.41593,True,0,921841,EPjFWdd5AufqSSqeM2qN1xzybapC8G4wEGGkZwyTDt1v
raydium-amm,TSLAX-USDC,9.04,9.04,0,,37cd8913-83bd-4d9d-a28b-b354ee1743b4,-20.23,3.35,-34.58,False,10.03,919341,"XsDoVfqeBukxuZHWhdvWHBhgEHjGNst4MLodqsJHzoB, EPjFWdd5AufqSSqeM2qN1xzybapC8G4wEGGkZwyTDt1v"
laine-sol,LAINESOL,4.72284,4.72284,0,,e04a81c8-b419-4088-aff2-636076299fc9,-0.04159,-0.01575,-0.02615,False,0,909532,So11111111111111111111111111111111111111112
raydium-amm,GME-WSOL,1.11,1.11,0,,80074ed7-393e-4416-b5c6-e761cf285169,-1.34,0.24,-2.25,False,1.32,902706,"8wXtPeU6557ETkp9WHFY1n1EcU6NxDvbAggHGsMYiHsB, So11111111111111111111111111111111111111112"
project-0,USDC,4.43636,4.43636,0,,696684da-0982-4270-b7b7-bd9cd9c65687,-0.19795,-0.10675,-1.00802,True,0,900425,EPjFWdd5AufqSSqeM2qN1xzybapC8G4wEGGkZwyTDt1v
kamino-liquidity,USDS-USDC,0.03052,0.03052,0,,5c2f9476-1fea-4884-b6b5-edcbab442f45,0.01732,-0.01978,0.00342,True,0.10159,888821,"USDSwr9ApdHk5bvJKMjzff41FfuX8bSxdKcR81vTwcA, EPjFWdd5AufqSSqeM2qN1xzybapC8G4wEGGkZwyTDt1v"
openeden-usdo,CUSDO,3.08645,3.08645,0,,12169161-7815-4160-bd77-a4202cf7c2c1,-0.00026,-0.00183,-0.00785,True,3.08802,865129,BnANu5CtUogLqcvBNByJuwaRvRxNtVuDcAytwjsUUtqs
raydium-amm,WSOL-PYTHIA,18.22,18.22,0,,de8f3155-c7e9-4d5f-8497-dc83f4e683be,6.03,-0.2,16.42,False,8.84,857048,"So11111111111111111111111111111111111111112, CreiuhfwdWCN5mJbMJtA9bBpYQrQF2tCBuZwSPWfpump"
raydium-amm,WSOL-PRIZE,0.04,0.04,0,,8526d872-2e67-4f2b-bbfd-2b47263d30cf,-0.14,0,-0.07,False,0.18,854670,"So11111111111111111111111111111111111111112, 9DPToU6fkfE49vM7LqjjtK6BFfKKuAVrQDaKAnwXSDy9"
project-0,JUP,0.00572,0.00572,0,,d946f451-2368-4911-889a-9e12ce14d4d0,0,0,-7e-05,False,0,849774,JUPyiwrYJFskUPiHa7hkeR8VUtAeFoSYbKedZNsDvCN
kamino-lend,STRCX,0,0,0,,7bd7291f-dd93-4903-84b9-510761cf7bb2,0,0,0,False,0,826909,Xs78JED6PFZxWc2wCEPspZW9kL3Se5J7L5TChKgsidH
orca-dex,SOL-FARTCOIN,20.54289,20.54289,0,,c77ca0bf-41cd-48d9-8b25-9804ee98b142,-4.84545,-48.44787,-195.5456,False,30.9741,825465,"So11111111111111111111111111111111111111112, 9BB6NFEcjBCtnNLFko2FqVQBq8HHM13kCyYcdQbgpump"
kamino-lend,BNSOL,0,0,0,,9be6dc37-9e38-4913-a13c-1b838200322d,0,0,0,False,0,819090,BNso1VUJnh4zcfpZa6986Ea66P6TCp59hvtNJ8b1X85
orca-dex,TRUMP-USDC,1.95341,1.95341,0,,74c68193-f4a6-4ddc-8cff-5ddde5f62d79,-2.622,-12.77059,-9.3053,False,4.39121,816851,"6p6xgHyF7AeE6TZkSmFsko444wqoP15icUSqi2jfGiPN, EPjFWdd5AufqSSqeM2qN1xzybapC8G4wEGGkZwyTDt1v"
project-0,JLP,0.01723,0.01723,0,,f944b079-d522-4743-91d8-b593850df87f,0.00016,0.00517,-0.00106,False,0,816653,27G8MtK7VtTcCHkpASjSDdkWWYfoqT6ggEuKidVJidD4
raydium-amm,TRUMP-USDC,2.49,2.49,0,,98c87de3-9837-4588-8b7e-0771a8c9a795,-1.93,-11.55,-5.58,False,2.81,813113,"6p6xgHyF7AeE6TZkSmFsko444wqoP15icUSqi2jfGiPN, EPjFWdd5AufqSSqeM2qN1xzybapC8G4wEGGkZwyTDt1v"
kamino-lend,USDC,5.50779,5.50779,0,,8a6cf606-e8e5-412f-9aad-da512327582a,-0.99143,-0.94337,0.75275,True,0,799224,EPjFWdd5AufqSSqeM2qN1xzybapC8G4wEGGkZwyTDt1v
save,FLAME,0,0,0,,b4ee753e-aab2-4ebf-86a7-bf63adbc54c7,0,0,0,False,0,798310,ffffyKnHHpFewkqfu2bvCiBTc9niickSRs1NMLC5jLE
starke-staked-sol,RKSOL,5.64429,5.64429,0,,b6dbf329-91dd-443e-bfd6-1340bcd4e1aa,3e-05,-0.01742,-0.05987,False,0,798012,So11111111111111111111111111111111111111112
raydium-amm,SEAS-USDC,0.78,0.78,0,,eae7f4a4-d314-4e17-9cea-d17e3e551d1a,-0.19,-0.04,0.13,False,0.5,794235,"7GdpaeSzvkx1a78rRkU11KstM1x8naMmMmmpWQnQSEAS, EPjFWdd5AufqSSqeM2qN1xzybapC8G4wEGGkZwyTDt1v"
jupiter-lend,XBTC,0,0,0,,91c83131-e13a-4610-b698-b900e626c6d3,0,0,0,False,0,791666,CtzPWv73Sn1dMGVU3ZtLv9yWSyUAanBni19YWDaznnkn
orca-dex,SOL-PUMP,40.15507,40.15507,0,,c9e701f0-b82a-49d6-9da7-5955ef20157b,-43.26991,-31.49337,-71.85403,False,110.84712,780022,"So11111111111111111111111111111111111111112, pumpCmXqMfrsAkQ5r49WcJnRayYRqmXz6ae8H7H9Dfn"
jupiter-lend,NVDAX,1.005,1.005,0,,f4effa22-e824-43f7-9a12-e315ce374d37,0,0,0,False,0,775438,Xsc9qvGR1efVDFGLrVsmkzv3qi45LTBjeUKSPmx9qEh
orca-dex,USDC-GLDY,0,0,0,,07f3b7ca-d8d7-427c-826e-5eb490200c40,-1.72579,0,-0.00302,False,1.02953,750989,"EPjFWdd5AufqSSqeM2qN1xzybapC8G4wEGGkZwyTDt1v, GLDY1XzVxDQcByPySTcj3ZYhsV75oSMBvG23VNWHiESK"
raydium-amm,WSOL-ALNOOR,3.48,3.48,0,,25f64d5d-1b9c-4305-b166-10d9c2a01c4e,1.14,2.12,0,False,0.92,750481,"So11111111111111111111111111111111111111112, 8MohwPY3hm8SJfQGi4KuDfKTMeisGhcGiTa7yEFabray"
orca-dex,STA-ST,0,0,0,,5d7ae20a-1e3e-4488-ae4d-99ff2924a4f8,0,0,0,False,0,749743,"2EvzX3DF28aQY4TU6r8mLzVSEG6v7ZdTVrpv95RtoSTA, 3bjea65A3CWPKV5sS33Jn3tfgfvsrtixgaDpKK55toST"
jupiter-lend,JUPSOL,0,0,0,,85c1ca2f-f5d2-4597-9f10-81d1744e5dd3,0,0,0,False,0,749436,jupSoLaHXQiZZTSfEWMTRRgpnyFm8f6sZdosWBjx93v
orca-dex,ST-STB,0.00022,0.00022,0,,f83f201b-8e34-4c23-b566-5559ecbb673d,0.00016,-0.00053,-0.02149,False,0.00033,748086,"3bjea65A3CWPKV5sS33Jn3tfgfvsrtixgaDpKK55toST, 7SDDWS8cEUp1qYWCA7RnR4FdH4neDAi9itm5R3stoSTB"
jupiter-lend,WBTC,0,0,0,,b460c9a8-8c58-49c6-9075-c8f40699f8cb,0,0,0,False,0,744796,3NZ9JMVBmGAqocybic2c7LQCJScmgsAZ6vQqTDzcqmJh
raydium-amm,WSOL-DADDY,6.28,6.28,0,,0bd02d7a-7bf4-4f3b-b1e9-bd8439482418,-5.41,4,4.56,False,8.63,743612,"So11111111111111111111111111111111111111112, 4Cnk9EPnW5ixfLZatCPJjDB1PUtcRpVVgTQukm9epump"
raydium-amm,SKHY-USDC,47.47,47.47,0,,2e706a8c-9bce-5e88-9640-d322a70130a5,-94.57,-26.86,0,False,53.65,742778,"SKHYhSjuRWHgikq8eRKbtBbpABgJSkd7ytQV14i9EQ3, EPjFWdd5AufqSSqeM2qN1xzybapC8G4wEGGkZwyTDt1v"
gmtrade,WSOL-USDC,86.68822,86.68822,0,,ea509c79-c0fd-48f8-9371-f5baab08f6d1,9.13649,42.45309,37.20407,False,0,729322,"So11111111111111111111111111111111111111112, EPjFWdd5AufqSSqeM2qN1xzybapC8G4wEGGkZwyTDt1v"
kamino-lend,WBTC,1e-05,1e-05,0,,a85bea00-73ab-47b6-bde6-c27f91882322,0,0,0,False,0,718964,3NZ9JMVBmGAqocybic2c7LQCJScmgsAZ6vQqTDzcqmJh
loopscale,SOL,4.63932,4.63932,0,,6b824912-fb93-469c-ab3c-8cdcf7bb13a8,-0.29247,-0.47737,-0.14402,False,0,714564,So11111111111111111111111111111111111111112
orca-dex,NX8-USDC,8.79721,8.79721,0,,a8e35214-28a0-420f-ad6f-54a8e8af9700,0.71977,0.68664,-20.41233,False,8.89199,707541,"NX8DuAWprqWAYDvpkkuhKnPfGRXQQhgiw85pCkgvFYk, EPjFWdd5AufqSSqeM2qN1xzybapC8G4wEGGkZwyTDt1v"
raydium-amm,WSOL-BERT,7.25,7.25,0,,56f5337d-13a2-4757-ad4c-8175c03a4052,3.58,2.33,-2.66,False,4.55,706491,"So11111111111111111111111111111111111111112, HgBRWfYxEfvPhtqkaeymCQtHCrKE46qQ43pKe8HCpump"
orca-dex,SOL-ORCA,21.5774,21.5774,0,,558efc67-8544-434b-bf15-ea152f5c5e1d,-25.07143,7.67039,-50.64739,False,39.06915,684788,"So11111111111111111111111111111111111111112, orcaEKTdK7LKz57vaAYr9QeNsVEPfiu6QeMU1kektZE"
project-0,ETH,0.31292,0.31292,0,,37d329c3-483f-416d-97fd-58e6af764d49,-0.00362,-0.00138,-0.10366,False,0,672849,7vfCXTUXx5WJV5JADk17DUJ4ksgau7utNKj4b963voxs
kamino-liquidity,JUP-SOL,22.96292,22.96292,0,,2311da1c-3d89-43cb-afdb-e19edfc01b1e,-7.11319,-31.31686,-80.79917,False,22.67002,671195,"JUPyiwrYJFskUPiHa7hkeR8VUtAeFoSYbKedZNsDvCN, So11111111111111111111111111111111111111112"
raydium-amm,WSOL-MSOL,0.39,0.39,0,,62a15fee-d11c-4291-b566-4d9403a7913f,-0.78,-0.2,-2.11,False,0.62,666888,"So11111111111111111111111111111111111111112, mSoLzYCxHdYgdzU16g5QSh3i5K3z3KZK7ytfqcJm7So"
raydium-amm,SPYX-USDC,0.48,0.48,0,,bdfbf09f-6f0e-4129-8099-138a78b2ce50,-1.14,-0.95,-5.38,False,2.2,661715,"XsoCS1TfEyfFhfvj8EtZ528L3CaKBDBRqRapnBbDF2W, EPjFWdd5AufqSSqeM2qN1xzybapC8G4wEGGkZwyTDt1v"
raydium-amm,COINX-USDC,23.57,23.57,0,,b561548e-daa8-4945-9d24-e04aafcf5fda,-59.08,-12.26,-145.29,False,38.13,659164,"Xs7ZdzSHLU9ftNJsii5fCeJhoRWSC32SQGzGQtePxNu, EPjFWdd5AufqSSqeM2qN1xzybapC8G4wEGGkZwyTDt1v"
kamino-lend,SOL,2.68742,2.68742,0,,0565790d-844e-4661-98ee-3e71e96b4296,0.01468,-1.18906,-1.53552,False,0,650110,So11111111111111111111111111111111111111112
raydium-amm,WSOL-YZY,7.05,7.05,0,,df090a01-2c9e-46a5-8588-bce979765dff,-6.68,-0.74,1.39,False,4.71,649030,"So11111111111111111111111111111111111111112, 4NBTf8PfLH4oLFnwf3knv46FY9i5oXjDxffCetXRpump"
raydium-amm,STRCX-USDC,0.58,0.58,0,,c55a300c-3ca8-4b8a-bdaf-ab0d7bb966f3,-0.28,0.06,-10.44,False,0.79,645119,"Xs78JED6PFZxWc2wCEPspZW9kL3Se5J7L5TChKgsidH, EPjFWdd5AufqSSqeM2qN1xzybapC8G4wEGGkZwyTDt1v"
project-0,INF,0.00021,0.00021,0,,d2af57f4-a46d-4cb3-9d54-6a76db2c1c8a,0,0,4e-05,False,0,634580,5oVNBeEEQvYi1cX3ir8Dx5n1P7pdxydbGF2X4TxVusJm
raydium-amm,NVDAX-USDC,5.7,5.7,0,,a8e25ac4-f4d0-412a-a211-62a4e513eca0,-9.72,-3.39,-14.29,False,6.19,634069,"Xsc9qvGR1efVDFGLrVsmkzv3qi45LTBjeUKSPmx9qEh, EPjFWdd5AufqSSqeM2qN1xzybapC8G4wEGGkZwyTDt1v"
kamino-liquidity,CASH-USDC,0,0,0,,fa200a4c-e14a-4cec-a9e9-583f3c2f1891,-0.32883,0,-0.1257,True,0.23175,632909,"CASHx9KJUStyftLFWGvEVf59SGeG9sh5FfcnZMVPCASH, EPjFWdd5AufqSSqeM2qN1xzybapC8G4wEGGkZwyTDt1v"
orca-dex,SOL-BORG,14.74808,14.74808,0,,490a8764-1b70-4d7f-889a-70637e61a21a,-16.05734,3.23529,-35.9867,False,18.72921,632540,"So11111111111111111111111111111111111111112, 3dQTr7ror2QPKQ3GbBCokJUmjErGg8kTJzdnYjNfvi3Z"
raydium-amm,USDC-2Z,1.87,1.87,0,,cc9c346a-22e8-46a3-b42f-3f9eac08f354,0.19,-0.07,-3.76,False,0.87,623608,"EPjFWdd5AufqSSqeM2qN1xzybapC8G4wEGGkZwyTDt1v, J6pQQ3FAcJQeWPPGppWRb4nM8jU3wLyYbRrLh7feMfvd"
raydium-amm,MSTRX-USDC,11.28,11.28,0,,e72ac43f-66a2-4f2b-a08c-6280cd5fe45b,-20.36,-2.19,-85.96,False,15.27,613833,"XsP7xzNPvEHS1m6qfanPUGjNmdnmsLKEoNAnHjdxxyZ, EPjFWdd5AufqSSqeM2qN1xzybapC8G4wEGGkZwyTDt1v"
allbridge-classic,USDC,0.05807,0.05807,0,,a5f59d50-68c5-4ae4-b678-df8338886ccb,-0.00273,0.02663,0.02613,True,0,611067,EPjFWdd5AufqSSqeM2qN1xzybapC8G4wEGGkZwyTDt1v
kamino-liquidity,SOL-MSOL,0,0,0,,6c8e2a69-4396-4d97-9c16-9df2ec8eaabb,-0.76634,-0.1693,-0.64901,False,0.60735,604018,"So11111111111111111111111111111111111111112, mSoLzYCxHdYgdzU16g5QSh3i5K3z3KZK7ytfqcJm7So"
orca-dex,ST-STB,0,0,0,,d957ac33-72c8-456e-b4fa-8069e279d9c7,0,0,0,False,0,600751,"3bjea65A3CWPKV5sS33Jn3tfgfvsrtixgaDpKK55toST, 7SDDWS8cEUp1qYWCA7RnR4FdH4neDAi9itm5R3stoSTB"
orca-dex,STA-ST,0,0,0,,2febd343-1e3f-460c-b0b4-7cadfb2c8a96,0,0,0,False,0,597418,"2EvzX3DF28aQY4TU6r8mLzVSEG6v7ZdTVrpv95RtoSTA, 3bjea65A3CWPKV5sS33Jn3tfgfvsrtixgaDpKK55toST"
gmtrade,NVDA-USDC,33.79424,33.79424,0,,8c67811c-fff6-46f7-a5ee-98e735ae28d7,2.75852,-14.18555,18.10889,False,0,595947,EPjFWdd5AufqSSqeM2qN1xzybapC8G4wEGGkZwyTDt1v
orca-dex,JLP-USDC,0.92943,0.92943,0,,6d8531f1-e1fe-428f-a929-6cf539f2942f,-0.11127,-0.38582,-7.20915,False,1.35578,589350,"27G8MtK7VtTcCHkpASjSDdkWWYfoqT6ggEuKidVJidD4, EPjFWdd5AufqSSqeM2qN1xzybapC8G4wEGGkZwyTDt1v"
project-0,CBBTC,0.0007,0.0007,0,,56f377cd-2341-43ab-b636-15264ca084d5,4e-05,5e-05,-0.00648,False,0,567160,cbbtcf3aa214zXHbiAZQwf4122FBYbraNdFqgw4iMij
kamino-lend,SOL,3.70779,3.70779,0,,1487c48b-df97-495c-9dd5-4ac3ae2c8731,0.66265,-0.97538,-0.62282,False,0,566249,So11111111111111111111111111111111111111112
raydium-amm,POPCAT-USDC,3.94,3.94,0,,db3fb94d-dff9-42ce-8ba8-c5ec524e234e,-2.65,-2.09,-74.43,False,3.47,563841,"7GCihgDB8fe6KNjn2MYtkzZcRjQy3t9GHdC8uHYmW2hr, EPjFWdd5AufqSSqeM2qN1xzybapC8G4wEGGkZwyTDt1v"
gmtrade,WSOL-USDC,73.10976,73.10976,0,,31c86339-2da1-40d0-a8b4-af6e10375634,1.68643,45.54042,46.71532,False,0,563725,"So11111111111111111111111111111111111111112, EPjFWdd5AufqSSqeM2qN1xzybapC8G4wEGGkZwyTDt1v"
raydium-amm,USD1-FIH,6.71,6.71,0,,5d6f57f4-6b2e-4647-a7b0-1034aab84475,-1.1,-0.69,-6.16,False,6.1,557981,"USD1ttGY1N17NEEHLmELoaybftRBUSErhqYiQzvEmuB, 8SkfuQkYNTskoQUbbjr2JbZQeqQV9egnJXgfMXf5bonk"
jupiter-lend,QQQX,2.02008,2.02008,0,,3988eb46-4d83-4d26-9878-655a4a6b4e1a,0,0,0,False,0,553944,Xs8S1uUs1zvS2p7iwtsG3b6fkhpvmwz4GYU3gWAmWHZ
raydium-amm,WSOL-CX,72.59,72.59,0,,2a90f9ae-f24c-4f10-9ca4-e8426ed06a74,-1.93,-87.13,-60.31,False,34.15,553877,"So11111111111111111111111111111111111111112, CortexFv3fRcLKTgACr7aLqckGh5eP7TP3z9JHoKqMc6"
orca-dex,STA-ST,0.00203,0.00203,0,,240e21d5-f877-46b1-83ee-d59ea35daba2,0.00078,0.00128,-0.01498,False,0.00071,551407,"2EvzX3DF28aQY4TU6r8mLzVSEG6v7ZdTVrpv95RtoSTA, 3bjea65A3CWPKV5sS33Jn3tfgfvsrtixgaDpKK55toST"
orca-dex,ST-STB,0.00148,0.00148,0,,ceba2881-edd1-4941-88a8-c9c4cd590624,-0.00079,-0.00089,-0.13326,False,0.00204,551028,"3bjea65A3CWPKV5sS33Jn3tfgfvsrtixgaDpKK55toST, 7SDDWS8cEUp1qYWCA7RnR4FdH4neDAi9itm5R3stoSTB"
raydium-amm,SHAR-WSOL,0.08,0.08,0,,06d85534-7a78-46fe-9d5a-e12030df6051,0,-0.32,-0.4,False,0.01,550050,"9jZgvgS2bWtQiYzv48GcWzY4tnkeRSANbTm8Kp1LmSyS, So11111111111111111111111111111111111111112"
orca-dex,ST-STB,0,0,0,,b115b25d-56b3-427d-9f02-84bb07337174,0,0,-0.00354,False,0.00031,547406,"3bjea65A3CWPKV5sS33Jn3tfgfvsrtixgaDpKK55toST, 7SDDWS8cEUp1qYWCA7RnR4FdH4neDAi9itm5R3stoSTB"
orca-dex,STA-ST,0.00875,0.00875,0,,5c3504b1-962c-4001-8ebd-869646bd7d43,0.0083,0.00459,-0.00911,False,0.00169,545931,"2EvzX3DF28aQY4TU6r8mLzVSEG6v7ZdTVrpv95RtoSTA, 3bjea65A3CWPKV5sS33Jn3tfgfvsrtixgaDpKK55toST"
kamino-lend,INF,0,0,0,,07beec99-0096-428f-aecd-b1aa6f2d7519,0,0,0,False,0,543878,5oVNBeEEQvYi1cX3ir8Dx5n1P7pdxydbGF2X4TxVusJm
raydium-amm,$BEER-WSOL,0.1,0.1,0,,551a4a97-ac28-4ee0-9df1-b36725f6aff3,0,-0.32,-0.6,False,0.26,543594,"AujTJJ7aMS8LDo3bFzoyXDwT3jBALUbu4VZhzZdTZLmG, So11111111111111111111111111111111111111112"
jupiter-lend,JLP,0,0,0,,5066f8c9-5447-451e-9ecb-ae6e5f002ca6,0,0,0,False,0,542709,27G8MtK7VtTcCHkpASjSDdkWWYfoqT6ggEuKidVJidD4
raydium-amm,DOG-USDC,0.08,0.08,0,,5002328b-b428-446c-ac12-9846c560219f,-0.34,-0.14,-2.31,False,0.13,538205,"B9u8h65uM1oifqmP82VyUDb68iG2fKfZiyubmNMtu3h7, EPjFWdd5AufqSSqeM2qN1xzybapC8G4wEGGkZwyTDt1v"
orca-dex,ST-STB,0.00017,0.00017,0,,c73fd005-c30b-41c9-a1c3-36f11d2281ee,9e-05,-0.00026,-0.01932,False,0.00038,531111,"3bjea65A3CWPKV5sS33Jn3tfgfvsrtixgaDpKK55toST, 7SDDWS8cEUp1qYWCA7RnR4FdH4neDAi9itm5R3stoSTB"
raydium-amm,USDT-USDC,0.02,0.02,0,,771c544a-4f78-4828-ab2b-f3e6981c9614,-0.04,-0.02,-0.06,True,0.02,522039,"Es9vMFrzaCERmJfrF4H2FYD4KCoNkY11McCe8BenwNYB, EPjFWdd5AufqSSqeM2qN1xzybapC8G4wEGGkZwyTDt1v"
jupiter-lend,TSLAX,1.005,1.005,0,,f5268625-ac8f-4498-99b5-f2e1a08c7230,0,0,0,False,0,516518,XsDoVfqeBukxuZHWhdvWHBhgEHjGNst4MLodqsJHzoB
loopscale,ZBTC,0.61518,0.61518,0,,8544e9ed-02b3-4374-84b6-9d0bd380c1c5,0.00021,-0.08308,-0.38796,False,0,513584,zBTCug3er3tLyffELcvDNrKkCymbPWysGcWihESYfLg
kamino-lend,PICOSOL,0.00019,0.00019,0,,d14bccf4-9a1d-41e5-96d7-0b25df947f3b,0,1e-05,2e-05,False,0,510729,picobAEvs6w7QEknPce34wAE4gknZA9v5tTonnmHYdX
raydium-amm,WSOL-MSTRX,14.85,14.85,0,,340cf7b7-9654-4f2c-9d30-e519dbde849d,-26.16,-2.72,-87.26,False,23.81,508749,"So11111111111111111111111111111111111111112, XsP7xzNPvEHS1m6qfanPUGjNmdnmsLKEoNAnHjdxxyZ"
raydium-amm,DUSD-USDT,0.26,0.26,0,,dd71d1a6-4292-4e94-9ff8-a48ec9cb9d21,0.15,0.15,0.09,True,0.06,504895,"DUSDt4AeLZHWYmcXnVGYdgAzjtzU5mXUVnTMdnSzAttM, Es9vMFrzaCERmJfrF4H2FYD4KCoNkY11McCe8BenwNYB"
kamino-liquidity,AUSD-USDC,0,0,0,,110142b1-d2da-4f73-a9ac-d8fd415e0320,0,0,0,True,0,503295,"AUSD1jCcCyPLybk1YnvPWsHQSrZ46dxwoMniN4N2UEB9, EPjFWdd5AufqSSqeM2qN1xzybapC8G4wEGGkZwyTDt1v"
orca-dex,AUSD-USDC,5e-05,5e-05,0,,4fcdc82b-e220-4a17-a476-4eb6108ef87d,5e-05,-0.00051,-0.00046,True,1e-05,503278,"AUSD1jCcCyPLybk1YnvPWsHQSrZ46dxwoMniN4N2UEB9, EPjFWdd5AufqSSqeM2qN1xzybapC8G4wEGGkZwyTDt1v"
yo-protocol,SOL,5.39499,5.39499,0,,88dab312-3a74-4a31-9d55-f92c7eebf31e,0.11458,0.26418,0.14537,False,0,502791,So11111111111111111111111111111111111111112
raydium-amm,USDC-USDD,0.05,0.05,0,,55b43fc8-4ebb-4cbb-a37e-e85a1469b4fd,0.03,-0.02,0,True,0.03,500027,"EPjFWdd5AufqSSqeM2qN1xzybapC8G4wEGGkZwyTDt1v, HrR8N5u27NFky9Mx9xwy4R4GnpTG7qBxvqJBSVy1tYyZ"
raydium-amm,NUB-WSOL,0.79,0.79,0,,a7831e3a-a415-4851-af47-86a08447c01e,-1.22,-1.84,-3,False,1.4,499782,"GtDZKAqvMZMnti46ZewMiXCa4oXF4bZxwQPoKzXPFxZn, So11111111111111111111111111111111111111112"
kamino-liquidity,USDG-USDE,0.68974,0.68974,0,,a49f8e51-8f3e-4c5f-80ab-0aabb1315aab,0.68974,0.68974,0.39767,True,0.44306,497241,"2u1tszSeqZ3qBWF3uNGPFc8TzMk2tdiwknnRMWGWjGWH, DEkqHyPN7GMRJ5cArtQFAWefqbZb33Hyf6s5iCwjEonT"
raydium-amm,SPCX-USDC,7.83,7.83,0,,48e0c6f7-bcab-4b68-ba6f-3fb55ce6da69,-9.43,-1.71,-275.9141,False,10.15,495482,"SPCXxcqXj6e5dJDVNovHN8744zkbhM2bYudU45BimGb, EPjFWdd5AufqSSqeM2qN1xzybapC8G4wEGGkZwyTDt1v"
raydium-amm,BSDG-USDC,0,0,0,,5193aeb9-36f7-5b36-baff-2388cb1062e8,0,-0.04,0,False,0,494928,"4pzsiMhQfF4wV5oyqqxB2kEaXMpBf314nNhPNHfyeEii, EPjFWdd5AufqSSqeM2qN1xzybapC8G4wEGGkZwyTDt1v"
raydium-amm,PHI-WSOL,0.11,0.11,0,,bfbb6d86-a090-4626-b366-690b73279ec7,0,0,0,False,0.04,490923,"5KpVhusHKo3m846HWoWgUwL6EKbeBttioZZXMVLRNZhc, So11111111111111111111111111111111111111112"
project-0,SOL,5.65544,5.65544,0,,e50fcaac-4200-476b-873c-aa3bcba0b35b,-0.04531,0.33065,1.1004,False,0,489062,So11111111111111111111111111111111111111112
raydium-amm,XBG-BORG,0.55,0.55,0,,7b0b84dc-d49e-4cf8-8dbb-55a6a694d397,-0.7,0.14,-0.17,False,0.34,487703,"XBGdqJ9P175hCC1LangCEyXWNeCPHaKWA17tymz2PrY, 3dQTr7ror2QPKQ3GbBCokJUmjErGg8kTJzdnYjNfvi3Z"
orca-dex,MPLX-USDC,1.87295,1.87295,0,,95f52301-7150-43ad-a33a-63c4af84fbcc,0.75647,1.20678,1.84508,False,1.5512,485045,"METAewgxyPbgwsseH8T16a39CQ5VyVxZi9zXiDPY18m, EPjFWdd5AufqSSqeM2qN1xzybapC8G4wEGGkZwyTDt1v"
project-0,LFG,0,0,0,,dc199a72-7932-4d68-b1ee-2dee914715d4,0,0,0,False,0,484681,LFG1ezantSY2LPX8jRz2qa31pPEhpwN9msFDzZw4T9Q
kamino-liquidity,MPLX-USDC,0,0,0,,be317431-c02e-4709-b023-60f960d83f27,-0.88533,-1.16206,0,False,1.00092,477732,"METAewgxyPbgwsseH8T16a39CQ5VyVxZi9zXiDPY18m, EPjFWdd5AufqSSqeM2qN1xzybapC8G4wEGGkZwyTDt1v"
kamino-lend,HYPE,0,0,0,,c8ddc34e-3dd3-5d8b-b04c-b2191cee587c,0,0,0,False,0,477043,98sMhvDwXj1RQi5c5Mndm3vPe9cBqPrbLaufMXFNMh5g
raydium-amm,USBD-USDT,0.04,0.04,0,,a7b8da54-a75e-53e8-96ae-8c6bd4616664,0,0,0,False,0,471744,"2BygwATZYZ3kJowG3hE8nJqCWjZqKtcksyqzGHw8a2xz, Es9vMFrzaCERmJfrF4H2FYD4KCoNkY11McCe8BenwNYB"
orca-dex,STA-ST,0.01205,0.01205,0,,dc5d184c-3c8a-4b1f-9983-57bfa08b5c32,0.00993,0.0108,0.00919,False,0.00225,470540,"2EvzX3DF28aQY4TU6r8mLzVSEG6v7ZdTVrpv95RtoSTA, 3bjea65A3CWPKV5sS33Jn3tfgfvsrtixgaDpKK55toST"
orca-dex,ST-STB,0,0,0,,fa22b94a-a107-44bb-9f6c-df6e52d1f432,0,0,0,False,0.0015,468422,"3bjea65A3CWPKV5sS33Jn3tfgfvsrtixgaDpKK55toST, 7SDDWS8cEUp1qYWCA7RnR4FdH4neDAi9itm5R3stoSTB"
gmtrade,WSOL-USDC,73.29602,73.29602,0,,77b70ab3-2e95-461b-a4fb-8f80dd588e9c,-4.97299,42.62496,46.50961,False,0,465211,"So11111111111111111111111111111111111111112, EPjFWdd5AufqSSqeM2qN1xzybapC8G4wEGGkZwyTDt1v"
raydium-amm,DOOD-USDC,2.66,2.66,0,,935f6496-6d11-42fd-9151-72b8603f412a,-0.01,-37.26,-11.05,False,6.64,464721,"DvjbEsdca43oQcw2h3HW1CT7N3x5vRcr3QrvTUHnXvgV, EPjFWdd5AufqSSqeM2qN1xzybapC8G4wEGGkZwyTDt1v"
raydium-amm,GLDX-USDC,1.07,1.07,0,,3719be8e-77f3-4239-b901-407f6b174fd0,-2.43,-1.77,-17.59,False,1.66,464017,"Xsv9hRk1z5ystj9MhnA7Lq4vjSsLwzL2nxrwmwtD3re, EPjFWdd5AufqSSqeM2qN1xzybapC8G4wEGGkZwyTDt1v"
raydium-amm,USA-WSOL,0.85,0.85,0,,1a3e39f9-0d00-4a1d-a63b-6c5b1b536fd9,-0.65,-0.01,-4.83,False,1.04,463810,"69kdRLyP5DTRkpHraaSZAQbWmAwzF9guKjZfzMXzcbAs, So11111111111111111111111111111111111111112"
raydium-amm,PAYAI-WSOL,8.1,8.1,0,,450066d1-dc49-4410-914a-7db5b11959bb,-0.24,-22.59,-35.12,False,6.51,458094,"PAYmo6moDF3Ro3X6bU2jwe2UdBnBhv8YjLgL1j4DxGu, So11111111111111111111111111111111111111112"
save,HASOL,0,0,0,,05c74e5c-ebed-40ec-ac63-0bbd1d53fe2a,0,0,0,False,0,454079,haSo1Vz5aTsqEnz8nisfnEsipvbAAWpgzRDh2WhhMEh
gmtrade,WSOL-USDC,59.35663,59.35663,0,,a3da0cf2-b6f5-4390-9da3-4322602a61de,-2.47419,31.4956,40.26854,False,0,453681,"So11111111111111111111111111111111111111112, EPjFWdd5AufqSSqeM2qN1xzybapC8G4wEGGkZwyTDt1v"
orca-dex,ST-STB,0.00037,0.00037,0,,852e9913-2abc-46e3-9928-3ac027917389,0.00037,-0.00063,-0.00325,False,0.00013,452469,"3bjea65A3CWPKV5sS33Jn3tfgfvsrtixgaDpKK55toST, 7SDDWS8cEUp1qYWCA7RnR4FdH4neDAi9itm5R3stoSTB"
project-0,HYLOSOL,0.00802,0.00802,0,,b7449444-38d5-41d6-9e7d-a9bafb7cb2bc,0,0.0001,0.00702,False,0,451277,hy1oXYgrBW6PVcJ4s6s2FKavRdwgWTXdfE69AxT7kPT
orca-dex,SOL-USDT,1.10021,1.10021,0,,8df631ab-3d24-476b-af59-758784f28188,-1.07674,-0.21122,-1.72998,False,2.97638,448196,"So11111111111111111111111111111111111111112, Es9vMFrzaCERmJfrF4H2FYD4KCoNkY11McCe8BenwNYB"
kamino-lend,USDG,2.37646,2.37646,0,,1846e918-4857-47a0-b8e2-d5df89e98a56,8e-05,-0.08507,-0.5426,True,0,447183,2u1tszSeqZ3qBWF3uNGPFc8TzMk2tdiwknnRMWGWjGWH
orca-dex,STA-ST,0,0,0,,87208dc9-4109-41dc-ab2f-9befece7d834,0,0,0,False,0,446253,"2EvzX3DF28aQY4TU6r8mLzVSEG6v7ZdTVrpv95RtoSTA, 3bjea65A3CWPKV5sS33Jn3tfgfvsrtixgaDpKK55toST"
raydium-amm,USDC-TUSSᅠ,0,0,0,,609fa080-98db-4ed1-ace9-8bc4902d193c,0,0,0,False,0,445569,"EPjFWdd5AufqSSqeM2qN1xzybapC8G4wEGGkZwyTDt1v, ETzsYvdQpZuVrVGr55wChXTR4Aci2pPjxC3WmYuWDYPQ"
raydium-amm,WXRP-USDC,1.72,1.72,0,,02b9bb25-4320-47d5-91ca-817dafa32d4d,0.13,0.61,-3.93,False,1.18,443949,"6UpQcMAb5xMzxc7ZfPaVMgx3KqsvKZdT5U718BzD5We2, EPjFWdd5AufqSSqeM2qN1xzybapC8G4wEGGkZwyTDt1v"
orca-dex,SOL-BSOL,1.01336,0.97475,0.03861,BLZEEuZUBVqFhj8adcCFPJvPVCiCyVmh3hkJMrU8KuJA,e571b6f4-6242-4e0c-a4ef-ab7525de9a1f,-0.46098,0.16586,0.40185,False,0.6285,443800,"So11111111111111111111111111111111111111112, bSo13r4TkiE4KumL71LsHTPpL2euBYLFx6h9HP3piy1"
jupiter-lend,JITOSOL,0,0,0,,790ca895-0b76-44e8-8533-53aa659a9a15,0,0,0,False,0,443695,J1toso1uCk3RLmjorhTtrVwY9HJ7X8V9yYac6Y7kGCPn
orca-dex,USDC-EURC,2.4018,2.4018,0,,2d456507-7b1d-43c1-9737-b26525c541c5,-6.83799,0.9178,-25.69882,True,5.9612,443295,"EPjFWdd5AufqSSqeM2qN1xzybapC8G4wEGGkZwyTDt1v, HzwqbKZw8HxMN6bF2yFZNrht3c2iXXzpKcFu7uBEDKtr"
raydium-amm,USDC-HOOD,10.99,10.99,0,,b8b0e6a0-4e4b-5bea-a7d4-1c380cd3e76e,-24.45,-10.07,0,False,12.24,439682,"EPjFWdd5AufqSSqeM2qN1xzybapC8G4wEGGkZwyTDt1v, HooDYv5RewLRiMLnEVq3VJqdqxhuE6c5eYvqejMC3e9A"
raydium-amm,ꓓΟGE-USDT,0.02,0.02,0,,7f50e761-9549-5f66-abf4-8b093c319497,0,0,0,False,0.04,439297,"AoTsy1VGgtNCvCgdMaTNDLfThUTRav6FLng7qxPBS2eY, Es9vMFrzaCERmJfrF4H2FYD4KCoNkY11McCe8BenwNYB"
kamino-lend,BONK,0,0,0,,4d978edf-fca7-416e-bd77-00ac88070aca,0,0,0,False,0,437337,DezXAZ8z7PnrnRJjz3wXBoRgixCa6xjnB7YaB1pPB263
raydium-amm,NOS-USDC,9.86,9.86,0,,7222bf12-2d1d-4ab9-9c46-37a9c32eb347,-4.65,-11.37,-3.93,False,6.65,434836,"nosXBVoaCTtYdLvKY6Csb4AC8JCdQKKAaWYtx2ZMoo7, EPjFWdd5AufqSSqeM2qN1xzybapC8G4wEGGkZwyTDt1v"
kamino-lend,EZSOL,0,0,0,,95f21961-a337-4a4b-a06b-57d100086e2e,0,0,0,False,0,429428,ezSoL6fY1PVdJcJsUpe5CM3xkfmy3zoVCABybm5WtiC
raydium-amm,WSOL-RENDER,8.35,8.35,0,,a6441945-9eff-4d1b-91dc-2134cd9cdd35,-5.66,-10.2,-41.84,False,8.06,428988,"So11111111111111111111111111111111111111112, rndrizKT3MK1iimdxRdWabcF7Zg7AR5T4nud4EkHBof"
orca-dex,STA-ST,0.00131,0.00131,0,,f1337ad9-0fa5-430f-93c3-8bdedc3b7846,0.00073,-0.00073,-0.25013,False,0.0007,426028,"2EvzX3DF28aQY4TU6r8mLzVSEG6v7ZdTVrpv95RtoSTA, 3bjea65A3CWPKV5sS33Jn3tfgfvsrtixgaDpKK55toST"
project-0,SOL,4.26466,4.26466,0,,8890d9a7-1f23-5ae0-8d94-2d6c14820d35,0.94245,-0.96755,0,False,0,421169,So11111111111111111111111111111111111111112
kamino-liquidity,YU-USDC,0,0,0,,4cc9bd36-d85b-4644-a183-092f60d3a094,0,0,0,False,0,420505,"YUYAiJo8KVbnc6Fb6h3MnH2VGND4uGWDH4iLnw7DLEu, EPjFWdd5AufqSSqeM2qN1xzybapC8G4wEGGkZwyTDt1v"
project-0,$WIF,0,0,0,,1068b327-ea28-4893-8e3f-d7174ef12fb9,0,0,-8e-05,False,0,419676,EKpQGSJtjMFqKZ9KQanSqYXRcF8fBopzLHYxdM65zcjm
raydium-amm,SNDK-USDC,46.77,46.77,0,,1868e098-b4a7-4a4f-aa49-333c03abced8,-109.64,-16.65,-168.47275,False,62.57,418223,"SNDKbwMUQvZhnLnxLduradgLHG5KrPuKwpnrkkGRhfH, EPjFWdd5AufqSSqeM2qN1xzybapC8G4wEGGkZwyTDt1v"
loopscale,USDT,3.90756,3.90756,0,,953bc46f-c209-4f30-9c33-6bdec734a208,-0.72692,-0.33469,-2.62353,True,0,417086,Es9vMFrzaCERmJfrF4H2FYD4KCoNkY11McCe8BenwNYB
raydium-amm,WSOL-WOLF,2.62,2.62,0,,9bf970e6-2689-4694-8ea2-ed3350fdcb1e,2.42,0,2.08,False,0.38,414758,"So11111111111111111111111111111111111111112, BTr5SwWSKPBrdUzboi2SVr1QvSjmh1caCYUkxsxLpump"
raydium-amm,MORPHO-USDC,77.18,77.18,0,,2167056c-624c-57bd-a01f-28974d08de13,57.86,58.9,0,False,18.24,410300,"Morpho2VPeTr2E1Jx6monxCzF7mqwUnjz74RdwLXYyP, EPjFWdd5AufqSSqeM2qN1xzybapC8G4wEGGkZwyTDt1v"
orca-dex,SOL-FARTCOIN,2.02514,2.02514,0,,5da12137-c29a-45bb-8893-f6c01400ae02,-1.37881,-8.38315,-102.16142,False,5.13191,409984,"So11111111111111111111111111111111111111112, 9BB6NFEcjBCtnNLFko2FqVQBq8HHM13kCyYcdQbgpump"
raydium-amm,WSOL-USDC,0.18,0.18,0,,f8d7c5ff-1d26-4bda-b2bd-a40ae9a35762,-0.04,0.07,-0.25,False,0.12,401748,"So11111111111111111111111111111111111111112, EPjFWdd5AufqSSqeM2qN1xzybapC8G4wEGGkZwyTDt1v"
kamino-liquidity,SOL-BSOL,0.10748,0.10748,0,,ceef4c39-3df9-4ead-89e3-45b824bb5136,-2.10737,-0.68637,-0.38981,False,0.49614,399949,"So11111111111111111111111111111111111111112, bSo13r4TkiE4KumL71LsHTPpL2euBYLFx6h9HP3piy1"
orca-dex,ST-STB,0.00783,0.00783,0,,b14f5009-ee5c-403a-ae03-0b1c4c3c66ab,0.00379,0.00498,-0.12432,False,0.00392,399763,"3bjea65A3CWPKV5sS33Jn3tfgfvsrtixgaDpKK55toST, 7SDDWS8cEUp1qYWCA7RnR4FdH4neDAi9itm5R3stoSTB"
raydium-amm,WSOL-RETIRE,11.24,11.24,0,,70926954-4cfb-41e2-8aff-cbc81532bd7c,3.06,3.6,6.13,False,3.43,398893,"So11111111111111111111111111111111111111112, zGh48JtNHVBb5evgoZLXwgPD2Qu4MhkWdJLGDAupump"
raydium-amm,FARTBOY-WSOL,3.26,3.26,0,,ff7c7fa9-5d22-4502-862a-57c3e38cb018,-2.38,-7.92,-3.88,False,4.44,398202,"y1AZt42vceCmStjW4zetK3VoNarC1VxJ5iDjpiupump, So11111111111111111111111111111111111111112"
orca-dex,STA-ST,0,0,0,,38e9c73a-8e45-49f0-b949-ec10c36dbccb,0,0,0,False,0,397615,"2EvzX3DF28aQY4TU6r8mLzVSEG6v7ZdTVrpv95RtoSTA, 3bjea65A3CWPKV5sS33Jn3tfgfvsrtixgaDpKK55toST"
save,TPX,0,0,0,,e2c95ff3-6e1f-4e3f-a7a3-bb352d6965dc,0,0,0,False,0,394473,BvAZ2ay2KjBcGi49KspWtY3DAatBN7enmqaon1TuR8ES
raydium-amm,TSUKI-WSOL,17.34,17.34,0,,0bfc8e49-f6f8-4a4a-a1b5-792d73b45c25,-4.31,5.37,8.39,False,8.21,389447,"463SK47VkB7uE7XenTHKiVcMtxRsfNE2X4Q9wByaURVA, So11111111111111111111111111111111111111112"
project-0,WEN,0,0,0,,7acbc151-76d7-4d04-b876-da89aa2f181b,0,0,0,True,0,383205,WENWENvqqNya429ubCdR81ZmD69brwQaaBYY6p3LCpk
raydium-amm,GLDX-XAUT0,0.68,0.68,0,,1f86297f-55bf-40e7-9485-68e843761c70,-1.71,-0.15,-2.22,False,0.59,382952,"Xsv9hRk1z5ystj9MhnA7Lq4vjSsLwzL2nxrwmwtD3re, AymATz4TCL9sWNEEV9Kvyz45CHVhDZ6kUgjTJPzLpU9P"
jupiter-lend,JLJUPUSD,0,0,0,,80e4c695-c24d-4adb-a7ed-5893b08e00d4,0,0,0,True,0,379566,7GxATsNMnaC88vdwd2t3mwrFuQwwGvmYPrUQ4D6FotXk
raydium-amm,WSOL-NPC,2.02,2.02,0,,bb095f7e-b901-4bf2-afb3-45a9c0182ef1,0.41,-0.05,-1.46,False,1.08,378806,"So11111111111111111111111111111111111111112, BeGY8KqKxboEwRbJd1q9H2K829jS4Rc5dEyNMYXCbV5p"
kamino-lend,CRCLX,0,0,0,,ee750b84-e4ed-4053-a8c7-d5cf15636132,0,0,0,False,0,378347,XsueG8BtpquVJX9LVLLEGuViXUungE6WmK5YZ3p3bd1
kamino-lend,USDG,5.01463,5.01463,0,,39ce976c-f48c-4525-b6e2-a223c717eb26,0.29929,-0.59342,0.22157,True,0,377272,2u1tszSeqZ3qBWF3uNGPFc8TzMk2tdiwknnRMWGWjGWH
kamino-lend,JTO,0,0,0,,1e303c6a-2ebf-4cd8-84e5-e1713543fe33,0,0,0,False,0,374534,jtojtomepa8beP8AuQc6eXt5FriJwfFMwQx2v2f9mCL
raydium-amm,WSOL-LION,0.21,0.21,0,,7d53f6d4-b6b3-4164-9fc1-dc1a657d22ae,-0.2,-2.26,-0.78,False,0.27,373767,"So11111111111111111111111111111111111111112, 7kN5FQMD8ja4bzysEgc5FXmryKd6gCgjiWnhksjHCFb3"
raydium-amm,WSOL-MORI,8.57,8.57,0,,de8ea0bb-d3ba-4b04-a44a-a1399ea0b9f3,-0.47,-2.67,-9.87,False,6.1,373094,"So11111111111111111111111111111111111111112, 8ZHE4ow1a2jjxuoMfyExuNamQNALv5ekZhsBn5nMDf5e"
raydium-amm,USMINT-USDC,0.01,0.01,0,,e61e8742-38cf-5329-9237-0bbe822ebdc9,0,0,0,False,0,369220,"DFdn9AbnGURRSccipxxaMqqpsvVLLRm8YH8ivN1jz1tn, EPjFWdd5AufqSSqeM2qN1xzybapC8G4wEGGkZwyTDt1v"
raydium-amm,USOH-USDC,0.01,0.01,0,,3f83fd9e-e061-5093-a4db-90b3a0761bcb,0,0,0,False,0,369188,"23QzM4bxWGQUpgDEta2Vuxt7q174PDDh2Z1uJDiKjf99, EPjFWdd5AufqSSqeM2qN1xzybapC8G4wEGGkZwyTDt1v"
orca-dex,WINGS-USDC,0.72951,0.72951,0,,5fc9731a-2b89-47ca-92f4-34f0a1fb0cb4,0.37705,-5.00928,-1.43539,False,8.02477,367965,"WingsAYbfs4qnEgcw8jpSvetqp8XHM3GkKvow54WLcd, EPjFWdd5AufqSSqeM2qN1xzybapC8G4wEGGkZwyTDt1v"
raydium-amm,PAXG-USDC,2.17,2.17,0,,8b65794e-d93f-4efb-96a8-fd136b5fb4f0,-6.42,-1.67,1.83,False,3.74,367646,"5GgRAEmv8ZxF2PR5hY72Qs5x1bnQ6UK2RbTPoqJ3wSwW, EPjFWdd5AufqSSqeM2qN1xzybapC8G4wEGGkZwyTDt1v"
loopscale,USX,2.26663,2.26663,0,,8847526a-17a9-46d9-b42d-04617ad31793,-0.00016,-0.00045,0.60247,True,0,365083,6FrrzDk5mQARGc1TDYoyVnSyRdds1t4PbtohCD6p3tgG
raydium-amm,WSOL-USDC,1.91,1.91,0,,f6bba068-0f64-44b4-a673-62f202118526,-1.63,-0.23,-6.73,False,1.8,362631,"So11111111111111111111111111111111111111112, EPjFWdd5AufqSSqeM2qN1xzybapC8G4wEGGkZwyTDt1v"
raydium-amm,HNT-WSOL,4.45,4.45,0,,4dcc59d7-0c21-4484-a2af-539181a9f8cd,0.18,-0.09,-15.07,False,6.46,362107,"hntyVP6YFm1Hg25TN9WGLqM12b8TQmcknKrdu1oxWux, So11111111111111111111111111111111111111112"
save,SOL,0.28,0.28,0,,85d3fded-3d7d-458f-b3b7-6e6735e6c450,0,0.03,0.02,False,0,359696,So11111111111111111111111111111111111111112
raydium-amm,DRAM-USDC,31.56,31.56,0,,232b6e23-2cc1-4c43-a10b-43ab312fff94,-58.05,-13.72,0,False,32.98,358735,"DRAMjSWR7HRfJKjRkvQWYL2bcaejaVhuxEcjf4pAY4Cw, EPjFWdd5AufqSSqeM2qN1xzybapC8G4wEGGkZwyTDt1v"
orca-dex,SKR-USDC,4.2412,4.2412,0,,fd9493f2-7c09-4348-a5b0-f1081093742f,-6.88369,-3.08797,-12.84971,False,11.57099,358522,"SKRbvo6Gf7GondiT3BbTfuRDPqLWei4j2Qy2NPGZhW3, EPjFWdd5AufqSSqeM2qN1xzybapC8G4wEGGkZwyTDt1v"
raydium-amm,WSOL-JAILSTOOL,0.13,0.13,0,,2a3fffb5-0c27-4e2a-9b6f-08bf1b51f26a,-0.69,0.02,0,False,0.42,358273,"So11111111111111111111111111111111111111112, AxriehR6Xw3adzHopnvMn7GcpRFcD41ddpiTWMg6pump"
gmtrade,XCU-USDC,117.61248,117.61248,0,,3858ef87-0274-4d51-9a94-923cdfdd9313,-5.71918,57.28464,92.91889,False,0,358232,EPjFWdd5AufqSSqeM2qN1xzybapC8G4wEGGkZwyTDt1v
raydium-amm,SLX-USDC,27.1,27.1,0,,7d03f393-31e6-548b-ae59-207fcafbbd64,15.58,18.38,0,False,6.47,357682,"SLXdx4BUt2v9uJQNzWqSfzTJ9UKLUDsvxHFMEEdrfgq, EPjFWdd5AufqSSqeM2qN1xzybapC8G4wEGGkZwyTDt1v"
orca-dex,USDC-JITOSOL,3.81294,3.81294,0,,f274ac6d-9426-4863-abd5-947140507948,-5.78736,-1.0757,-32.28186,False,9.62106,356388,"EPjFWdd5AufqSSqeM2qN1xzybapC8G4wEGGkZwyTDt1v, J1toso1uCk3RLmjorhTtrVwY9HJ7X8V9yYac6Y7kGCPn"
kamino-lend,AAPLX,0,0,0,,69ada9f6-8d07-4b9d-8850-e2fb0a2a46e5,0,0,0,False,0,355599,XsbEhLAtcf6HdfpFZ5xEMdqW8nfAvcsP5bdudRLJzJp
raydium-amm,HOODX-USDC,17.1,17.1,0,,c8a9a79e-6cc9-4360-b207-1a4ed437beac,-61.73,-46.3,-64.92,False,27.37,352994,"XsvNBAYkrDRNhA7wPHQfX3ZUXZyZLdnCQDfHZ56bzpg, EPjFWdd5AufqSSqeM2qN1xzybapC8G4wEGGkZwyTDt1v"
kamino-lend,GOAT,0,0,0,,31266fb7-23d6-45dc-a545-3494b73ae50b,0,0,0,False,0,352073,CzLSujWBLFsSjncfkh59rUFqvafWcY5tzedWJSuypump
orca-dex,STA-STB,0.0026,0.0026,0,,998a9655-39ba-4a6f-9cb9-1075c37f12a8,0.00196,0.00235,-0.00028,False,0.00108,351951,"2EvzX3DF28aQY4TU6r8mLzVSEG6v7ZdTVrpv95RtoSTA, 7SDDWS8cEUp1qYWCA7RnR4FdH4neDAi9itm5R3stoSTB"
raydium-amm,AMZNX-USDC,3.3,3.3,0,,688fdee4-325a-4e86-904c-7d9ca92d1f45,-10.17,-6.12,-15.64,False,5.47,351833,"Xs3eBt7uRfJX8QUs4suhyU8p2M6DoUDrJyWBa8LLZsg, EPjFWdd5AufqSSqeM2qN1xzybapC8G4wEGGkZwyTDt1v"
raydium-amm,NEAR-USDC,2.74,2.74,0,,ff85a528-d8f4-4955-b678-8a870579932d,-2.19,-1.02,-8.97,False,2.28,350680,"3ZLekZYq2qkZiSpnSvabjit34tUkjSwD1JFuW9as9wBG, EPjFWdd5AufqSSqeM2qN1xzybapC8G4wEGGkZwyTDt1v"
raydium-amm,TUSD-USDT,1.14,1.14,0,,a2801182-6419-4c99-8472-be3dbee35006,0.02,0.03,-0.56,True,0.51,350172,"66U4dkqKcVsd8huwfNCWii8qrrZTqbzHr6exBSAcHJee, Es9vMFrzaCERmJfrF4H2FYD4KCoNkY11McCe8BenwNYB"
raydium-amm,USDD-USDT,0.01,0.01,0,,a94d0ddc-987e-40cc-b2a2-fcf6ac55c689,0,0,0,True,0,350143,"4XLL9sJ4YmXKBfB1d6kLRf9WnsS91aDs7K3jjrKCcZNd, Es9vMFrzaCERmJfrF4H2FYD4KCoNkY11McCe8BenwNYB"
raydium-amm,WBTC-USDC,0.03,0.03,0,,d4f18277-a17a-4be7-ae86-90ac86b96527,0,0,0,False,0.01,350083,"5XZw2LKTyrfvfiskJ78AMpackRjPcyCif1WhUsPDuVqQ, EPjFWdd5AufqSSqeM2qN1xzybapC8G4wEGGkZwyTDt1v"
raydium-amm,USDT-USDD,1.12,1.12,0,,6f44d7cc-89c2-448e-9934-f8616c513fd7,-0.02,0,0,True,0.51,349880,"Es9vMFrzaCERmJfrF4H2FYD4KCoNkY11McCe8BenwNYB, G5VarAMbQgXzM5UYeKrxPsixXK3mT4PhSuCTZaNUC3d9"
raydium-amm,USDC-GOATED,1.94,1.94,0,,3aa93493-6a04-4074-bcd6-be8254487cf9,-3,-0.25,0.93,False,1.14,349693,"EPjFWdd5AufqSSqeM2qN1xzybapC8G4wEGGkZwyTDt1v, GoATEDLwYeDQXyzcFxAgeiQd5Amu4mewU4KmbjvUWGvH"
orca-dex,STA-STB,0.0094,0.0094,0,,385d52fb-5b53-406a-b3b9-e11b81b0aa71,0.00526,0.00892,0.00054,False,0.00395,349130,"2EvzX3DF28aQY4TU6r8mLzVSEG6v7ZdTVrpv95RtoSTA, 7SDDWS8cEUp1qYWCA7RnR4FdH4neDAi9itm5R3stoSTB"
orca-dex,STA-STB,0.00558,0.00558,0,,2bf5d5af-2db0-41c0-a191-1d12c50f61af,0.00558,0.00558,0.00537,False,0.00142,348518,"2EvzX3DF28aQY4TU6r8mLzVSEG6v7ZdTVrpv95RtoSTA, 7SDDWS8cEUp1qYWCA7RnR4FdH4neDAi9itm5R3stoSTB"
raydium-amm,WSOL-PYTH,47.93,47.93,0,,1876e235-cc64-4ff1-9c14-9771ace8f110,-7.07,-39.58,1.78,False,39.47,348368,"So11111111111111111111111111111111111111112, HZ1JovNiVvGrGNiiYvEozEVgZ58xaU3RKwX8eACQBCt3"
raydium-amm,PUMP-USDC,0.14,0.14,0,,d7e94a53-943b-43ff-a842-3b2448df20ec,0,0,0,False,0.1,342885,"pumpCmXqMfrsAkQ5r49WcJnRayYRqmXz6ae8H7H9Dfn, EPjFWdd5AufqSSqeM2qN1xzybapC8G4wEGGkZwyTDt1v"
raydium-amm,ME-USDC,1.54,1.54,0,,bd24f6b5-4037-4c64-b4d8-c7ff12a620fe,-0.36,0.87,-6.23,False,1.14,340248,"MEFNBXixkEbait3xn9bkm8WsJzXtVsaJEn4c8Sam21u, EPjFWdd5AufqSSqeM2qN1xzybapC8G4wEGGkZwyTDt1v"
raydium-amm,WSOL-RNT,4.69,4.69,0,,c5ce4562-c372-4f6b-8037-e71b77d4395e,-5.28,4.53,3.4,False,6.89,338119,"So11111111111111111111111111111111111111112, 2fUFhZyd47Mapv9wcfXh5gnQwFXtqcYu9xAN4THBpump"
raydium-amm,WSOL-BIO,4.08,4.08,0,,0b61ca99-1a43-4bc9-8170-86d26aa20e5e,-0.86,2.51,-16.7,False,2.18,337626,"So11111111111111111111111111111111111111112, bioJ9JTqW62MLz7UKHU69gtKhPpGi1BQhccj2kmSvUJ"
raydium-amm,UNS-USDT,0.19,0.19,0,,e4fee4b5-08be-45b2-aa31-4adde2b3d9b9,-0.26,-2.17,-12.34,False,0.35,334426,"9V4iZc2VcbbbLAwK8Do9YQXRK5ZJ3DEz4EEgaN4nDuns, Es9vMFrzaCERmJfrF4H2FYD4KCoNkY11McCe8BenwNYB"
raydium-amm,SLIM-WSOL,0.14,0.14,0,,3cb668d8-14cf-4c57-bf05-2ec3abd23569,0,-0.03,-0.37,False,0.04,333306,"xxxxa1sKNGwFtw2kFn8XauW9xq8hBZ5kVtcSesTT9fW, So11111111111111111111111111111111111111112"
raydium-amm,WETH-WSOL,1,1,0,,a6288d01-94f4-4eae-be40-846729cc8210,-1.11,0.78,-0.56,False,0.42,329765,"7vfCXTUXx5WJV5JADk17DUJ4ksgau7utNKj4b963voxs, So11111111111111111111111111111111111111112"
raydium-amm,SOIL-USDC,0.15,0.15,0,,c55a5c99-c06e-5c90-8724-5bf94e5b7720,0,-0.38,0,False,0.35,329438,"E7Nftk7uvLXBsqXB7NQpaJi533Q72C2skzNAZaqotAhB, EPjFWdd5AufqSSqeM2qN1xzybapC8G4wEGGkZwyTDt1v"
orca-dex,ORCA-XORCA,0.01091,0.01091,0,,c255352a-52e6-428e-8610-98e6a97d3a50,-0.11112,-0.03028,-0.35491,False,0.10225,328973,"orcaEKTdK7LKz57vaAYr9QeNsVEPfiu6QeMU1kektZE, xorcaYqbXUNz3474ubUMJAdu2xgPsew3rUCe5ughT3N"
raydium-amm,GEOD-USDC,17.15,17.15,0,,a02cd4c1-d31d-4a3b-811a-7f2f13d5e365,2.19,6.19,-32.1,False,7.47,328229,"7JA5eZdCzztSfQbJvS8aVVxMFfd81Rs9VvwnocV1mKHu, EPjFWdd5AufqSSqeM2qN1xzybapC8G4wEGGkZwyTDt1v"
raydium-amm,WSOL-USDC,6.48,6.48,0,,f2cba9c1-a2a6-4c7a-a3d8-da976baedbd8,-3.49,-0.07,-26.26,False,5.35,328077,"So11111111111111111111111111111111111111112, EPjFWdd5AufqSSqeM2qN1xzybapC8G4wEGGkZwyTDt1v"
jupiter-lend,NVDAX,1.005,1.005,0,,c4a2e337-9541-43ca-9d85-c8296653e4e7,0,0,0,False,0,326290,Xsc9qvGR1efVDFGLrVsmkzv3qi45LTBjeUKSPmx9qEh
orca-dex,USDC-SPX,35.14675,35.14675,0,,c6964877-52dc-423e-96a3-1788984a6aaa,5.31294,12.39821,-37.60725,False,31.90367,325766,"EPjFWdd5AufqSSqeM2qN1xzybapC8G4wEGGkZwyTDt1v, J3NKxxXZcnNiMjKw9hYb2K4LUxgwB6t1FtPtQVsv3KFr"
save,TRUNK,0,0,0,,6b78d011-f019-4cdb-88c8-9b4ed7dcfaa9,0,0,0,False,0,324238,9mV4WUukVsva5wYcYW4veo34CNDiF44sh3Ji65JNdvh5
raydium-amm,WSOL-IDLE,37.74,37.74,0,,71dc090b-7c1c-4481-85cf-9184fb7fb950,-14.61,13.83,-21.54,False,21.59,323158,"So11111111111111111111111111111111111111112, BjcRmwm8e25RgjkyaFE56fc7bxRgGPw96JUkXRJFEroT"
raydium-amm,WSOL-PURPE,1.09,1.09,0,,ebbdda8f-7746-4af9-9d82-1d2f5022b21c,-0.7,-1.26,-0.12,False,1.07,317629,"So11111111111111111111111111111111111111112, HBoNJ5v8g71s2boRivrHnfSB5MVPLDHHyVjruPfhGkvL"
project-0,RENDER,0.03112,0.03112,0,,dd6fd7f6-77d4-4a97-8cae-cd3d081a3b04,1e-05,0.00028,0.01101,False,0,316665,rndrizKT3MK1iimdxRdWabcF7Zg7AR5T4nud4EkHBof
raydium-amm,‮BOP-USDC,0.01,0.01,0,,ab19ecb4-addf-59ee-be83-24809327d165,0,0,0,False,0,316359,"6M85QfpdFBjS3BpGXmo6WU2MnGHkThngmDkKYooLhYhb, EPjFWdd5AufqSSqeM2qN1xzybapC8G4wEGGkZwyTDt1v"
raydium-amm,WSOL-DAKU,0.13,0.13,0,,7eed560d-f568-495f-85b6-80e84a8c6386,-1.38,0,-0.77,False,3.08,315856,"So11111111111111111111111111111111111111112, 7mwikw88GRsAHbFpbpyuM3QMq1hXH87d4rYNuM8Earay"
kamino-liquidity,JUP-JITOSOL,3.79641,3.79641,0,,b96b2112-b529-4b09-b89e-b172d810108f,-0.17674,-20.35774,-44.17612,False,9.67548,313432,"JUPyiwrYJFskUPiHa7hkeR8VUtAeFoSYbKedZNsDvCN, J1toso1uCk3RLmjorhTtrVwY9HJ7X8V9yYac6Y7kGCPn"
orca-dex,JUP-SOL,9.39179,9.39179,0,,18da9637-00b2-4eda-bf76-942f1acbfc28,-8.67684,-11.63413,-72.02338,False,18.94367,312276,"JUPyiwrYJFskUPiHa7hkeR8VUtAeFoSYbKedZNsDvCN, So11111111111111111111111111111111111111112"
raydium-amm,WSOL-MINI,1.64,1.64,0,,674396f4-f40c-4ed1-b818-67a9976cc7e3,-0.29,0.37,-0.44,False,0.83,311198,"So11111111111111111111111111111111111111112, 2JcXacFwt9mVAwBQ5nZkYwCyXQkRcdsYrDXn6hj22SbP"
raydium-amm,WSOL-PUMP,94.14,94.14,0,,ed0422f3-c196-4c77-ae75-9d9b873b3574,-77.98,1.54,-42.63,False,134.32,311090,"So11111111111111111111111111111111111111112, pumpCmXqMfrsAkQ5r49WcJnRayYRqmXz6ae8H7H9Dfn"
raydium-amm,MSFTX-USDC,3.61,3.61,0,,7a2d3931-0c0a-4e99-9e4b-4c647f532363,-7.55,-1.45,-11.39,False,4.17,310708,"XspzcW1PRtgf6Wj92HCiZdjzKCyFekVD8P5Ueh3dRMX, EPjFWdd5AufqSSqeM2qN1xzybapC8G4wEGGkZwyTDt1v"
gmtrade,WSOL-USDC,58.636,58.636,0,,8d71fc6c-a1df-484b-b1f7-09a49daf1584,4.79526,32.60381,40.79585,False,0,310675,"So11111111111111111111111111111111111111112, EPjFWdd5AufqSSqeM2qN1xzybapC8G4wEGGkZwyTDt1v"
raydium-amm,WSOL-VANKEDISI,0.17,0.17,0,,a236c9f0-e77f-4949-bfde-ad3fbd64f3ca,0,-2.18,-2.66,False,0.43,308616,"So11111111111111111111111111111111111111112, 66bHtzcXqmLgkn668EG4ETzHL3RLz5ybdckqvrPppump"
raydium-amm,VCHF-USDC,0.11,0.11,0,,0305fcf7-ae22-4d91-a1d1-eb8da4ce9109,-0.01,-0.34,-0.66,True,0.15,308465,"AhhdRu5YZdjVkKR3wbnUDaymVQL2ucjMQ63sZ3LFHsch, EPjFWdd5AufqSSqeM2qN1xzybapC8G4wEGGkZwyTDt1v"
kamino-lend,USDS,4.55333,4.55333,0,,fa36ea14-cfb0-4f04-853f-366b22f0d887,-0.00106,0.07377,1.1552,True,0,305027,USDSwr9ApdHk5bvJKMjzff41FfuX8bSxdKcR81vTwcA
raydium-amm,WSOL-ALON,7.04,7.04,0,,661d9b85-3750-43c9-a109-154daf11dab3,1.18,4.71,3.67,False,5.65,305004,"So11111111111111111111111111111111111111112, 8XtRWb4uAAJFMP4QQhoYYCWR6XXb7ybcCdiqPwz9s5WS"
raydium-amm,STSOL-USDC,1,1,0,,7a82f91e-2f28-4b3a-af08-4d553721dd51,-1.08,-0.16,-8.33,False,1.03,304539,"7dHbWXmci3dT8UFYWYZweBLXgycu7Y3iL6trKn1Y7ARj, EPjFWdd5AufqSSqeM2qN1xzybapC8G4wEGGkZwyTDt1v"
raydium-amm,WSOL-PWEASE,2.02,2.02,0,,b079d173-6ed9-4dc5-845d-96d6301f2a00,-2.7,-0.81,0.35,False,1.28,303307,"So11111111111111111111111111111111111111112, CniPCE4b3s8gSUPhUiyMjXnytrEqUrMfSsnbBjLCpump"
raydium-amm,WSOL-MOTHER,0.98,0.98,0,,872ad21b-2cd9-4c55-8714-4f43a39dfa11,-0.06,-0.41,0,False,0.75,301285,"So11111111111111111111111111111111111111112, 3S8qX1MsMqRbiwKg2cQyx7nis1oHMgaCuc9c4VfvVdPN"
raydium-amm,MVP-USDC,0.03,0.03,0,,98e192ef-00cf-580c-8ca6-3cea708c08f3,0,0,0,False,0.01,299957,"8NBrukNgw7GjZNjJ12L7pHQu7BR7i1Zx6wTFaMRG9tyn, EPjFWdd5AufqSSqeM2qN1xzybapC8G4wEGGkZwyTDt1v"
raydium-amm,MVP-USDC,0.07,0.07,0,,c7291870-78f6-54ce-bdc5-ba6823bf3696,0,0,0,False,0.01,299957,"4iQtQeWnQfeJDgztSKpkHoCATnBWC71nfkxa1j2vFzge, EPjFWdd5AufqSSqeM2qN1xzybapC8G4wEGGkZwyTDt1v"
gmtrade,XPT-USDC,87.57332,87.57332,0,,0fe1de2a-b3a6-4575-94a2-f3938da47f79,-3.6838,27.34137,64.11769,False,0,297981,EPjFWdd5AufqSSqeM2qN1xzybapC8G4wEGGkZwyTDt1v
kamino-liquidity,KYSOL-JITOSOL,0,0,0,,89078c25-46af-4855-a513-db4b5d91ed01,-0.20154,0,0,False,0.10827,297931,"kySo1nETpsZE2NWe5vj2C64mPSciH1SppmHb4XieQ7B, J1toso1uCk3RLmjorhTtrVwY9HJ7X8V9yYac6Y7kGCPn"
raydium-amm,KYSOL-JITOSOL,0.01,0.01,0,,b820fb28-a93a-4d1e-81d0-da3453b98e54,-0.03,-0.09,0,False,0.08,297782,"kySo1nETpsZE2NWe5vj2C64mPSciH1SppmHb4XieQ7B, J1toso1uCk3RLmjorhTtrVwY9HJ7X8V9yYac6Y7kGCPn"
raydium-amm,NEET-USDC,16.42,16.42,0,,df4a9c30-9169-4a5b-b09e-5e958bd3ceac,-4.94,7.24,5.64,False,8.42,297369,"Ce2gx9KGXJ6C9Mp5b5x1sn9Mg87JwEbrQby4Zqo3pump, EPjFWdd5AufqSSqeM2qN1xzybapC8G4wEGGkZwyTDt1v"
raydium-amm,WSOL-SIGMA,1.56,1.56,0,,f7886da4-e57f-4678-a9b9-0d9cf1d6ccbe,-1.95,0.93,-1.54,False,1.49,296959,"So11111111111111111111111111111111111111112, 5SVG3T9CNQsm2kEwzbRq6hASqh1oGfjqTtLXYUibpump"
raydium-amm,WSOL-KITTY,87.38,87.38,0,,590ca2b4-5dee-4423-b912-eb0d7ad030cc,41.79,40.51,76.27,False,26.12,295934,"So11111111111111111111111111111111111111112, 4N4DnNo3qpPks9aQCkcWkzoir8tnvT6diS4TnnZibonk"
kamino-liquidity,USDC-JITOSOL,3.3204,3.3204,0,,42812946-46fa-4dfb-afc2-d6ce8541c3c7,-2.60023,-0.48724,-18.63761,False,5.87822,295831,"EPjFWdd5AufqSSqeM2qN1xzybapC8G4wEGGkZwyTDt1v, J1toso1uCk3RLmjorhTtrVwY9HJ7X8V9yYac6Y7kGCPn"
orca-dex,SOL-ORE,48.56198,48.56198,0,,64bdbf93-387a-4215-b5ae-6fcc908d2e48,-5.44711,-27.94621,-93.74982,False,95.16846,293851,"So11111111111111111111111111111111111111112, oreoU2P8bN6jkk3jbaiVxYnG1dCXcYxwhwyK9jSybcp"
gmtrade,WGMX-USDC,113.87055,113.87055,0,,f34faa07-f81b-4214-8656-3f2d6ead7494,9.38332,51.16573,39.07316,False,0,293618,"9wX6Qz1Y5YQe71dfnFYFfZYXZhKqjYKQwdqfrRkmYUSX, EPjFWdd5AufqSSqeM2qN1xzybapC8G4wEGGkZwyTDt1v"
raydium-amm,WSOL-MOBY,5.55,5.55,0,,9c70ed31-a89a-4c6b-b421-6cff1cf6a063,-0.76,0.86,-6,False,4.85,291003,"So11111111111111111111111111111111111111112, Cy1GS2FqefgaMbi45UunrUzin1rfEmTUYnomddzBpump"
kamino-lend,USDC,0.94594,0.94594,0,,528a7553-250b-5d1a-ac69-223bf9c896f6,0.00749,-1.71818,0,True,0,290313,EPjFWdd5AufqSSqeM2qN1xzybapC8G4wEGGkZwyTDt1v
orca-dex,GP-USDC,1.05554,1.05554,0,,aa220686-ff62-4399-a009-2c2cef13e837,-1.66686,-0.06992,-3.96712,False,3.61383,289532,"31k88G5Mq7ptbRDf3AM13HAq6wRQHXHikR8hik7wPygk, EPjFWdd5AufqSSqeM2qN1xzybapC8G4wEGGkZwyTDt1v"
raydium-amm,MCDULL-WSOL,0.16,0.16,0,,0ff2abca-65e3-42d8-b310-92b83d3ebff4,0,0,0,False,0.03,289074,"Buoj8HCZMnLRwzDmjzaswhkVhLZD58PG4pZ7rnYp6pCr, So11111111111111111111111111111111111111112"
kamino-liquidity,SOL-USDC,20.80751,20.80751,0,,46495b67-7477-48ee-bf03-0637cb2e1aec,20.80751,14.45985,12.22817,False,7.48913,286822,"So11111111111111111111111111111111111111112, EPjFWdd5AufqSSqeM2qN1xzybapC8G4wEGGkZwyTDt1v"
gmtrade,WSOL-USDC,60.28056,60.28056,0,,7ed58117-7d83-4134-af76-7682213e9160,6.75053,10.67523,41.62879,False,0,285146,"So11111111111111111111111111111111111111112, EPjFWdd5AufqSSqeM2qN1xzybapC8G4wEGGkZwyTDt1v"
loopscale,JITOSOL,0.01449,0.01449,0,,11dda3b2-b7e9-4f63-a3fb-0a6bdc4c890c,2e-05,-0.00108,-0.00028,False,0,283638,J1toso1uCk3RLmjorhTtrVwY9HJ7X8V9yYac6Y7kGCPn
jupiter-lend,WSOL,4.02883,4.02883,0,,560e31a8-538a-4050-b665-18be965666ba,-0.03121,-0.62597,-0.84595,False,0,281546,So11111111111111111111111111111111111111112
raydium-amm,USDC-$INF8,0.32,0.32,0,,b7ad7adf-ec6e-4e2f-a71d-7cafb4ddff1e,0,0,0,False,0.05,281498,"EPjFWdd5AufqSSqeM2qN1xzybapC8G4wEGGkZwyTDt1v, J6MZ299GjaeEXMk7easK9NkpiRHKsmxnQDr2ZqiqVYUL"
jupiter-lend,MSOL,0,0,0,,ab045b77-c025-4bb7-ac42-a304ae3539ce,0,0,0,False,0,281461,mSoLzYCxHdYgdzU16g5QSh3i5K3z3KZK7ytfqcJm7So
raydium-amm,WSOL-$MICHI,1.17,1.17,0,,120adbda-f023-4067-a9e8-c7b5f16fbb42,0.24,-0.08,0,False,0.54,278059,"So11111111111111111111111111111111111111112, 5mbK36SZ7J19An8jFochhQS4of8g6BwUjbeCSxBSoWdp"
jupiter-lend,CBBTC,0,0,0,,be0c73e7-3a61-414c-a0d0-a6994960ba50,0,0,0,False,0,275942,cbbtcf3aa214zXHbiAZQwf4122FBYbraNdFqgw4iMij
raydium-amm,WSOL-WW3,1.07,1.07,0,,116ca384-8e49-41cb-9795-e6b9eddc67e3,0.35,0.29,-1.18,False,1.12,273405,"So11111111111111111111111111111111111111112, 7m2TUkpPZCScBhPJnGjWjbh75KkDNnwAdd7i74m8awad"
orca-dex,GEOD-USDC,32.31657,32.31657,0,,96b9309a-9bd2-4906-b5dc-b2552fc9f5e3,9.2978,20.11841,-9.63466,False,18.29265,273403,"7JA5eZdCzztSfQbJvS8aVVxMFfd81Rs9VvwnocV1mKHu, EPjFWdd5AufqSSqeM2qN1xzybapC8G4wEGGkZwyTDt1v"
raydium-amm,WSOL-$1,1.07,1.07,0,,02d1793e-b2b6-4b0f-a0e2-248810a0ba45,-1.43,-0.5,-8.37,False,1.07,272962,"So11111111111111111111111111111111111111112, GHichsGq8aPnqJyz6Jp1ASTK4PNLpB5KrD6XrfDjpump"
raydium-amm,WSOL-BILLY,0.85,0.85,0,,0d75f1be-d77d-4e43-a6eb-a5a5100aa34b,-0.68,0.37,-0.46,False,0.83,269809,"So11111111111111111111111111111111111111112, 3B5wuUrMEi5yATD7on46hKfej3pfmd7t1RKgrsN3pump"
orca-dex,STA-STB,0.01037,0.01037,0,,d45f3c99-1324-4190-8f04-37f5ae266ab5,0.01037,0.0101,0.01037,False,0.00315,269392,"2EvzX3DF28aQY4TU6r8mLzVSEG6v7ZdTVrpv95RtoSTA, 7SDDWS8cEUp1qYWCA7RnR4FdH4neDAi9itm5R3stoSTB"
project-0,USDT,5.70637,5.70637,0,,7bc3bdb4-a48f-4fe5-8922-724cc44b327d,0.05483,1.74376,-0.2104,True,0,268531,Es9vMFrzaCERmJfrF4H2FYD4KCoNkY11McCe8BenwNYB
raydium-amm,GOOGLX-USDC,13.81,13.81,0,,f37649e7-52ac-46ae-bf1c-7ff1921c3cf7,-26.43,1.08,-10.13,False,27.56,267382,"XsCPL9dNWBMvFtTmwcCA5v3xWPSMEBCszbQdiLLq6aN, EPjFWdd5AufqSSqeM2qN1xzybapC8G4wEGGkZwyTDt1v"
raydium-amm,WSOL-SC,1.01,1.01,0,,80c8defd-8541-4099-99d1-b7b072758066,-0.2,0.18,0.01,False,0.77,266159,"So11111111111111111111111111111111111111112, 6D7NaB2xsLd7cauWu1wKk6KBsJohJmP2qZH9GEfVi5Ui"
orca-dex,SPYX-USDC,2.03022,2.03022,0,,119990a9-9784-4203-b72d-70fa7bcd6769,-5.42583,-2.2734,-1.83281,False,14.30542,265223,"XsoCS1TfEyfFhfvj8EtZ528L3CaKBDBRqRapnBbDF2W, EPjFWdd5AufqSSqeM2qN1xzybapC8G4wEGGkZwyTDt1v"
openeden-tbill,TBILL,3.39522,3.39522,0,,43491afc-b9a5-4f12-974a-1f9cdfb5d7d5,-0.10014,0.26947,0.10465,False,3.07496,264928,4MmJVdwYN8LwvbGeCowYjSx7KoEi6BJWg8XXnW4fDDp6
raydium-amm,WSOL-LYNK,1.24,1.24,0,,321afd81-def7-4df5-9034-c7c3b19ec321,-0.51,-0.59,0.04,False,1.14,263979,"So11111111111111111111111111111111111111112, HZG1RVn4zcRM7zEFEVGYPGoPzPAWAj2AAdvQivfmLYNK"
raydium-amm,WSOL-KORI,4.11,4.11,0,,6920d26e-1f5e-44cd-a925-cd09c73e5bba,-3.59,-2.03,-4.65,False,3.43,262028,"So11111111111111111111111111111111111111112, HtTYHz1Kf3rrQo6AqDLmss7gq5WrkWAaXn3tupUZbonk"
raydium-amm,WSOL-GRASS,0.51,0.51,0,,acd2a7e0-55ee-46ee-a1b2-66298b60cb0e,-0.3,-0.44,-3.13,False,0.4,260599,"So11111111111111111111111111111111111111112, Grass7B4RdKfBCjTKgSqnXkqjwiGvQyFbuSCUJr3XXjs"
raydium-amm,AIXDROP-USDT,16.45,16.45,0,,ca0151ad-7189-40de-be1b-c945b55efcdf,5.77,0,15.83,False,5.92,259629,"DRoPH9pb1eXQ3VvhwWuP1k5P5R9hkxVmniZCouihxH6w, Es9vMFrzaCERmJfrF4H2FYD4KCoNkY11McCe8BenwNYB"
raydium-amm,RETARDIO-WSOL,8.06,8.06,0,,3fee280d-8834-4dc7-ac1f-bb395ff332da,-10.47,4.3,-2.34,False,2.87,259147,"6ogzHhzdrQr9Pgv6hZ2MNze7UrzBMAFyBBWUYp1Fhitx, So11111111111111111111111111111111111111112"
orca-dex,XGHC-USDT,0.00284,0.00284,0,,e1889f2d-92a4-5ac3-b71f-2cca11255e01,0,0,0,False,0.00041,257855,"qEorGcWNtQNZaaCqB64jpsE876WHAD8wQUwq3qxxNgF, Es9vMFrzaCERmJfrF4H2FYD4KCoNkY11McCe8BenwNYB"
orca-dex,XGDD-USDT,0.00289,0.00289,0,,314643b1-f43b-5ff3-a629-efe04e1f7027,0,0,0,False,0.00041,257852,"CW4pwbH65oytMY3Yn71Znq6cZm5tZtqPqu4Kaq6d9sCK, Es9vMFrzaCERmJfrF4H2FYD4KCoNkY11McCe8BenwNYB"
orca-dex,DHCW-USDT,0.00286,0.00286,0,,8ce29cb8-aa15-53cc-b889-090a0aa300ba,0,0,0,False,0.00041,257836,"DRFRRwimS1QS1AA7PGfkp5MgfF3dSAX2sAwigxHMAex3, Es9vMFrzaCERmJfrF4H2FYD4KCoNkY11McCe8BenwNYB"
orca-dex,XGDD-USDT,0.00284,0.00284,0,,2fe6d8c5-822b-59f3-9d7c-e90a630f5bff,0,0,0,False,0.00041,257815,"5fmTJPzbc8EkEVjpsn1AWXe8ZeAGgnofXeVfincpW9su, Es9vMFrzaCERmJfrF4H2FYD4KCoNkY11McCe8BenwNYB"
orca-dex,USXG-USDT,0.00286,0.00286,0,,86f6776d-67a6-5b45-ac59-d7b90b10beb0,0,0,0,True,0.00041,257790,"5qMqvQUBpPZWbD5axasyZwGE6VWDPGD2Fce9NPToFgpJ, Es9vMFrzaCERmJfrF4H2FYD4KCoNkY11McCe8BenwNYB"
orca-dex,HCDD-USDT,0.00156,0.00156,0,,a678a618-ee6a-5440-8aa6-4eabaacb6173,0,0,0,False,0.00022,257592,"5ao44Q8iwJpreHgN5vkqt7zTJJSpsqktKorZsLFZNApF, Es9vMFrzaCERmJfrF4H2FYD4KCoNkY11McCe8BenwNYB"
raydium-amm,WSOL-CAR,0.54,0.54,0,,f2862af0-8985-4624-bc82-065c42613ffb,0.12,0,-0.17,False,0.19,255037,"So11111111111111111111111111111111111111112, 7oBYdEhV4GkXC19ZfgAvXpJWp2Rn9pm1Bx2cVNxFpump"
orca-dex,XGCD-USDT,0.0031,0.0031,0,,d9533087-b387-502a-8645-e3134b77c191,0,0,0,False,0.00044,253575,"CTagdjvtQK4AC2Qf9U9gK12Y8j9DgnNxJw5KQXPEBUcD, Es9vMFrzaCERmJfrF4H2FYD4KCoNkY11McCe8BenwNYB"
orca-dex,MODT-USDT,0.00289,0.00289,0,,a2a65cd5-c343-5b3e-b702-f69546ca9714,0,0,0,True,0.00041,253570,"2utiCN1sWuMdRk7JUPuwkPfzFJPYJ4JLwLT3wbDNEaey, Es9vMFrzaCERmJfrF4H2FYD4KCoNkY11McCe8BenwNYB"
orca-dex,USDT-XGUS,0.00291,0.00291,0,,302f45c6-1ee4-5afa-93d8-37d03d43e771,0,2e-05,0,False,0.00042,253569,"Es9vMFrzaCERmJfrF4H2FYD4KCoNkY11McCe8BenwNYB, GPPy8hSWPbZx6sYHLRyqxdt9BUyHSijVCaXY38gcVHoU"
orca-dex,UCBD-USDT,0.00288,0.00288,0,,660f40be-8e86-5732-b460-a96ef07e8870,0,0,0,False,0.00041,253551,"3Axm2kTeCU8cb8X6cUBkUYveptz644t7rmoKoZhcFZ87, Es9vMFrzaCERmJfrF4H2FYD4KCoNkY11McCe8BenwNYB"
orca-dex,XGDD-USDT,0.00289,0.00289,0,,d74ed4f8-27fc-5eab-ba25-a70af691b742,0,0,0,False,0.00041,253537,"AFgMVZ39wZFe4URUufYtUdKWVXAP1aX776ij7uAoVuAr, Es9vMFrzaCERmJfrF4H2FYD4KCoNkY11McCe8BenwNYB"
orca-dex,USXG-USDT,0.00356,0.00356,0,,a91fab28-a5b2-5ffa-bc0f-369bc54ff11f,0,0,0,True,0.00051,253517,"3EnGNATwuW1QpSQdSwJcvzXcGEkaFpPn34QtMQwg3iVQ, Es9vMFrzaCERmJfrF4H2FYD4KCoNkY11McCe8BenwNYB"
orca-dex,USXG-USDT,0.00294,0.00294,0,,2195ba50-3a2d-5372-9489-002b857885f8,0,0,0,True,0.00042,253503,"3HDEZLFVB3CWc28z1uFGzURRPABhUNjo3jiJZ7TXK7oH, Es9vMFrzaCERmJfrF4H2FYD4KCoNkY11McCe8BenwNYB"
orca-dex,USDT-USXG,0.00294,0.00294,0,,794c6050-b095-50ad-8504-f709c058823a,0,0,0,True,0.00042,253488,"Es9vMFrzaCERmJfrF4H2FYD4KCoNkY11McCe8BenwNYB, GrTSVaaFvKGr13WmEviJmz5vTP3kF6BMaSpWCdJhLMeu"
orca-dex,USDT-UHBC,1e-05,1e-05,0,,2e2b5be7-64cf-5983-a665-b57e52d3f4fd,0,0,0,False,0,252849,"Es9vMFrzaCERmJfrF4H2FYD4KCoNkY11McCe8BenwNYB, F17E8PhDMgqxvfEA1aUUWen29Qu2NR5psAhwdSEK21pq"
raydium-amm,MLG-WSOL,1,1,0,,784c24d2-8578-4124-9f30-068cb6522388,-1.13,-0.19,-0.76,False,1.51,252672,"7XJiwLDrjzxDYdZipnJXzpr1iDTmK55XixSFAa7JgNEL, So11111111111111111111111111111111111111112"
raydium-amm,INC-WSOL,1.28,1.28,0,,5a23252d-e4b7-422c-a6ad-7727ef0df05e,0.06,-0.23,-0.48,False,0.76,251311,"Fe5c469ADZyvnZrB8gdDsYt5eLKodaVYhYJCdunVr1nA, So11111111111111111111111111111111111111112"
raydium-amm,USD1-FREYA,0.58,0.58,0,,f9b5a38f-4ab9-41cd-918f-6f5d7761eb14,0,-0.69,0,False,0.12,250797,"USD1ttGY1N17NEEHLmELoaybftRBUSErhqYiQzvEmuB, AzVCECC5zr21ikYQne4Xtoh3SVg848duPHUHb3M7bonk"
kamino-liquidity,WM-USDC,0,0,0,,3ad89506-20cc-4dd3-a8ce-79415ce4e3a1,0,0,0,False,0,250354,"mzeroXDoBpRVhnEXBra27qzAMdxgpWVY3DzQW7xMVJp, EPjFWdd5AufqSSqeM2qN1xzybapC8G4wEGGkZwyTDt1v"
raydium-amm,WSOL-STNK,2.29,2.29,0,,8213e8ac-65e1-4fdd-86e6-2e22461d4262,-0.57,-1.66,-59.47,False,2.62,250158,"So11111111111111111111111111111111111111112, 43VWkd99HjqkhFTZbWBpMpRhjG469nWa7x7uEsgSH7We"
orca-dex,STA-STB,0.0044,0.0044,0,,8c242a8c-523a-4878-8b25-b714abae09a4,-0.00525,0.00422,0.0044,False,0.00281,249350,"2EvzX3DF28aQY4TU6r8mLzVSEG6v7ZdTVrpv95RtoSTA, 7SDDWS8cEUp1qYWCA7RnR4FdH4neDAi9itm5R3stoSTB"
raydium-amm,LOCKIN-WSOL,3.43,3.43,0,,b3aa20ae-6e2c-4f68-b1ed-b36b76caa649,-2.92,-0.94,-0.81,False,2.34,249302,"8Ki8DpuWNxu9VsS3kQbarsCWMcFGWkzzA8pUPto9zBd5, So11111111111111111111111111111111111111112"
raydium-amm,CBBTC-WBTC,0.38,0.38,0,,5d03acac-a8dc-4b6f-8363-b9f32bc9162a,-0.21,-0.13,-7.61,False,0.19,248646,"cbbtcf3aa214zXHbiAZQwf4122FBYbraNdFqgw4iMij, 3NZ9JMVBmGAqocybic2c7LQCJScmgsAZ6vQqTDzcqmJh"
raydium-amm,WSOL-SHOGGOTH,3.12,3.12,0,,77c94b35-97d2-44ff-9c51-4d5492907d8d,1.04,2.07,2.56,False,1.18,246048,"So11111111111111111111111111111111111111112, H2c31USxu35MDkBrGph8pUDUnmzo2e4Rf4hnvL2Upump"
raydium-amm,SHIT-USDT,1.4,1.4,0,,7c0812aa-a058-4ec4-a00f-a8dfe5eaf895,-0.34,-0.12,-0.6,False,1.17,244824,"ShitJuMfPKCQU7LedLERFYapDta7CCdKExPWX2gETRH, Es9vMFrzaCERmJfrF4H2FYD4KCoNkY11McCe8BenwNYB"
orca-dex,WYT-USDC,123.95778,123.95778,0,,e99ed358-5ff6-4aeb-87a2-cf1d38c5cebd,15.45861,-38.76075,-154.89642,False,162.96003,244820,"7pKXpFsnZS5BB4Eydk3uZ84FeKDSvkv1z4Hv5ayQ28RV, EPjFWdd5AufqSSqeM2qN1xzybapC8G4wEGGkZwyTDt1v"
raydium-amm,SOLATRX-USDT,0.01,0.01,0,,93cc2882-62fd-5942-99a7-3003b123914b,0,0,0,False,0,243982,"6mrjqxVkf7NYN7b5xJT8BNK2P8iiCyNYoqaYWdj4NVSE, Es9vMFrzaCERmJfrF4H2FYD4KCoNkY11McCe8BenwNYB"
raydium-amm,SOLCEX-WSOL,4.3,4.3,0,,3311c809-c3e2-4d3c-b23b-a5493fdc5f56,-3.38,-5.4,-5.39,False,3.85,243274,"AMjzRn1TBQwQfNAjHFeBb7uGbbqbJB7FzXAnGgdFPk6K, So11111111111111111111111111111111111111112"
orca-dex,USDC-FRXUSD,0,0,0,,a8f58a27-63f0-4511-b642-1ee93a63d00d,-0.00918,-3e-05,-0.20449,True,0.00271,241015,"EPjFWdd5AufqSSqeM2qN1xzybapC8G4wEGGkZwyTDt1v, GzX1ireZDU865FiMaKrdVB1H6AE8LAqWYCg6chrMrfBw"
kamino-liquidity,USDC-FRXUSD,0,0,0,,e46ae0fd-0abb-48e8-a90c-82666fef74fb,0,0,0,True,0,240940,"EPjFWdd5AufqSSqeM2qN1xzybapC8G4wEGGkZwyTDt1v, GzX1ireZDU865FiMaKrdVB1H6AE8LAqWYCg6chrMrfBw"
raydium-amm,WSOL-DREAMS,4.89,4.89,0,,6cd9f06a-5abc-482d-9116-26f381fd8917,-0.83,-11.42,-1.57,False,3.19,240071,"So11111111111111111111111111111111111111112, GMzuntWYJLpNuCizrSR7ZXggiMdDzTNiEmSNHHunpump"
orca-dex,TGBP-USDC,0.00132,0.00132,0,,9994027b-8888-472a-a1a6-6b76f1c362a8,-0.06245,0.00077,-0.00638,True,0.25064,239992,"2zMqyX4AYCk6mgy5UZ2S7zUaLxwERhK5WjqDzkPPbSpW, EPjFWdd5AufqSSqeM2qN1xzybapC8G4wEGGkZwyTDt1v"
raydium-amm,ASBDA-USDT,0.01,0.01,0,,7b537c89-280b-5dae-9154-7734a91148c2,0,0,0,False,0,239733,"B8w2WQ1bTymbw22dzGFJsRhPx14mfnavnebXeJvrBUuU, Es9vMFrzaCERmJfrF4H2FYD4KCoNkY11McCe8BenwNYB"
raydium-amm,PSADB-USDT,0.01,0.01,0,,87898688-c8af-55e9-9c12-f8ebb8316124,0,0,0,False,0,239700,"BXRMZttRgEs6HF3pMeqygJrW56wdmyo2ZWRJPn8UyfLH, Es9vMFrzaCERmJfrF4H2FYD4KCoNkY11McCe8BenwNYB"
raydium-amm,PSADD-USDT,0.01,0.01,0,,d2c35f35-8d8f-5435-ae97-e0e461584d0c,0,0,0,False,0,239690,"CZienXSXxiVqwD8Hqx3WRe8fgu5mrYPJBf6YxL2GnH8h, Es9vMFrzaCERmJfrF4H2FYD4KCoNkY11McCe8BenwNYB"
save,SSOL,0,0,0,,db23a9ec-173b-48ac-a722-a8adccf2aa5a,0,0,0,False,0,239065,sSo14endRuUbvQaJS3dq36Q829a3A6BEfoeeRGJywEh
orca-dex,CBBTC-XBTC,0.30116,0.30116,0,,5da5ddfa-7b18-4b3c-bb01-380174cbf449,-1.22539,-0.2507,-7.06972,False,1.23222,238930,"cbbtcf3aa214zXHbiAZQwf4122FBYbraNdFqgw4iMij, CtzPWv73Sn1dMGVU3ZtLv9yWSyUAanBni19YWDaznnkn"
raydium-amm,USDT-NPRY,0.22,0.22,0,,a9ba51b1-fc62-4e99-8234-6778bfc27314,0,0,0,False,0.11,238368,"Es9vMFrzaCERmJfrF4H2FYD4KCoNkY11McCe8BenwNYB, FXyEDic5bc255WVNkK8eWAk4sYEJ6aFYWU2zKRXxPz3z"
orca-dex,EUDB-USDT,0.0001,0.0001,0,,8db29652-6c41-5e3a-886f-6680db6f5bcc,0,0,0,False,1e-05,236144,"AZAwJZob2xsqXtfSoddoMa1KHs1RQbTnHTeUqdBmVzUM, Es9vMFrzaCERmJfrF4H2FYD4KCoNkY11McCe8BenwNYB"
orca-dex,SOL-RENDER,2.74014,2.74014,0,,4376015c-0cde-4a59-b7cc-ed2ee92277c1,-1.19966,1.23477,-13.2005,False,4.46918,236115,"So11111111111111111111111111111111111111112, rndrizKT3MK1iimdxRdWabcF7Zg7AR5T4nud4EkHBof"
kamino-liquidity,SOL-INF,0,0,0,,f4f1b5a0-2ef0-42aa-947b-a5d64ecfc6d8,0,-0.09484,0,False,0.01116,235029,"So11111111111111111111111111111111111111112, 5oVNBeEEQvYi1cX3ir8Dx5n1P7pdxydbGF2X4TxVusJm"
raydium-amm,WSOL-ALNOOR,3.1,3.1,0,,23192a08-98c7-411d-9c2a-f387259b436b,1,1.95,0,False,0.83,234428,"So11111111111111111111111111111111111111112, 8MohwPY3hm8SJfQGi4KuDfKTMeisGhcGiTa7yEFabray"
raydium-amm,ASBDB-USDT,0.01,0.01,0,,04b1ed80-e103-5f02-854a-f8945207f4d9,0,0,0,False,0,232797,"Bi1a44FrskDL1Xv7TwRb3iruLEYfMinBecVGvrgcvMPP, Es9vMFrzaCERmJfrF4H2FYD4KCoNkY11McCe8BenwNYB"
raydium-amm,SOLNA-TRX-USDT,0.01,0.01,0,,3187de76-e4b2-575e-8de4-e8e5f936ce56,0,0,0,False,0,231995,"9feP5rZ1sCw9T8eqDnZMisAUTiM3WKnKoGWjtPvXjmt5, Es9vMFrzaCERmJfrF4H2FYD4KCoNkY11McCe8BenwNYB"
raydium-amm,SOLNA-TRX-USDT,0.01,0.01,0,,1cd88dad-1b66-5ba0-a12e-77aa086ebd3d,0,0,0,False,0,231961,"6ofBrC4cNXddra85KdZEkJdVqYjRX5zhC6JH9k64uNHZ, Es9vMFrzaCERmJfrF4H2FYD4KCoNkY11McCe8BenwNYB"
raydium-amm,SPYX-USDC,6.01,6.01,0,,f5be6f43-4e18-4bc4-9e96-f64abc62b201,-7.94,-4.9,-116.67,False,15.4,231528,"XsoCS1TfEyfFhfvj8EtZ528L3CaKBDBRqRapnBbDF2W, EPjFWdd5AufqSSqeM2qN1xzybapC8G4wEGGkZwyTDt1v"
orca-dex,STA-STB,0.00404,0.00404,0,,16f27e39-47da-4d2d-a015-6c4ff795647e,0.00359,0.00393,0.00093,False,0.00152,228841,"2EvzX3DF28aQY4TU6r8mLzVSEG6v7ZdTVrpv95RtoSTA, 7SDDWS8cEUp1qYWCA7RnR4FdH4neDAi9itm5R3stoSTB"
orca-dex,UKDB-USDT,0.00327,0.00327,0,,49f63c81-08dc-52b6-baff-80faac6470ed,0,0,0,False,0.00047,228716,"BHVDUMPFW3D1Dn9Xww4xqrvcAv46bSssDaDAe46YE3UA, Es9vMFrzaCERmJfrF4H2FYD4KCoNkY11McCe8BenwNYB"
orca-dex,USDT-OCDR,0.00161,0.00161,0,,4475cae2-6bd7-5222-805b-226c1fd1614a,0,0,0,False,0.00023,228670,"Es9vMFrzaCERmJfrF4H2FYD4KCoNkY11McCe8BenwNYB, FBGAkaUziviCzKHxndAJsH4ShrRyF5HmsJLZrsqr5L4W"
orca-dex,KRDB-USDT,8e-05,8e-05,0,,5fdb3131-a497-5f40-8586-77c154455238,0,0,0,False,1e-05,228426,"2AAg2rtsZ1wHxeZLsY1gJxNSnWKVCVg6ZmjdAHk3GJfZ, Es9vMFrzaCERmJfrF4H2FYD4KCoNkY11McCe8BenwNYB"
orca-dex,KRDB-USDT,0.00016,0.00016,0,,82ebfe9e-1c47-5842-8f8e-2df3594af635,0,0,0,False,2e-05,228426,"4dzK7YqfoX7GDBXhXADs4aCiL9YoavDT1pQavp35jKo1, Es9vMFrzaCERmJfrF4H2FYD4KCoNkY11McCe8BenwNYB"
orca-dex,KRDB-USDT,9e-05,9e-05,0,,3ce5002d-aa6e-550b-9547-6746fb888f17,0,0,0,False,1e-05,228393,"CwyjrW763qkgP7b2vYV9HyvruEygeMqoGx4bTrdPqNzw, Es9vMFrzaCERmJfrF4H2FYD4KCoNkY11McCe8BenwNYB"
orca-dex,EUDB-USDT,0.0001,0.0001,0,,3f8228e0-791c-5bdd-a83d-0ec337572c97,0,0,0,False,1e-05,228392,"BMwvThm1iDJuBMu4Ry6orEm4kEbkz513oij7788YpyX2, Es9vMFrzaCERmJfrF4H2FYD4KCoNkY11McCe8BenwNYB"
orca-dex,EUDB-USDT,0.0001,0.0001,0,,f28db07c-378e-5e72-aef9-55c02b5022e8,0,0,0,False,1e-05,228378,"6EDJxgX55ghzqz1EmKbkydBo1DL73qusaiVGcaghG8qg, Es9vMFrzaCERmJfrF4H2FYD4KCoNkY11McCe8BenwNYB"
orca-dex,EUDB-USDT,2e-05,2e-05,0,,6f7f9976-9b21-5a4a-a414-c1384a11ed8a,0,0,0,False,0,228358,"3pYPJrkpgpzGSsSL62BUmtBVxG9GwHasa16oLAoxKcwP, Es9vMFrzaCERmJfrF4H2FYD4KCoNkY11McCe8BenwNYB"
orca-dex,EUDB-USDT,0.0001,0.0001,0,,560f65d8-0896-5e73-8e7d-34f65d183c81,0,0,0,False,1e-05,228337,"5T927oPKRtR5HzHcAiLZBixKHkQQaWPFp4xiLKyS12Bb, Es9vMFrzaCERmJfrF4H2FYD4KCoNkY11McCe8BenwNYB"
orca-dex,EUDB-USDT,0.0001,0.0001,0,,cde28742-7ce8-56cd-a91d-f8d6a8e599c9,0,0,0,False,1e-05,228331,"ANhcvGDuCjAniEne6fetwNhHf5FzTyU6xLE5jahCYKuv, Es9vMFrzaCERmJfrF4H2FYD4KCoNkY11McCe8BenwNYB"
orca-dex,KRDB-USDT,9e-05,9e-05,0,,276d97ca-0997-5a9d-8d2e-663aeedf30d6,0,0,0,False,1e-05,228326,"3CkZQnx7skEf5YQVRJoCP3dyruxbL1NFcw4uHYjh8NtA, Es9vMFrzaCERmJfrF4H2FYD4KCoNkY11McCe8BenwNYB"
orca-dex,KRDB-USDT,8e-05,8e-05,0,,75369210-3763-5823-9766-bed75eebf55b,0,0,0,False,1e-05,228325,"AncAtrf4nitp9gKeVCJ9h929fP3oYMGSz1b3eaCpeY22, Es9vMFrzaCERmJfrF4H2FYD4KCoNkY11McCe8BenwNYB"
jupiter-lend,MSOL,0,0,0,,5c4f5416-5645-4b99-baaa-651f34d6f01e,0,0,0,False,0,227127,mSoLzYCxHdYgdzU16g5QSh3i5K3z3KZK7ytfqcJm7So
raydium-amm,WSOL-SOLARBA,0.38,0.38,0,,cbd46388-671e-4505-a4e3-b27844be3a24,-0.75,0,0.06,False,0.12,226657,"So11111111111111111111111111111111111111112, 6Qd6mmFR84jzg24S3851TWNGeTTFrfPko76UiHyRMDMT"
orca-dex,WHETH-USDC,4.91495,4.91495,0,,26536872-0af7-423c-9ff5-91c410d2d49c,-11.75496,-3.13309,-24.10747,False,13.30207,225800,"7vfCXTUXx5WJV5JADk17DUJ4ksgau7utNKj4b963voxs, EPjFWdd5AufqSSqeM2qN1xzybapC8G4wEGGkZwyTDt1v"
gmtrade,AAPL-USDC,37.84684,37.84684,0,,7b56ac37-1249-4ae8-bd5d-2494f3ac7499,-12.78805,-17.69125,22.70591,False,0,225302,EPjFWdd5AufqSSqeM2qN1xzybapC8G4wEGGkZwyTDt1v
orca-dex,UBDHK-USDT,0.00064,0.00064,0,,f8e2741b-7103-5172-af94-14746aa990de,0,-0.00155,0,False,0.00633,224090,"62xzSFoQ1NBkjxZM3A3e1jyeCwWfGwaKuJpveQSfNLGh, Es9vMFrzaCERmJfrF4H2FYD4KCoNkY11McCe8BenwNYB"
save,STSOL,0,0,0,,c698e697-71e5-4ddd-993f-4d991b3bf2af,0,0,0,False,0,224034,7dHbWXmci3dT8UFYWYZweBLXgycu7Y3iL6trKn1Y7ARj
raydium-amm,WSOL-HAROLD,1.82,1.82,0,,4f11cf50-aa7c-43b4-9282-c79e5655d8f8,-3.37,1.52,0.64,False,0.69,223219,"So11111111111111111111111111111111111111112, 3vgopg7xm3EWkXfxmWPUpcf7g939hecfqg18sLuXDzVt"
orca-dex,SOL-$GOAT,0,0,0,,be912298-d7d4-4641-8029-624ed7ef86d7,0,0,0,False,0,222618,"So11111111111111111111111111111111111111112, 3QPvh7Rbfx8wfr8mSdr4jdbHQnBEtYe9FUL6KhKFdmHo"
raydium-amm,WSOL-MNSRY,0.19,0.19,0,,b167895a-90bb-47ec-82af-8a5322bfbc24,-0.2,-0.2,-1.37,False,0.2,222375,"So11111111111111111111111111111111111111112, 1xdtu7y3LkkrVCAbm5KGKfYzq1qgKhxxk5AaJBqpump"
raydium-amm,XGBC-USDT,0.01,0.01,0,,355f861d-9e68-5a40-8513-0f18fde1a134,0,0,0,False,0,222223,"2KGHRApgyyfHvW5FgPJ1zgn1K6kgrw3NwG1PAk4zRNV8, Es9vMFrzaCERmJfrF4H2FYD4KCoNkY11McCe8BenwNYB"
raydium-amm,BORGY-BORG,2.39,2.39,0,,0b08958d-d01e-4068-99cd-55858110afd2,0.54,-0.76,-1.03,False,0.98,221584,"BorGY4ub2Fz4RLboGxnuxWdZts7EKhUTB624AFmfCgX, 3dQTr7ror2QPKQ3GbBCokJUmjErGg8kTJzdnYjNfvi3Z"
project-0,UXD,0,0,0,,02fe080b-6547-4ebf-a6a3-55f4bc02f75c,0,0,0,True,0,220903,7kbnvuGBxxj8AG9qp8Scn56muWGaRaFqxg1FsRp3PaFT
orca-dex,ST-STB,0,0,0,,1d94c97a-4b3d-4044-8341-2d1c8d45497e,0,-0.00135,-0.00369,False,0.00046,220778,"3bjea65A3CWPKV5sS33Jn3tfgfvsrtixgaDpKK55toST, 7SDDWS8cEUp1qYWCA7RnR4FdH4neDAi9itm5R3stoSTB"
raydium-amm,WSOL-$COLLAT,1.93,1.93,0,,46b6c98f-bc90-4e02-b535-6f52f737f64e,-0.82,0.21,-7.05,False,1.1,220406,"So11111111111111111111111111111111111111112, C7heQqfNzdMbUFQwcHkL9FvdwsFsDRBnfwZDDyWYCLTZ"
orca-dex,OKU-USDT,0,0,0,,c56bc2a3-0dc2-502c-9563-2983dbc25c44,0,0,0,False,0.01183,220238,"8n8voWRc5YTR5uhxHUvS5jyVrxyHDuLu1keMTAzwdNsM, Es9vMFrzaCERmJfrF4H2FYD4KCoNkY11McCe8BenwNYB"
raydium-amm,PSADB-USDT,0.01,0.01,0,,ea4f7e8d-b368-57b8-9542-19f68fcb8f13,0,0,0,False,0,219729,"2XusHZQBVtRtrJUgD5nwzU4AX8CioQLWn8yhtSWmWL9B, Es9vMFrzaCERmJfrF4H2FYD4KCoNkY11McCe8BenwNYB"
orca-dex,STA-STB,0.01358,0.01358,0,,2de9f745-52b6-4792-b2ea-f3b3d2b3bc5f,0.01358,0.01358,0.01358,False,0.00284,219320,"2EvzX3DF28aQY4TU6r8mLzVSEG6v7ZdTVrpv95RtoSTA, 7SDDWS8cEUp1qYWCA7RnR4FdH4neDAi9itm5R3stoSTB"
gmtrade,TSLA-USDC,34.32553,34.32553,0,,e61dbb1b-24aa-4380-a001-644d2c68b2ce,0.03899,-26.96021,8.9979,False,0,219275,EPjFWdd5AufqSSqeM2qN1xzybapC8G4wEGGkZwyTDt1v
orca-dex,STA-ST,0.00363,0.00363,0,,b58a74b1-b6c4-463c-b5fc-c53b90616ac1,0.00262,0.0034,0.00051,False,0.00078,218813,"2EvzX3DF28aQY4TU6r8mLzVSEG6v7ZdTVrpv95RtoSTA, 3bjea65A3CWPKV5sS33Jn3tfgfvsrtixgaDpKK55toST"
gmtrade,WGMX-USDC,144.16027,144.16027,0,,892ecfd5-1eb1-4294-af2a-9a6ad79bdd18,7.3461,61.73248,80.05504,False,0,218638,"9wX6Qz1Y5YQe71dfnFYFfZYXZhKqjYKQwdqfrRkmYUSX, EPjFWdd5AufqSSqeM2qN1xzybapC8G4wEGGkZwyTDt1v"
raydium-amm,MEMDEX-WSOL,0.93,0.93,0,,fad5482d-022b-4073-9467-c5a1a483d08a,-0.5,0.35,0.45,False,0.56,218192,"83iBDw3ZpxqJ3pEzrbttr9fGA57tttehDAxoFyR1moon, So11111111111111111111111111111111111111112"
kamino-liquidity,HYUSD-JITOSOL,1.4955,1.4955,0,,70e45373-e1b0-48b7-9d51-4f683d1326c8,-1.3118,-1.6627,-12.29919,False,3.31958,217982,"5YMkXAYccHSGnHn9nob9xEvv6Pvka9DZWH7nTbotTu9E, J1toso1uCk3RLmjorhTtrVwY9HJ7X8V9yYac6Y7kGCPn"
orca-dex,HYUSD-JITOSOL,1.72236,1.72236,0,,4d5a655b-4228-4341-8485-f8c22a048a55,-2.66223,-0.73199,-20.16773,False,4.43538,217685,"5YMkXAYccHSGnHn9nob9xEvv6Pvka9DZWH7nTbotTu9E, J1toso1uCk3RLmjorhTtrVwY9HJ7X8V9yYac6Y7kGCPn"
raydium-amm,WSOL-CHUD,5.13,5.13,0,,bb353c21-5286-4630-bf1a-48ae29532198,-10.94,1.24,1.77,False,3.71,217196,"So11111111111111111111111111111111111111112, 6yjNqPzTSanBWSa6dxVEgTjePXBrZ2FoHLDQwYwEsyM6"
orca-dex,BOOP-USDC,2e-05,2e-05,0,,cf60d922-ec26-47be-ba90-26635dde94dd,-0.14524,2e-05,-0.10342,False,0.06025,217174,"boopkpWqe68MSxLqBGogs8ZbUDN4GXaLhFwNP7mpP1i, EPjFWdd5AufqSSqeM2qN1xzybapC8G4wEGGkZwyTDt1v"
raydium-amm,WSOL-RAY,4.58,4.58,0,,d22bddb4-be16-437e-a08a-0cb51893f1f0,-8.7,4.2,1.83,False,2.73,216408,"So11111111111111111111111111111111111111112, 4k3Dyjzvzp8eMZWUXbBCjEvwSkkk59S5iCNLY3QrkX6R"
raydium-amm,WSOL-LABUBU,2.4,2.4,0,,751e204d-73a7-42b3-ab05-8ad6f6459a75,-1.01,-0.02,-1.92,False,2.2,216374,"So11111111111111111111111111111111111111112, JB2wezZLdzWfnaCfHxLg193RS3Rh51ThiXxEDWQDpump"
raydium-amm,SOLNA-TRX-USDT,0.01,0.01,0,,ba06faae-c396-53f6-9400-ac3a4d44d7b6,0,0,0,False,0,216030,"7F8KqoJXeahdmuUFMV6oh1NQNNx4j2AH76zRxXhzuhXz, Es9vMFrzaCERmJfrF4H2FYD4KCoNkY11McCe8BenwNYB"
raydium-amm,SOLNA-TRX-USDT,0.01,0.01,0,,cae9d395-2048-5116-a0d0-4d62a7cd5896,0,0,0,False,0,216004,"C8vU1zKmHWU1orYiJTYg7URMqvCjgvn5rbYPk1B8qJ3X, Es9vMFrzaCERmJfrF4H2FYD4KCoNkY11McCe8BenwNYB"
kamino-lend,CBBTC,0,0,0,,72d72145-fa30-4fc5-bad7-a3d95fdd9aa8,0,0,0,False,0,215821,cbbtcf3aa214zXHbiAZQwf4122FBYbraNdFqgw4iMij
orca-dex,CBBTC-JLP,1.34788,1.34788,0,,793745f5-f320-416e-9c86-53a5d4e02c99,-1.62316,0.43094,-19.58832,False,1.49967,215442,"cbbtcf3aa214zXHbiAZQwf4122FBYbraNdFqgw4iMij, 27G8MtK7VtTcCHkpASjSDdkWWYfoqT6ggEuKidVJidD4"
gmtrade,XPD-USDC,83.19612,83.19612,0,,36384f68-0f24-4775-8efd-c1f6828f8f08,-6.41478,23.00351,61.54193,False,0,214751,EPjFWdd5AufqSSqeM2qN1xzybapC8G4wEGGkZwyTDt1v
raydium-amm,TEB-USDC,16.11,16.11,0,,a611a94e-2f96-5be4-aca4-cd6e6dc94c17,3.94,-8.69,0,False,12.78,214270,"Dx68jydZnXJkp6Xngku8FbjFFovp9tZmXT66jrLXpump, EPjFWdd5AufqSSqeM2qN1xzybapC8G4wEGGkZwyTDt1v"
raydium-amm,WSOL-,2.67,2.67,0,,4380ffa9-a513-45c8-a26f-a02cad5f433c,1.32,2.06,2.45,False,1.5,212501,"So11111111111111111111111111111111111111112, 9qriMjPPAJTMCtfQnz7Mo9BsV2jAWTr2ff7yc3JWpump"
orca-dex,SOL-USDC,2.81469,2.81469,0,,ec23484d-7167-4b11-bfd0-e77d54bfa498,-3.35124,-0.78833,-25.64245,False,5.79684,211898,"So11111111111111111111111111111111111111112, EPjFWdd5AufqSSqeM2qN1xzybapC8G4wEGGkZwyTDt1v"
raydium-amm,BODEN-WSOL,0.9,0.9,0,,e864d064-1fda-4038-966a-0bfbeaec06b1,0.18,-0.37,-0.02,False,0.39,211816,"3psH1Mj1f7yUfaD5gh6Zj7epE8hhrMkMETgv5TshQA4o, So11111111111111111111111111111111111111112"
raydium-amm,SOLATRX-USDT,0.01,0.01,0,,6d0eb95e-f889-5ddb-b125-49f01f4119c8,0,0,0,False,0,208717,"EaRQYeAGLiVvp62KzarPUw76sxR4VRsEGJ2mbTReAmrT, Es9vMFrzaCERmJfrF4H2FYD4KCoNkY11McCe8BenwNYB"
kamino-lend,USDS,4.11917,4.11917,0,,dc56c706-7dde-4131-a046-8210e8f4814f,-0.03653,0.4498,0.19263,True,0,207877,USDSwr9ApdHk5bvJKMjzff41FfuX8bSxdKcR81vTwcA
raydium-amm,WSOL-LUCE,0.23,0.23,0,,de6ae7aa-b6ab-4af2-bdab-a265010d9df8,0,-0.59,0,False,0.5,206962,"So11111111111111111111111111111111111111112, CBdCxKo9QavR9hfShgpEBG3zekorAeD7W1jfq2o3pump"
project-0,HSOL,0.00961,0.00961,0,,0987e700-a43d-4c5b-b226-2d61f4390f0b,0,0,9e-05,False,0,206321,he1iusmfkpAdwvxLNGV8Y1iSbj4rUy6yMhEA3fotn9A
raydium-amm,VNXAU-USDC,0.51,0.51,0,,a26d57e4-7e35-4113-9e94-1f4c5127c34e,-0.17,-2.81,-2.99,False,0.66,206292,"9TPL8droGJ7jThsq4momaoz6uhTcvX2SeMqipoPmNa8R, EPjFWdd5AufqSSqeM2qN1xzybapC8G4wEGGkZwyTDt1v"
raydium-amm,PYTHIA-YQS,0.24,0.24,0,,70945c73-7284-4bb4-8f02-9204fb720513,0,-2.7,0,False,0.49,206010,"CreiuhfwdWCN5mJbMJtA9bBpYQrQF2tCBuZwSPWfpump, FC5dyosL5hYkc1rTGKNHDfJEGvACJW8y27TB5rXMf3JD"
raydium-amm,WSOL-COINX,21.42,21.42,0,,1aa2981e-1565-4471-879c-bcd0d2e8236a,-52.47,14.01,-75.5,False,26.87,205324,"So11111111111111111111111111111111111111112, Xs7ZdzSHLU9ftNJsii5fCeJhoRWSC32SQGzGQtePxNu"
raydium-amm,PBTC-WSOL,6.87,6.87,0,,1a81b580-d291-4a70-96c9-24ccd2d9a708,2.03,-1.13,-0.24,False,4.16,204606,"HfMbPyDdZH6QMaDDUokjYCkHxzjoGBMpgaUvpLWGbF5p, So11111111111111111111111111111111111111112"
raydium-amm,WSOL-DORA,0.37,0.37,0,,262937a5-e0ee-4585-94fc-8e47e83e98a2,0,-0.59,-1.34,False,0.43,204100,"So11111111111111111111111111111111111111112, 3yhsQKMeFDo3FN5vxRZnEvvr9cN67aU9qwrMrpURgHVU"
raydium-amm,SOLATRX-USDT,0.01,0.01,0,,bcd45704-86e3-5e72-b2e0-036ecd269001,0,0,0,False,0,204038,"3h3WLj22AyYdMeWjGCB1rkfwzEtFeNbppYT5GxJxfFXc, Es9vMFrzaCERmJfrF4H2FYD4KCoNkY11McCe8BenwNYB"
raydium-amm,AUDIO-USDC,0.63,0.63,0,,bad3c34a-cd03-4f09-ada1-2d0e09d0752b,-0.29,-9.35,-4.41,False,0.76,203692,"9LzCMqDgTKYz9Drzqnpgee3SGa89up3a247ypMj2xrqM, EPjFWdd5AufqSSqeM2qN1xzybapC8G4wEGGkZwyTDt1v"
orca-dex,USAD-USDT,0.0037,0.0037,0,,27f90f2a-cbfc-5e7f-950c-9c4b5ece0f8f,0,0,0,False,0.00053,202948,"DAvpkWBeRZahcxBp9YdX9L9NBKSFStf1bYzude4bY25p, Es9vMFrzaCERmJfrF4H2FYD4KCoNkY11McCe8BenwNYB"
orca-dex,JLP-SYRUPUSDC,0.14841,0.14841,0,,716830b1-61b7-4079-9625-6f5063dfb999,-3.57197,-1.22494,-27.08481,False,2.94274,200459,"27G8MtK7VtTcCHkpASjSDdkWWYfoqT6ggEuKidVJidD4, AvZZF1YaZDziPY2RCK4oJrRVrbN3mTD9NL24hPeaZeUj"
orca-dex,STA-STB,0.00289,0.00289,0,,2c5c3972-cd71-4b9e-b0cb-3803d14ae37c,0.00113,0.00243,-0.00545,False,0.00363,200238,"2EvzX3DF28aQY4TU6r8mLzVSEG6v7ZdTVrpv95RtoSTA, 7SDDWS8cEUp1qYWCA7RnR4FdH4neDAi9itm5R3stoSTB"
raydium-amm,SBT-USDC,0.24,0.24,0,,b8ae3848-d9d2-42f3-b02a-715624465724,0,0,0,False,0.1,199948,"4vCRYQQF24oSyaRfh4rX72zMnPrZSJMQP4pB5yXSMtPu, EPjFWdd5AufqSSqeM2qN1xzybapC8G4wEGGkZwyTDt1v"
raydium-amm,WSOL-FRIC,2.5,2.5,0,,603797bc-91d7-46b9-81d9-fca30928c800,0.69,0.33,1.97,False,3.36,199811,"So11111111111111111111111111111111111111112, EsP4kJfKUDLfX274WoBSiiEy74Sh4tZKUCDjfULHpump"
loopscale,TGBP,6.15539,0,6.15539,2zMqyX4AYCk6mgy5UZ2S7zUaLxwERhK5WjqDzkPPbSpW,61a6a976-f70f-4f38-b4a4-a5d3fda6832c,0,0,-0.21736,True,0,199684,2zMqyX4AYCk6mgy5UZ2S7zUaLxwERhK5WjqDzkPPbSpW
project-0,ALGO,0,0,0,,af449b8a-3085-5bf0-a2de-ef9150de7f0c,0,0,0,False,0,199555,BNisp3omkr6Rg5nHESWafjUbeCpGPy6MYq1iRJRgSAsh
raydium-amm,WSOL-FRED,3.5,3.5,0,,7af646ef-3098-455a-8b7d-a61217559064,1.09,-1.76,1.99,False,3,197961,"So11111111111111111111111111111111111111112, CNvitvFnSM5ed6K28RUNSaAjqqz5tX1rA5HgaBN9pump"
orca-dex,STA-STB,0,0,0,,01240443-2874-4c3e-8763-4198e289eea2,0,0,0,False,0,197667,"2EvzX3DF28aQY4TU6r8mLzVSEG6v7ZdTVrpv95RtoSTA, 7SDDWS8cEUp1qYWCA7RnR4FdH4neDAi9itm5R3stoSTB"
orca-dex,BILL-USDC,69.78139,69.78139,0,,fa4c2169-a338-4b66-95d4-1dc9dc6f59fb,8.1174,36.73871,49.10433,False,38.53127,197498,"Bi11Je4MH3PpyCNiuTAepRbsA5U6DK3DJy79ZFthddX, EPjFWdd5AufqSSqeM2qN1xzybapC8G4wEGGkZwyTDt1v"
raydium-amm,WSOL-NEIRO,0.85,0.85,0,,05cc0a87-c502-4bd1-a48a-42cb979910e5,-0.1,-1.34,0,False,0.44,197263,"So11111111111111111111111111111111111111112, CTg3ZgYx79zrE1MteDVkmkcGniiFrK1hJ6yiabropump"
raydium-amm,SPCXX-USDC,26.12,26.12,0,,8feb7ee9-2530-4168-860a-ee444c809da7,-10.81,-0.69,-205.83278,False,26.85,194912,"Xs3oZwbHvqis4NYcf4YKWmEia2eC84wSiVrcYcTqpH8, EPjFWdd5AufqSSqeM2qN1xzybapC8G4wEGGkZwyTDt1v"
raydium-amm,USDC-HUMA,2.22,2.22,0,,0793eda0-3c6e-490d-b9c4-fd24315c5a48,-1.57,-9.85,-16.56,False,3.03,194633,"EPjFWdd5AufqSSqeM2qN1xzybapC8G4wEGGkZwyTDt1v, HUMA1821qVDKta3u2ovmfDQeW2fSQouSKE8fkF44wvGw"
orca-dex,SOL-USELESS,73.79881,73.79881,0,,d0dc7d4d-f498-4d32-ac19-183c55109f09,40.08343,-39.70977,-31.75232,False,75.99866,194586,"So11111111111111111111111111111111111111112, Dz9mQ9NzkBcCsuGPFJ3r1bS4wgqKMHBPiVuniW8Mbonk"
kamino-lend,USDC,3.33392,3.33392,0,,7e004195-6b2c-4c6e-b985-f3d64ca1469d,-1.25874,-0.11034,1.12244,True,0,194219,EPjFWdd5AufqSSqeM2qN1xzybapC8G4wEGGkZwyTDt1v
raydium-amm,WSOL-A47,3.57,3.57,0,,9117a528-2a8e-45dd-a633-1e4955fa12f4,-7.46,1.56,-8.06,False,9.55,194097,"So11111111111111111111111111111111111111112, CN162nCPpq3DxPCyKLbAvEJeB1aCxsnVTEG4ZU8vpump"
kamino-lend,USDC,5.00012,5.00012,0,,98677171-a1e0-488f-9677-c274004a5e6d,0.00226,0.71088,-2.21693,True,0,193892,EPjFWdd5AufqSSqeM2qN1xzybapC8G4wEGGkZwyTDt1v
raydium-amm,WSOL-ALLINDOGE,62.07,62.07,0,,af61b3b6-241c-4468-a90e-8da963be6357,-15.6,30.51,24.9,False,20.49,193866,"So11111111111111111111111111111111111111112, HyDKNdnhZNVYQMruBevbNsUWruA9STmAQrS4srXApump"
raydium-amm,WSOL-SPC,1.17,1.17,0,,952ac281-0d4c-5f79-94dd-8f8f148a8f86,-1.12,0,0,False,1.12,193245,"So11111111111111111111111111111111111111112, 2MU93nLHhDsHzgEYBKbVbwLDd2pi71ubGp8SkEv9dZwQ"
raydium-amm,DAILY1%-USDC,0.19,0.19,0,,8869d29c-cbb6-45f8-a050-5805273e47be,0,-0.13,-0.7,True,0.03,192821,"5iqjHxGgcRjNyGNtvWS9sSLsQgdrQe7L1Le8MDELmubX, EPjFWdd5AufqSSqeM2qN1xzybapC8G4wEGGkZwyTDt1v"
raydium-amm,WSOL-MUSHU,13.42,13.42,0,,9964e7fa-5c24-48f6-a8b0-2922246ced06,-0.73,-40.32,9.32,False,13.19,191994,"So11111111111111111111111111111111111111112, 5Jr9hGmJgxBRjjF8XGcGgQzXUdsbpZNNMpigEv8Wpump"
raydium-amm,RAY-ETH,0.53,0.53,0,,61d3125a-9bc7-4562-9d73-316da2dcd15a,0.24,-0.05,0,False,0.2,191698,"4k3Dyjzvzp8eMZWUXbBCjEvwSkkk59S5iCNLY3QrkX6R, 2FPyTwcZLUg1MDrwsyoP4D6s1tM7hAkHYRjkNb5w6Pxk"
kamino-lend,USDG,2.41067,2.41067,0,,91467eee-b713-4237-ab6f-996a849d4a1b,0.00298,0.23805,-1.93892,True,0,190766,2u1tszSeqZ3qBWF3uNGPFc8TzMk2tdiwknnRMWGWjGWH
raydium-amm,TREMP-WSOL,1.61,1.61,0,,78584e07-12ab-4eb9-9758-3f401a7c6534,0.77,1.14,0.99,False,0.55,189991,"FU1q8vJpZNUrmqsciSjp8bAKKidGsLmouB8CBdf8TKQv, So11111111111111111111111111111111111111112"
raydium-amm,WSOL-WOLF,4.12,4.12,0,,1bba4b68-1742-4547-90a4-18b60f30ce63,3.75,0,3.66,False,0.73,189483,"So11111111111111111111111111111111111111112, BTr5SwWSKPBrdUzboi2SVr1QvSjmh1caCYUkxsxLpump"
orca-dex,AURY-USDC,0.00919,0.00919,0,,8a2fa38b-a6f6-4536-8f66-32d754708605,-0.01829,-1.17519,-1.32882,False,0.21442,189056,"AURYydfxJib1ZkTir1Jn1J9ECYUtjb6rKQVmtYaixWPP, EPjFWdd5AufqSSqeM2qN1xzybapC8G4wEGGkZwyTDt1v"
raydium-amm,INTC-USDC,47.42,47.42,0,,0ed8ca08-4730-5066-b9c1-ce4b40f59d00,-115.01,0,0,False,35.04,188996,"iNTCy1qTsUEZQe3DSocLz1ZXXai34Gdw8THQh5rxFaF, EPjFWdd5AufqSSqeM2qN1xzybapC8G4wEGGkZwyTDt1v"
raydium-amm,USDC-GMG,0.25,0.25,0,,ffa548dd-831f-481e-af77-a0081db96bbf,-0.49,0,0,False,0.17,188737,"EPjFWdd5AufqSSqeM2qN1xzybapC8G4wEGGkZwyTDt1v, ESXX8u6MqdVuSQHrwxwqote7DkPkrcNEhLMagaL3Seho"
raydium-amm,WSOL-CYLA,0.2,0.2,0,,b3900e54-8e0c-4424-a509-ce7be585dcf2,0,-0.74,0,False,0.15,188685,"So11111111111111111111111111111111111111112, 6QztfmSoxygymjzKwGHiWBcVEUxJEkXVQedKycYyyQHS"
raydium-amm,UDKS-USDT,0.04,0.04,0,,9bf42f2d-5324-5ed8-872f-99766b60fa10,0,0,0,False,0.01,188543,"ENZc2WEFyZFMpM9KjgD3WyBX8ZficcLRMGE8dJVu3NsU, Es9vMFrzaCERmJfrF4H2FYD4KCoNkY11McCe8BenwNYB"
orca-dex,SOL-ZEC,29.56387,29.56387,0,,d3976688-cd2f-404c-be53-dd47ae528811,-14.49782,-14.85876,-159.44728,False,43.41138,187780,"So11111111111111111111111111111111111111112, A7bdiYdS5GjqGFtxf17ppRHtDKPkkRqbKtR27dxvQXaS"
raydium-amm,USD1-REAL,5.11,5.11,0,,9bd6ba2f-30ac-4d25-ae4e-b143585cf4a8,0.09,0.14,0.12,False,2.92,187282,"USD1ttGY1N17NEEHLmELoaybftRBUSErhqYiQzvEmuB, 8Aq4fWMgPqJbF3w8w8PnLDRVUAFe4mzsCvPKxAArbonk"
kamino-lend,POPCAT,0,0,0,,8cb9ce6e-96ff-4ddb-8269-35b8ac505679,0,0,0,False,0,186339,7GCihgDB8fe6KNjn2MYtkzZcRjQy3t9GHdC8uHYmW2hr
raydium-amm,WSOL-READY,163.25,163.25,0,,10aba9d6-02ab-4cca-9475-2d0f822fff8b,5.75,26.7,98.51,False,109.5,185508,"So11111111111111111111111111111111111111112, HKJHsYJHMVK5VRyHHk5GhvzY9tBAAtPvDkZfDH6RLDTd"
raydium-amm,WSOL-CLANKER,6.16,6.16,0,,32c2cd6d-1e56-469b-9989-de91584787a9,-2.79,2.5,0.27,False,1.85,185432,"So11111111111111111111111111111111111111112, 3qq54YqAKG3TcrwNHXFSpMCWoL8gmMuPceJ4FG9npump"
raydium-amm,TATO-USDC,0.24,0.24,0,,2bfc88be-6f91-49d6-8f75-9a2debcc16d3,-0.03,0,-5.78,False,0.09,185197,"pawTUoFAzJt2e6vuqyZ3MwaGKPLuVFDp2CctWAEtato, EPjFWdd5AufqSSqeM2qN1xzybapC8G4wEGGkZwyTDt1v"
orca-dex,MNDE-MSOL,0,0,0,,c0c477c5-b500-4063-89fc-e573ea95c95c,-0.0001,-0.00044,0,False,3e-05,183748,"MNDEFzGvMt87ueuHvVU9VcTqsAP5b3fTGPsHuuPA5ey, mSoLzYCxHdYgdzU16g5QSh3i5K3z3KZK7ytfqcJm7So"
orca-dex,SOL-USDC,1.59851,1.59851,0,,cc175543-d1b2-4b09-8fa5-c3e6e528c908,-2.21799,-0.4781,-14.92343,False,3.61422,182921,"So11111111111111111111111111111111111111112, EPjFWdd5AufqSSqeM2qN1xzybapC8G4wEGGkZwyTDt1v"
raydium-amm,WSOL-YZY,4.59,4.59,0,,97c6bdc8-8fe8-48d1-ad37-3ae90aefac0b,-2.1,-0.1,4.08,False,2.16,181942,"So11111111111111111111111111111111111111112, 9gyfbPVwwZx4y1hotNSLcqXCQNpNqqz6ZRvo8yTLpump"
raydium-amm,WSOL-BUZZ,4.03,4.03,0,,b2b35afb-707b-44fc-826d-aaf21f4f0002,3.73,3.81,3.36,False,0.84,181910,"So11111111111111111111111111111111111111112, 9DHe3pycTuymFk4H4bbPoAJ4hQrr2kaLDF6J6aAKpump"
orca-dex,USPD-USDT,0.06162,0.06162,0,,a70636e2-eda4-5aae-b847-fd24f2ad3609,0,0,0,True,0.0088,180691,"EYALkvV9LcgD3gKSZqePnWbhvq9DP7ZNkC6VYfgmSGhZ, Es9vMFrzaCERmJfrF4H2FYD4KCoNkY11McCe8BenwNYB"
raydium-amm,WSOL-OPUS,0.33,0.33,0,,074b02f4-b032-4dfe-af14-e3f38766fa9c,-0.08,-0.03,-2.37,False,0.83,180421,"So11111111111111111111111111111111111111112, Dxg9cLvssqb1WEMpyynjf17kGRc4UTNyUqjzNj99opus"
jupiter-lend,XBTC,0,0,0,,669d5f06-415c-4b5d-b42c-56b222840e61,0,0,0,False,0,179881,CtzPWv73Sn1dMGVU3ZtLv9yWSyUAanBni19YWDaznnkn
raydium-amm,WSOL-QST,3.83,3.83,0,,e4928c0c-694e-4df3-8854-f624bec16d68,0.85,-1.01,-12.91,False,2.56,179797,"So11111111111111111111111111111111111111112, AUuCEHQ7sm2i5GmaHrpE961voWcTY8U6mgrkhcV7pump"
raydium-amm,BOT-USDC,55.35,55.35,0,,2f3b0bd1-dc1e-5265-b8e2-4089cc7fbcce,-71.89,-34.11,0,False,54.39,179795,"BoTx8y9ynfdxf5ZjWtCoBVkff52qKA82ysaLU8ZM6d8T, EPjFWdd5AufqSSqeM2qN1xzybapC8G4wEGGkZwyTDt1v"
raydium-amm,HEGE-WSOL,0.28,0.28,0,,ffdcec91-60d1-4b53-9348-a593d6ed9725,-0.25,0.03,-0.28,False,0.25,179656,"ULwSJmmpxmnRfpu6BjnK6rprKXqD5jXUmPpS1FxHXFy, So11111111111111111111111111111111111111112"
raydium-amm,SLOTH-WSOL,0.29,0.29,0,,94215474-dbd0-4f1f-9f3a-cf36f221d116,0.01,0,0,False,0.13,179330,"HQ7DaoiUxzC2K1Dr7KXRHccNtXvEYgNvoUextXe8dmBh, So11111111111111111111111111111111111111112"
raydium-amm,WSOL-VATRENI,35.96,35.96,0,,83c135f3-e327-4f2d-be2e-ae33ccb2a77c,-67.84,34.52,-38.3,False,27.84,178836,"So11111111111111111111111111111111111111112, EWhqwYvieNsYCbn5Mb71ZopXYqiMvHmSfV2dUYNpdv2M"
orca-dex,MF-USDC,9.0466,9.0466,0,,c063eec4-3984-497f-9618-88f452c75a13,0.06848,0.10814,2.12024,False,13.89911,177364,"moonThZEkkTVoNB7v6YVCQiT56JYDZ1oN185ba3WizL, EPjFWdd5AufqSSqeM2qN1xzybapC8G4wEGGkZwyTDt1v"
raydium-amm,CKS-USDT,1.96,1.96,0,,ff88af5c-bb40-444c-abd6-e2f3b665d152,0.57,-8.18,-7.93,False,1.23,177237,"D9XK4jJdxiu8KYtDHgLVSGEbW33r6HHE9teBmKYhfNAj, Es9vMFrzaCERmJfrF4H2FYD4KCoNkY11McCe8BenwNYB"
raydium-amm,USD1-1,6.03,6.03,0,,2171723a-c8eb-4374-a2e9-d04cadda3095,-1.32,-24.51,-9.3,False,8.23,177223,"USD1ttGY1N17NEEHLmELoaybftRBUSErhqYiQzvEmuB, GMvCfcZg8YvkkQmwDaAzCtHDrrEtgE74nQpQ7xNabonk"
raydium-amm,WF-WFAI,11.18,11.18,0,,9e814616-cdb2-4d77-ab5e-f761183620ae,8.13,8.65,0,False,1.67,177103,"7nKLkvKskcC9mpdmcwLSVoVeeTYe2qmLw1xAkimsGpNE, 8DwFCrXGUFYtSp1K4n2TUzDsnmZg1rocnVSd546j8gEL"
kamino-liquidity,SOL-USDC,3.70741,3.70741,0,,ef0449a5-a176-4963-b92f-fbdf85b154a8,-4.5443,-0.03486,-13.63194,False,5.18844,176737,"So11111111111111111111111111111111111111112, EPjFWdd5AufqSSqeM2qN1xzybapC8G4wEGGkZwyTDt1v"
orca-dex,SOL-USDC,1.01679,1.01679,0,,5e90e4a7-5571-427b-bd76-74ff68392336,-2.50603,-0.20917,-4.68577,False,3.17591,176522,"So11111111111111111111111111111111111111112, EPjFWdd5AufqSSqeM2qN1xzybapC8G4wEGGkZwyTDt1v"
raydium-amm,WSOL-BLUAI,0.55,0.55,0,,056aa3c1-92c7-45ae-abf2-89ac8d59572e,-0.33,-1.87,-1.66,False,0.65,172074,"So11111111111111111111111111111111111111112, 6ZnCkq5t8XG4q42b5JiVvU6hV5cZFaNdSBoFq5E7Vf9q"
kamino-liquidity,JLP-JITOSOL,1.97492,1.97492,0,,42e89423-5d97-4177-8e4d-e2959af2d7f8,-1.781,0.12755,-8.83146,False,4.00241,171693,"27G8MtK7VtTcCHkpASjSDdkWWYfoqT6ggEuKidVJidD4, J1toso1uCk3RLmjorhTtrVwY9HJ7X8V9yYac6Y7kGCPn"
orca-dex,UKDT-USDT,0.00233,0.00233,0,,94dfee0b-6f92-57ab-9403-5f6eb478a208,0,9e-05,0,False,0.00033,171565,"5jTmnRbcZgyJb4h1ouX1UpgrtnX6omhH6GPyJP4rKDN8, Es9vMFrzaCERmJfrF4H2FYD4KCoNkY11McCe8BenwNYB"
orca-dex,OBDT-USDT,5e-05,5e-05,0,,31a0fe7c-0163-5a7d-b075-079ff84dffe0,0,0,0,False,1e-05,171554,"3rFvsCCsYQfas8rVBpfifPNGFewCVrM6sU4H5NDgiHee, Es9vMFrzaCERmJfrF4H2FYD4KCoNkY11McCe8BenwNYB"
kamino-lend,HOODX,0,0,0,,925cefb8-47a2-40f0-bb4d-d191c3369c5b,0,0,0,False,0,170774,XsvNBAYkrDRNhA7wPHQfX3ZUXZyZLdnCQDfHZ56bzpg
orca-dex,XBDC-USDT,0.00048,0.00048,0,,45cf6a2c-b743-5030-bbd5-6ee5d2933b90,0,0,0,False,0.00083,170658,"DWejDCMZ1y8j4fhib9X3ixygADZzVzFYGFoAXXFGUtyg, Es9vMFrzaCERmJfrF4H2FYD4KCoNkY11McCe8BenwNYB"
orca-dex,XGCD-USDT,0.00856,0.00856,0,,7f08026e-9331-5457-9292-618e563554a3,0,0,0,False,0.00122,170528,"CTagdjvtQK4AC2Qf9U9gK12Y8j9DgnNxJw5KQXPEBUcD, Es9vMFrzaCERmJfrF4H2FYD4KCoNkY11McCe8BenwNYB"
raydium-amm,USDT-FO,6.02,6.02,0,,f682d6fa-ea07-4005-a033-52999a9da08b,-1.17,4.82,0,False,1.82,170122,"Es9vMFrzaCERmJfrF4H2FYD4KCoNkY11McCe8BenwNYB, JDzPbXboQYWVmdxXS3LbvjM52RtsV1QaSv2AzoCiai2o"
loopscale,WFRAGSOL,0.00012,0.00012,0,,4eb36cd9-92c4-46b5-8072-1593fcee4f60,0,0,2e-05,False,0,168562,WFRGSWjaz8tbAxsJitmbfRuFV2mSNwy7BMWcCwaA28U
orca-dex,PUMP-USDC,30.12492,30.12492,0,,ab934c8c-713f-48af-9dde-83844a7fb31a,-21.31645,7.3649,26.4889,False,55.88673,168543,"pumpCmXqMfrsAkQ5r49WcJnRayYRqmXz6ae8H7H9Dfn, EPjFWdd5AufqSSqeM2qN1xzybapC8G4wEGGkZwyTDt1v"
raydium-amm,ST-USDC,1.02,1.02,0,,5959208b-2343-4a49-86f6-6c9ee7ebeeee,0,0.17,-1.24,False,0.28,168089,"3bjea65A3CWPKV5sS33Jn3tfgfvsrtixgaDpKK55toST, EPjFWdd5AufqSSqeM2qN1xzybapC8G4wEGGkZwyTDt1v"
project-0,RASOL,0.00057,0.00057,0,,7df4544a-46dc-58db-9d6c-884ed8efcea5,1e-05,-0.00024,0,False,0,167915,HUBsveNpjo5pWqNkH57QzxjQASdTVXcSK7bVKTSZtcSX
jupiter-lend,TSLAX,1.005,1.005,0,,0611005f-0834-422f-b819-49a116e9cc51,0,0,0,False,0,167734,XsDoVfqeBukxuZHWhdvWHBhgEHjGNst4MLodqsJHzoB
orca-dex,MSOL-USDC,3.06378,3.06378,0,,f8651e9d-de06-4311-8c83-e46bdad8f5c9,-5.12977,-1.28679,-31.44471,False,8.39196,167315,"mSoLzYCxHdYgdzU16g5QSh3i5K3z3KZK7ytfqcJm7So, EPjFWdd5AufqSSqeM2qN1xzybapC8G4wEGGkZwyTDt1v"
raydium-amm,BOOP-USDC,0.28,0.28,0,,7e4d149d-f4ba-4fc8-9cf7-740098f8a8c1,0,0,0,False,0.05,164725,"boopkpWqe68MSxLqBGogs8ZbUDN4GXaLhFwNP7mpP1i, EPjFWdd5AufqSSqeM2qN1xzybapC8G4wEGGkZwyTDt1v"
raydium-amm,DEGOD-WSOL,0.58,0.58,0,,62201624-5aef-4705-aafa-e93ec330b451,0,0.28,0.14,False,0.19,163798,"degod39zqQWzpG6h4b7SJLLTCFE6FeZnZD8BwHBFxaN, So11111111111111111111111111111111111111112"
raydium-amm,WSOL-HEHE,5.14,5.14,0,,ccfdf5f6-910a-4d8b-8dd2-6c3d34ed32ae,-1.9,3.82,0.44,False,1.58,163345,"So11111111111111111111111111111111111111112, BreuhVohXX5fv6q41uyb3sojtAuGoGaiAhKBMtcrpump"
gmtrade,DOGE-USDC,72.24878,72.24878,0,,581dff4f-995c-4e1e-b567-90f89598f4e6,1.71999,31.7776,34.68192,False,0,163135,EPjFWdd5AufqSSqeM2qN1xzybapC8G4wEGGkZwyTDt1v
orca-dex,ZARP-USDC,0.00203,0.00203,0,,21a3753f-32ad-4f80-849f-e63ba9524823,-1.30742,-0.09376,-0.55593,False,0.18741,163024,"dngKhBQM3BGvsDHKhrLnjvRKfY5Q7gEnYGToj9Lk8rk, EPjFWdd5AufqSSqeM2qN1xzybapC8G4wEGGkZwyTDt1v"
raydium-amm,WSOL-BUTTHOLE,0.26,0.26,0,,3e92654c-fb8b-4056-9d23-3e2219db622a,-0.46,-0.75,-1.91,False,0.28,162159,"So11111111111111111111111111111111111111112, CboMcTUYUcy9E6B3yGdFn6aEsGUnYV6yWeoeukw6pump"
orca-dex,JUPSOL-MSOL,0.41226,0.41226,0,,ee677538-15f3-4567-8510-22e31e3ff065,-1.02736,0.3904,-1.91483,False,1.52142,161739,"jupSoLaHXQiZZTSfEWMTRRgpnyFm8f6sZdosWBjx93v, mSoLzYCxHdYgdzU16g5QSh3i5K3z3KZK7ytfqcJm7So"
raydium-amm,HARAMBE-WSOL,1.32,1.32,0,,28ba71e9-cc90-4625-8fcd-febb76abf2d1,-2.48,-0.12,-1.35,False,1.26,161631,"Fch1oixTPri8zxBnmdCEADoJW2toyFHxqDZacQkwdvSP, So11111111111111111111111111111111111111112"
kamino-lend,USDG,2.41086,2.41086,0,,bb4bbafc-e89d-44db-a438-5c5b2b8ed368,0.00316,0.23803,-1.93616,True,0,161499,2u1tszSeqZ3qBWF3uNGPFc8TzMk2tdiwknnRMWGWjGWH
raydium-amm,WSOL-PROJECT89,12.7,12.7,0,,49a7a1c5-1441-46ff-8593-e5e851dc0c7a,0,9.41,8.44,False,1.46,161401,"So11111111111111111111111111111111111111112, CJjraBaedPnKzjnag12i7PVo5pSP6cB9heV8zr89bonk"
orca-dex,SOL-SSOL,0.16492,0.16492,0,,3cb249b9-30cb-4232-b0f1-1b527244fd24,-0.07962,-0.36653,-0.11248,False,0.33308,161376,"So11111111111111111111111111111111111111112, sSo14endRuUbvQaJS3dq36Q829a3A6BEfoeeRGJywEh"
orca-dex,SOL-SJ,1.4198,1.4198,0,,bad7f530-10c0-5f51-be13-890e4440324e,0.36143,0,0,False,0.36055,160983,"So11111111111111111111111111111111111111112, FKU35pM9FujrBMkMDXM7QpZ1Xxcfodw64S1rcvY92mCq"
save,USDS,2.84,2.84,0,,b57b3eab-ad60-4fee-869d-eb90955a9cc6,-0.01,-0.03,0.63,True,0,160662,USDSwr9ApdHk5bvJKMjzff41FfuX8bSxdKcR81vTwcA
orca-dex,ORCA-RAY,0,0,0,,399eb50c-58d8-4f14-ae03-e6e7676efc7e,0,0,0,False,0,160312,"orcaEKTdK7LKz57vaAYr9QeNsVEPfiu6QeMU1kektZE, 4k3Dyjzvzp8eMZWUXbBCjEvwSkkk59S5iCNLY3QrkX6R"
raydium-amm,WSOL-STUPID,0.47,0.47,0,,4fffddd6-825a-4a85-a459-132c4c7ee40b,-1.76,0.09,-2.02,False,0.68,160105,"So11111111111111111111111111111111111111112, 9RjwNo6hBPkxayWHCqQD1VjaH8igSizEseNZNbddpump"
kamino-liquidity,JUP-BSOL,6.69172,6.69172,0,,eb3b548a-4c25-4e49-9e08-9733c8da29a6,-2.82604,-3.9718,-87.43608,False,7.65137,158196,"JUPyiwrYJFskUPiHa7hkeR8VUtAeFoSYbKedZNsDvCN, bSo13r4TkiE4KumL71LsHTPpL2euBYLFx6h9HP3piy1"
orca-dex,HYPE-USDC,29.13382,29.13382,0,,958cd110-8b2d-4c26-b653-483c21dfd842,-21.60438,-20.95198,-112.86514,False,34.88028,157208,"98sMhvDwXj1RQi5c5Mndm3vPe9cBqPrbLaufMXFNMh5g, EPjFWdd5AufqSSqeM2qN1xzybapC8G4wEGGkZwyTDt1v"
kamino-lend,WBTC,0.02438,0.02438,0,,e18941f7-c4bb-4278-a46c-ec3b3d9795ee,0,-0.00053,-0.00093,False,0,157117,3NZ9JMVBmGAqocybic2c7LQCJScmgsAZ6vQqTDzcqmJh
orca-dex,WHETH-ZEC,22.0102,22.0102,0,,96e01aac-6d31-4e6d-ab26-4a2aa853c719,-9.22966,-21.01465,-22.84087,False,32.79131,156376,"7vfCXTUXx5WJV5JADk17DUJ4ksgau7utNKj4b963voxs, A7bdiYdS5GjqGFtxf17ppRHtDKPkkRqbKtR27dxvQXaS"
raydium-amm,WSOL-TITCOIN,1.08,1.08,0,,97cb144a-4433-447e-a4ac-7819fd4b902d,-0.98,0.71,-1.14,False,0.43,155899,"So11111111111111111111111111111111111111112, FtUEW73K6vEYHfbkfpdBZfWpxgQar2HipGdbutEhpump"
orca-dex,SOL-SJ,1.69714,1.69714,0,,820a7d3c-2ef3-4dcc-adc7-89d1054060bb,0,0,-8.65541,False,2.25965,155127,"So11111111111111111111111111111111111111112, FKU35pM9FujrBMkMDXM7QpZ1Xxcfodw64S1rcvY92mCq"
orca-dex,USDC-GRASS,0.01011,0.01011,0,,4e006879-08a6-4522-81e5-c5c5c42f5a1b,-0.13516,-0.12056,-0.91346,False,0.14022,154535,"EPjFWdd5AufqSSqeM2qN1xzybapC8G4wEGGkZwyTDt1v, Grass7B4RdKfBCjTKgSqnXkqjwiGvQyFbuSCUJr3XXjs"
orca-dex,TGBP-GILTS,0,0,0,,98ad0183-91ad-4788-a32c-0d5d943a7727,-0.01136,-0.00047,0,False,0.03467,154523,"2zMqyX4AYCk6mgy5UZ2S7zUaLxwERhK5WjqDzkPPbSpW, GiLTSeSFnNse7xQVYeKdMyckGw66AoRmyggGg1NNd4yr"
raydium-amm,WSOL-RWA,12.28,12.28,0,,086a9fae-599d-46ac-a097-6aec49257f5a,-9.22,6.33,7.32,False,5.87,154320,"So11111111111111111111111111111111111111112, G8aVC4nk5oPWzTHp4PDm3kAuixCebv9WRQMD93h9pump"
kamino-liquidity,MSOL-USDC,4.39442,4.39442,0,,8146a65e-6340-44de-a16f-a52ca3fdb3c2,-0.85439,-1.1532,-17.51192,False,5.78546,153631,"mSoLzYCxHdYgdzU16g5QSh3i5K3z3KZK7ytfqcJm7So, EPjFWdd5AufqSSqeM2qN1xzybapC8G4wEGGkZwyTDt1v"
raydium-amm,BABYDOGE-WSOL,0.83,0.83,0,,3bfab9b1-eb28-4a08-85c3-97ab77590eff,-0.48,-0.15,-1.55,False,0.6,153339,"7dUKUopcNWW6CcU4eRxCHh1uiMh32zDrmGf6ufqhxann, So11111111111111111111111111111111111111112"
gmtrade,WSOL-USDC,165.73154,165.73154,0,,be03e183-977b-4fc8-a356-4806db3f330d,-6.1977,55.32902,51.68654,False,0,153033,"So11111111111111111111111111111111111111112, EPjFWdd5AufqSSqeM2qN1xzybapC8G4wEGGkZwyTDt1v"
save,USDC,4.77,4.77,0,,4650fcdf-3118-4b7e-a184-352e156c9cb8,-0.27,-0.92,-0.12,True,0,150815,EPjFWdd5AufqSSqeM2qN1xzybapC8G4wEGGkZwyTDt1v
orca-dex,BORG-USDC,16.12978,16.12978,0,,14849874-9e8a-44e1-bc49-c6ab4e327367,-16.52874,-1.74733,-67.07472,False,29.00816,150631,"3dQTr7ror2QPKQ3GbBCokJUmjErGg8kTJzdnYjNfvi3Z, EPjFWdd5AufqSSqeM2qN1xzybapC8G4wEGGkZwyTDt1v"
raydium-amm,GUAC-USDC,1.49,1.49,0,,d09abc32-2a96-4a3a-82fa-731e98fe563d,0.68,0.35,-0.58,False,0.67,150332,"AZsHEMXd36Bj1EMNXhowJajpUXzrKcK57wW4ZGXVa7yR, EPjFWdd5AufqSSqeM2qN1xzybapC8G4wEGGkZwyTDt1v"
jupiter-lend,WSOL,4.02883,4.02883,0,,d7664527-bd16-435c-9886-9b17fd2eb4d6,-0.03121,-0.62597,-0.84595,False,0,149943,So11111111111111111111111111111111111111112
raydium-amm,NOUS-USDT,4.38,4.38,0,,74cd8ffd-2dec-46ae-b417-215e9a4b5169,-1.48,-0.02,-5.44,False,2.24,149579,"2HB9Xwh39NetmL5GayxfSGuSDWviPSRWzyKt5ftbdVJf, Es9vMFrzaCERmJfrF4H2FYD4KCoNkY11McCe8BenwNYB"
raydium-amm,WZRA-USDC,0.37,0.37,0,,eebe3ef9-0c66-406c-b5de-8bb6fc2d2af9,0,0,0,False,0.15,149393,"9zVugUbpn27zvSfBwkhYAG4yvnxdy58ZFS5Rt89zaP15, EPjFWdd5AufqSSqeM2qN1xzybapC8G4wEGGkZwyTDt1v"
raydium-amm,WSOL-SOSANA,9.02,9.02,0,,d3971048-1f63-4d59-ab50-930864bb3811,-10.84,-39.68,-11.95,False,20.64,148126,"So11111111111111111111111111111111111111112, 49jdQxUkKtuvorvnwWqDzUoYKEjfgroTzHkQqXG9YFMj"
raydium-amm,WSOL-WNIGHT,0.37,0.37,0,,4c199b68-b073-5651-b7dc-9cffaedd76aa,0,0,0,False,0.03,147759,"So11111111111111111111111111111111111111112, wn15p6gDGNMwnEQa6shEEGpHNPAkjvyFRy48ar1Z2WC"
raydium-amm,WSOL-AERO,32.89,32.89,0,,2ae88255-4cc4-4930-8c9a-8adbf34e0921,5.49,22.02,22.8,False,11.2,147456,"So11111111111111111111111111111111111111112, 99KQhcqsq5ZcNJjsTpmSHuPv5doS9WidP33KvK5fxRsS"
kamino-lend,PENGU,0,0,0,,5193a08b-4bd1-46bc-ab62-050f777af199,0,0,0,False,0,147400,2zMMhcVQEXDtdE6vsFS7S7D5oUodfJHE8vd1gnBouauv
raydium-amm,WSOL-SOS,0.31,0.31,0,,8474d79b-33b4-4dbe-a217-4f4dac11f45b,0,0,0,False,0.12,147373,"So11111111111111111111111111111111111111112, HDa3zJc12ahykSsBRvgiWzr6WLEByf36yzKKbVvy4gnF"
raydium-amm,WSOL-SCF,0.29,0.29,0,,210a35bb-62b1-4484-b1a1-9f81209ba7fa,0,-0.74,-0.2,False,0.21,146862,"So11111111111111111111111111111111111111112, GiG7Hr61RVm4CSUxJmgiCoySFQtdiwxtqf64MsRppump"
raydium-amm,WSOL-AOL,3.38,3.38,0,,d59f3331-ac44-417b-825b-d3583bc48edb,0.82,2.86,-1.01,False,5.04,145513,"So11111111111111111111111111111111111111112, 2oQNkePakuPbHzrVVkQ875WHeewLHCd2cAwfwiLQbonk"
orca-dex,SOL-MSOL,1e-05,1e-05,0,,aa5dcd60-e1e3-402d-9e1a-9c5d27a67993,-0.00056,-0.00099,-0.00272,False,0.00047,145258,"So11111111111111111111111111111111111111112, mSoLzYCxHdYgdzU16g5QSh3i5K3z3KZK7ytfqcJm7So"
raydium-amm,WSOL-NOS,11.68,11.68,0,,b924f276-73c4-4de8-b8c2-db0ae6bf7ce2,-0.59,-11.07,-9.94,False,7.84,145013,"So11111111111111111111111111111111111111112, nosXBVoaCTtYdLvKY6Csb4AC8JCdQKKAaWYtx2ZMoo7"
orca-dex,MXNE-CETES,0.00211,0.00211,0,,8ed99f2c-a7f3-4f6b-9f45-049596d362b2,0.00211,-5.32868,3e-05,False,0.00861,144684,"6zYgzrT7X2wi9a9NeMtUvUWLLmf2a8vBsbYkocYdB9wa, CETES7CKqqKQizuSN6iWQwmTeFRjbJR6Vw2XRKfEDR8f"
raydium-amm,WSOL-SHIB,2.83,2.83,0,,8b73a7f0-a542-492e-ac5d-eed03df5fdb7,-2.45,-5.86,-29.59,False,3.99,143313,"So11111111111111111111111111111111111111112, F6qoefQq4iCBLoNZ34RjEqHjHkD8vtmoRSdw9Nd55J1k"
project-0,PT-BULKSOL,0,0,0,,8c2bdc3d-6481-4005-a3c9-d4653281f56b,0,0,0,False,0,143149,HgyWqTZ6JdGYF5TfrYmScTyvsyuopwYRJXwqA2LzCrz6
raydium-amm,WSOL-LUNA,0.86,0.86,0,,16c307f9-55a7-4108-84cc-66ea10c5ef4a,0.49,-1.1,-0.38,False,0.67,143103,"So11111111111111111111111111111111111111112, 9se6kma7LeGcQWyRBNcYzyxZPE3r9t9qWZ8SnjnN3jJ7"
orca-dex,SOL-TRUMP,9.82875,9.82875,0,,022e4b46-a21e-4be4-898b-e7f8fbefb891,-8.36316,-47.97224,-15.51918,False,19.44304,143001,"So11111111111111111111111111111111111111112, 6p6xgHyF7AeE6TZkSmFsko444wqoP15icUSqi2jfGiPN"
kamino-liquidity,SOL-TRUMP,9.54917,9.54917,0,,66c15ac9-b871-40c5-bcbb-76f32547925e,-6.1355,-41.55125,-6.81056,False,15.8902,142867,"So11111111111111111111111111111111111111112, 6p6xgHyF7AeE6TZkSmFsko444wqoP15icUSqi2jfGiPN"
raydium-amm,SOLC-WSOL,0.96,0.96,0,,2920812d-eda8-4578-9af7-94f028d6a505,-0.24,0.34,0.06,False,0.62,142057,"DLUNTKRQt7CrpqSX1naHUYoBznJ9pvMP65uCeWQgYnRK, So11111111111111111111111111111111111111112"
orca-dex,PSTW-USDT,0.03842,0.03842,0,,b794d08a-375f-5960-ae6b-5f02e3d98670,0,0,0,False,0.00549,139966,"7Tn9P5DRmxnjkTi1WWWCbze8grCEg2mG92BsoRNwVvg, Es9vMFrzaCERmJfrF4H2FYD4KCoNkY11McCe8BenwNYB"
raydium-amm,WSOL-PEPE,0.96,0.96,0,,6c84068e-d2da-404f-9430-f8086d072d8b,-0.72,0.58,0,False,1.06,138975,"So11111111111111111111111111111111111111112, B5WTLaRwaUQpKk7ir1wniNB6m5o8GgMrimhKMYan2R6B"
orca-dex,USDT-XGUS,0.03914,0.03914,0,,0096f383-a9d9-5221-a5b7-9f1ef8e48f6b,0,0,0,False,0.00559,138967,"Es9vMFrzaCERmJfrF4H2FYD4KCoNkY11McCe8BenwNYB, FtnZzFkQ5UsEGz7S9JZoXKV5QhAMZBp6HJRGrpSputxc"
raydium-amm,ANSEM-USDC,1272.66,1272.66,0,,d0a016ad-8db7-597d-9bbf-61fd91078e00,0,0,0,False,140.04,138426,"9cRCn9rGT8V2imeM2BaKs13yhMEais3ruM3rPvTGpump, EPjFWdd5AufqSSqeM2qN1xzybapC8G4wEGGkZwyTDt1v"
raydium-amm,WSOL-LUIGI,2.22,2.22,0,,36c21e83-644e-4458-a4eb-01de17b64269,-4.54,0,0,False,0.96,138391,"So11111111111111111111111111111111111111112, 5XyKkFaJpAmsH4Tf2EFj3S61W3hC5cJhxNZQQ5h1pump"
save,ETH,0.99,0.99,0,,cb28058a-6d8b-4093-af17-e90c7eab138b,-0.03,-0.24,-0.08,False,0,137765,7vfCXTUXx5WJV5JADk17DUJ4ksgau7utNKj4b963voxs
orca-dex,KMNO-JITOSOL,2.63756,2.63756,0,,b03c45e9-77a9-4782-8bb7-09162616095f,-0.718,-0.86432,-8.96764,False,3.79169,137753,"KMNo3nJsBXfcpJTVhZcXLW7RmTwTt4GVFE7suUBo9sS, J1toso1uCk3RLmjorhTtrVwY9HJ7X8V9yYac6Y7kGCPn"
raydium-amm,WSOL-AVB,0.31,0.31,0,,80dff3b9-92af-4212-8430-449d16519fe5,-0.13,0,-0.69,False,0.08,137746,"So11111111111111111111111111111111111111112, 6d5zHW5B8RkGKd51Lpb9RqFQSqDudr9GJgZ1SgQZpump"
kamino-liquidity,KMNO-JITOSOL,2.35023,2.35023,0,,e1720ca6-d33a-4ea8-abbf-0c1de869d0f4,-0.62352,-2.29241,-4.51426,False,2.71445,137475,"KMNo3nJsBXfcpJTVhZcXLW7RmTwTt4GVFE7suUBo9sS, J1toso1uCk3RLmjorhTtrVwY9HJ7X8V9yYac6Y7kGCPn"
raydium-amm,WSOL-ANON,2.62,2.62,0,,6b4a535b-0134-456f-bc71-082a86611f5d,-4.37,-2.19,-19.45,False,9.34,137154,"So11111111111111111111111111111111111111112, 9McvH6w97oewLmPxqQEoHUAv3u5iYMyQ9AeZZhguYf1T"
orca-dex,DSF-USDT,6.31215,6.31215,0,,40f594c5-4b85-4201-bf3a-f0c8f8285180,0.44507,-83.88544,-47.39516,False,36.54586,137099,"3o2GCwpoUTr6CezPdvMYHmxY9wcfVr5TU1oTb1uLJGVm, Es9vMFrzaCERmJfrF4H2FYD4KCoNkY11McCe8BenwNYB"
raydium-amm,USDC-$MYRO,0.55,0.55,0,,cd08981d-72fa-46be-a55b-c3ff6386dd91,-2.72,-1.26,-1.54,False,1.39,137082,"EPjFWdd5AufqSSqeM2qN1xzybapC8G4wEGGkZwyTDt1v, HhJpBhRRn4g56VsyLuT8DL5Bv31HkXqsrahTTUCZeZg4"
raydium-amm,WSOL-USDC,1.39,1.39,0,,b661c428-afcb-4f53-8227-18ecc51a9b1a,-2.75,-0.38,-19.25,False,1.37,136697,"So11111111111111111111111111111111111111112, EPjFWdd5AufqSSqeM2qN1xzybapC8G4wEGGkZwyTDt1v"
orca-dex,CBBTC-ZBTC,0.20708,0.20708,0,,0f5d2d33-57c1-4e6f-a8ad-8bc5191d6a86,-3.79012,-2.19793,-1.75922,False,2.33161,136515,"cbbtcf3aa214zXHbiAZQwf4122FBYbraNdFqgw4iMij, zBTCug3er3tLyffELcvDNrKkCymbPWysGcWihESYfLg"
raydium-amm,COINX-USDC,17.22,17.22,0,,8950fa38-8d84-4aa3-81c8-32f4dea48191,-51.63,-9.45,-82.18,False,30.03,136425,"Xs7ZdzSHLU9ftNJsii5fCeJhoRWSC32SQGzGQtePxNu, EPjFWdd5AufqSSqeM2qN1xzybapC8G4wEGGkZwyTDt1v"
kamino-liquidity,SOL-RNDR,0,0,0,,cf95308c-8b46-4bd4-a27d-2830a331625f,0,0,-57.13679,False,5.83179,136136,"So11111111111111111111111111111111111111112, rndrizKT3MK1iimdxRdWabcF7Zg7AR5T4nud4EkHBof"
project-0,USDC,3.45543,3.45543,0,,598f5a04-d01b-5e14-a15a-9f97e8d696f0,-0.386,0.19029,0,True,0,135843,EPjFWdd5AufqSSqeM2qN1xzybapC8G4wEGGkZwyTDt1v
raydium-amm,METAX-USDC,7.02,7.02,0,,e4f9a318-eb01-44dc-8f0f-60cb29c64128,-11.03,-10.02,-2.37,False,7.06,135457,"Xsa62P5mvPszXL1krVUnU5ar38bBSVcWAB6fmPCo5Zu, EPjFWdd5AufqSSqeM2qN1xzybapC8G4wEGGkZwyTDt1v"
raydium-amm,TAI-WSOL,3.32,3.32,0,,8b8d1d29-eb53-4865-929d-72c2aa52328f,-1.48,-2.95,-9.88,False,4.12,135428,"Hax9LTgsQkze1YFychnBLtFH8gYbQKtKfWKKg2SP6gdD, So11111111111111111111111111111111111111112"
orca-dex,USDC-GRASS,6e-05,6e-05,0,,35d4a114-efc2-4af7-9430-c0fb2ae26217,-5e-05,-5e-05,-0.00102,False,0.0001,135262,"EPjFWdd5AufqSSqeM2qN1xzybapC8G4wEGGkZwyTDt1v, Grass7B4RdKfBCjTKgSqnXkqjwiGvQyFbuSCUJr3XXjs"
raydium-amm,DUKO-WSOL,1.24,1.24,0,,870cb804-842a-467e-9fbc-71857ab30b74,0.88,0.83,0.56,False,0.49,135152,"HLptm5e6rTgh4EKgDpYFrnRHbjpkMyVdEeREEa2G7rf9, So11111111111111111111111111111111111111112"
raydium-amm,WSOL-SELFIE,0.36,0.36,0,,f71498d7-998e-4ebf-912b-7dc28c38fdc6,-0.19,-0.09,-0.18,False,0.47,134664,"So11111111111111111111111111111111111111112, 9WPTUkh8fKuCnepRWoPYLH3aK9gSjPHFDenBq2X1Czdp"
raydium-amm,WSOL-FAFO,5.76,5.76,0,,b4d19d19-4080-4d27-844e-4f5e722f1710,5,5.02,-2.32,False,1.46,134566,"So11111111111111111111111111111111111111112, BP8RUdhLKBL2vgVXc3n7oTSZKWaQVbD8S6QcPaMVBAPo"
orca-dex,DOOD-USDC,1.973,1.973,0,,315760da-100d-498d-b22f-188f88db50cd,0.31814,-41.54122,-10.68444,False,10.71009,134366,"DvjbEsdca43oQcw2h3HW1CT7N3x5vRcr3QrvTUHnXvgV, EPjFWdd5AufqSSqeM2qN1xzybapC8G4wEGGkZwyTDt1v"
orca-dex,GLDX-USDC,0.56989,0.56989,0,,b7a1de8b-ae15-4365-9f30-b32463510965,-1.62891,-7.26005,-9.26485,False,2.48721,134276,"Xsv9hRk1z5ystj9MhnA7Lq4vjSsLwzL2nxrwmwtD3re, EPjFWdd5AufqSSqeM2qN1xzybapC8G4wEGGkZwyTDt1v"
raydium-amm,QQQX-USDC,8.55,8.55,0,,a7c454bf-d9f7-43e7-aa65-2440a8e8188d,-14.51,-0.08,-23.07,False,6.79,133508,"Xs8S1uUs1zvS2p7iwtsG3b6fkhpvmwz4GYU3gWAmWHZ, EPjFWdd5AufqSSqeM2qN1xzybapC8G4wEGGkZwyTDt1v"
raydium-amm,USDT-JPNTE,0.01,0.01,0,,dd8b3b91-72cf-5929-ad0d-e32594889564,0,0,0,False,0,133189,"Es9vMFrzaCERmJfrF4H2FYD4KCoNkY11McCe8BenwNYB, GoyKH4cpmDYBuwLRDxGH9GKsb3ciogvPj8xHAEAaGoBR"
orca-dex,SOL-APING,0,0,0,,cf61a0d2-a2a3-4f70-bd29-8f21ec9f555e,0,0,0,False,0,133026,"So11111111111111111111111111111111111111112, 94sFWT94hg6qK9VtYwGz8VxbyEMaXf9H2U3HTTbofimy"
raydium-amm,WSOL-STKR,0.36,0.36,0,,ae7e2af0-c21f-4892-aa48-2dd753eef23d,0,-0.02,0,False,0.24,132954,"So11111111111111111111111111111111111111112, 3DFnwGLJUfxc4eMxDgQwW6oWaeKBrJ1iwA26YjTfpump"
raydium-amm,SOLNIC-WSOL,0.31,0.31,0,,cb21a7cd-5924-4b5a-897e-3d7f67c17b82,-0.27,-1.02,-0.87,False,0.32,132889,"DeaKMzAeZja3Mh5okZE6WUvygLP3Lfuvm6Rg78HqXTz9, So11111111111111111111111111111111111111112"
raydium-amm,PSTW-USDT,0.01,0.01,0,,4dbd61ba-f4fd-540c-9dd4-82d115184e4b,0,0,0,False,0,132535,"DToHMPnHtxDHdf2ywFgXVLLUp6mkXVoZ19MkB2mA8KWo, Es9vMFrzaCERmJfrF4H2FYD4KCoNkY11McCe8BenwNYB"
orca-dex,NVDAX-USDC,3.74046,3.74046,0,,d841f4d5-34a3-4671-809e-47ed34fd9bcf,-8.76592,0.94335,-3.20198,False,8.17413,132513,"Xsc9qvGR1efVDFGLrVsmkzv3qi45LTBjeUKSPmx9qEh, EPjFWdd5AufqSSqeM2qN1xzybapC8G4wEGGkZwyTDt1v"
raydium-amm,WSOL-XAVIER,2.33,2.33,0,,91241600-bd10-4507-a69e-0abc08b1816a,-2.66,0.16,-8.13,False,2.69,132148,"So11111111111111111111111111111111111111112, 69G8CpUVZAxbPMiEBrfCCCH445NwFxH6PzVL693Xpump"
raydium-amm,GLDX-XAUT0,0.14,0.14,0,,e6d897d8-681f-4e6d-94aa-a1893d28339d,0,-0.66,-3.08,False,0.12,132084,"Xsv9hRk1z5ystj9MhnA7Lq4vjSsLwzL2nxrwmwtD3re, AymATz4TCL9sWNEEV9Kvyz45CHVhDZ6kUgjTJPzLpU9P"
project-0,USDS,2.08483,2.08483,0,,cbf6dcdc-f46b-46be-8d7a-7d0a5531dfa7,0.02893,0.34769,-2.07718,True,0,131887,USDSwr9ApdHk5bvJKMjzff41FfuX8bSxdKcR81vTwcA
gmtrade,WSOL-USDC,1.0402,1.0402,0,,d36ed701-3e72-41b1-966b-719c093a0d7a,-1.70057,-26.63691,-14.63046,False,0,131437,"So11111111111111111111111111111111111111112, EPjFWdd5AufqSSqeM2qN1xzybapC8G4wEGGkZwyTDt1v"
orca-dex,SOL-BONK,82.36541,82.36541,0,,4420a9de-a883-4ba9-a4c6-4ed12734ab94,-102.59086,-364.48635,63.36188,False,225.82128,130863,"So11111111111111111111111111111111111111112, DezXAZ8z7PnrnRJjz3wXBoRgixCa6xjnB7YaB1pPB263"
omnipair,META-USDC,10.90098,10.90098,0,,2b258c8d-7574-4cea-94b4-7be374c11982,0.07591,1.87954,4.20363,False,0,130743,"METAwkXcqyXKy1AtsSgJ8JiUHwGCafnZL38n3vYmeta, EPjFWdd5AufqSSqeM2qN1xzybapC8G4wEGGkZwyTDt1v"
orca-dex,USDC-NATIX,20.65932,20.65932,0,,c3ab80c2-cf7f-4500-b880-2e39d8c66f8d,-5.85729,-5.76753,-13.1084,False,28.92299,130543,"EPjFWdd5AufqSSqeM2qN1xzybapC8G4wEGGkZwyTDt1v, FRySi8LPkuByB7VPSCCggxpewFUeeJiwEGRKKuhwpKcX"
raydium-amm,WSOL-ELON,0.38,0.38,0,,2a4d7643-079d-47d9-b9c3-70f13efb12aa,0,0,0,False,0.19,130446,"So11111111111111111111111111111111111111112, BftUiGB2iDkNDa8AKdhtLuJHHXiUfqLvTNmiXaSopump"
orca-dex,SOL-LSSOL,0.0021,0.0021,0,,1b3a7d89-5a05-4dbc-be29-d6da56277f60,0.0021,0.0021,0.0021,False,0.0049,130438,"So11111111111111111111111111111111111111112, 3sfANVyJiq5uZCZvyizaDzBtHQQTNBr6RBGdXVmFcN5p"
raydium-amm,PLAY-USDC,0.02,0.02,0,,61666eb3-58e9-40fd-8e9d-21a7d9c2ebca,0,0,-0.04,False,0.03,130408,"PLAYs3GSSadH2q2JLS7djp7yzeT75NK78XgrE5YLrfq, EPjFWdd5AufqSSqeM2qN1xzybapC8G4wEGGkZwyTDt1v"
orca-dex,CBBTC-USDC,0.05287,0.05287,0,,bda3fd3f-9d2d-45e5-b250-ed49fd1be836,0,0,0,False,0.00755,129563,"cbbtcf3aa214zXHbiAZQwf4122FBYbraNdFqgw4iMij, EPjFWdd5AufqSSqeM2qN1xzybapC8G4wEGGkZwyTDt1v"
raydium-amm,WSOL-GEOD,4.02,4.02,0,,89ec3fc7-817b-4f44-98b2-fbb2b86c9194,0.72,0.48,-6.47,False,2.06,128955,"So11111111111111111111111111111111111111112, 7JA5eZdCzztSfQbJvS8aVVxMFfd81Rs9VvwnocV1mKHu"
gmtrade,WSOL-USDC,63.71155,63.71155,0,,0807f188-1b60-4a07-a7db-cb3ce2b0af28,6.94755,-5.63246,3.54186,False,0,128821,"So11111111111111111111111111111111111111112, EPjFWdd5AufqSSqeM2qN1xzybapC8G4wEGGkZwyTDt1v"
orca-dex,SOL-CBBTC,0.00018,0.00018,0,,b7c426c6-4ca2-4326-b6b3-de4fed58ef40,0,-0.0015,-89.023,False,0.0012,128739,"So11111111111111111111111111111111111111112, cbbtcf3aa214zXHbiAZQwf4122FBYbraNdFqgw4iMij"
raydium-amm,IAUSD-USDC,0.02,0.02,0,,57b4d076-32c6-4996-b0b3-4dc4fa4d133c,-0.07,0,0,True,0.06,128549,"iAUSDhn2B61LBeCgph6JFxxS5KMYoyeXCbJZ4gyZLr7, EPjFWdd5AufqSSqeM2qN1xzybapC8G4wEGGkZwyTDt1v"
raydium-amm,WSOL-OIIAOIIA,2.52,2.52,0,,2706e24c-0bc3-4ac3-afbb-357482862d4d,0.2,-4.86,-7.76,False,1.82,128516,"So11111111111111111111111111111111111111112, VaxZxmFXV8tmsd72hUn22ex6GFzZ5uq9DVJ5wA5pump"
raydium-amm,WSOL-BONGO,3.39,3.39,0,,72151b32-52e4-4ef7-92ba-c182d57e9264,0,1.96,0,False,0.53,128331,"So11111111111111111111111111111111111111112, HPJALtLtydXym5Tbv6udQCKcXSihnz3B7aD3PNMNbonk"
raydium-amm,LETSBONK-WSOL,0.39,0.39,0,,7ee7c23e-5a5e-482e-a3e0-2261463cfe0f,-0.78,0.06,-0.27,False,0.52,128211,"CDBdbNqmrLu1PcgjrFG52yxg71QnFhBZcUE6PSFdbonk, So11111111111111111111111111111111111111112"
kamino-lend,USDT,4.37615,4.37615,0,,2d284e9c-7ae4-486f-88be-1584bdc3dd11,-0.01358,-0.1058,-0.26065,True,0,128202,Es9vMFrzaCERmJfrF4H2FYD4KCoNkY11McCe8BenwNYB
raydium-amm,WSOL-BARRON,0.38,0.38,0,,428d204f-ddd0-4701-a10c-648c01ae362a,0,0,-0.28,False,0.06,127652,"So11111111111111111111111111111111111111112, ECY31gWwxy4s2VnMkYhmqDkrV75KrwR2yTtsnrnSpump"
kamino-liquidity,CBBTC-XBTC,0,0,0,,4d5e21a2-faee-4b02-b9dc-4522cab95a6e,0,0,0,False,0.36994,127623,"cbbtcf3aa214zXHbiAZQwf4122FBYbraNdFqgw4iMij, CtzPWv73Sn1dMGVU3ZtLv9yWSyUAanBni19YWDaznnkn"
raydium-amm,WSOL-DINAR,24.84,24.84,0,,a1b179f7-e9a1-5892-a15a-6120a7b077b0,-9.56,-424.78,0,False,53.81,127567,"So11111111111111111111111111111111111111112, AgCpt2wgiLaV29fmaFTZMuM4Hn59gwCArkiMj24zHTVb"
kamino-liquidity,USDC-MPST,0,0,0,,5bfe3f21-88c9-45c9-a878-14768da60fc2,0,0,0,False,0,127476,"EPjFWdd5AufqSSqeM2qN1xzybapC8G4wEGGkZwyTDt1v, HUPfpnsaJtJGpJxAPNX1vXah7BgYiQYt1c2JMgMumvPs"
orca-dex,USDC-MPST,0.00286,0.00286,0,,6abeaf72-14fd-4f44-bf2a-c86d4cb1df41,-0.0496,0.00213,-0.16436,False,0.05309,127458,"EPjFWdd5AufqSSqeM2qN1xzybapC8G4wEGGkZwyTDt1v, HUPfpnsaJtJGpJxAPNX1vXah7BgYiQYt1c2JMgMumvPs"
gmtrade,WSOL-USDC,66.01843,66.01843,0,,056b3690-1f1d-4660-8835-a81e84723ceb,10.70858,37.31842,40.66228,False,0,127247,"So11111111111111111111111111111111111111112, EPjFWdd5AufqSSqeM2qN1xzybapC8G4wEGGkZwyTDt1v"
raydium-amm,HOOD-WSOL,4.85,4.85,0,,dfcd654a-81df-45df-88f0-ad8b5f49f677,-6.86,-12.93,0,False,4.26,127228,"h5NciPdMZ5QCB5BYETJMYBMpVx9ZuitR6HcVjyBhood, So11111111111111111111111111111111111111112"
raydium-amm,WSOL-FIGHT,6.36,6.36,0,,15c6e86c-0085-476a-984f-5d26076b747a,5.89,4.55,0,False,1.71,126731,"So11111111111111111111111111111111111111112, KMnDBXcPXoz6oMJW5XG4tXdwSWpmWEP2RQM1Uujpump"
raydium-amm,WSOL-DONT,4.78,4.78,0,,f460d965-61c8-477d-a82d-643aa14d7a91,-7.24,0.63,-1.66,False,3.28,126508,"So11111111111111111111111111111111111111112, FbmmdcCYHL7WETG89xtWmNFMzQAaQ8Zs9NXVbimibonk"
raydium-amm,WSOL-$RIF,0.33,0.33,0,,92b69c78-10e7-44cd-b2a6-9b963208f4b3,-0.1,0,-0.74,False,0.42,126104,"So11111111111111111111111111111111111111112, GJtJuWD9qYcCkrwMBmtY1tpapV1sKfB2zUv9Q4aqpump"
raydium-amm,WSOL-ORDER,26.87,26.87,0,,81661763-1df6-49be-85f1-828b919f53d0,-26.81,24.27,22.79,False,10.49,125771,"So11111111111111111111111111111111111111112, ABt79MkRXUsoHuV2CVQT32YMXQhTparKFjmidQxgiQ6E"
kamino-liquidity,CBBTC-ZBTC,0,0,0,,d489824b-99a4-49d1-a93e-dbe224d0f3e7,-0.78486,-3.20932,0,False,1.36656,125461,"cbbtcf3aa214zXHbiAZQwf4122FBYbraNdFqgw4iMij, zBTCug3er3tLyffELcvDNrKkCymbPWysGcWihESYfLg"
raydium-amm,RIZZMAS-WSOL,7.59,7.59,0,,0c9b7f0c-8ded-4299-bf77-7bb19bddd32a,-3.7,5.01,1.84,False,2.96,124850,"85cQsFgbi8mBZxiPppbpPXuV7j1hA8tBwhjF4gKW6mHg, So11111111111111111111111111111111111111112"
raydium-amm,WSOL-AU79,12.21,12.21,0,,aa238e14-a8a5-4a10-9ad6-88d2c1d0eb50,-12.53,9.12,-57.59,False,5.06,124671,"So11111111111111111111111111111111111111112, AT13ipG8K4HDyEJm3H1ZVQV2Bw8sihewoLQReSMsYo3o"
raydium-amm,WSOL-VVAIFU,0.36,0.36,0,,4cf2ae8b-dba0-4e73-b610-378e396a70df,0,0,0,False,0.11,124659,"So11111111111111111111111111111111111111112, FQ1tyso61AH1tzodyJfSwmzsD3GToybbRNoZxUBz21p8"
raydium-amm,RTP-PGS,0.68,0.68,0,,3a5a3578-a229-4a7f-9429-234ef902f909,0,0,0,False,0.16,124052,"71AzivpY1x8JGcpKRfmLLuBkGaNouBkv7B4FzTTeTReL, FquQysvqhYmZALyv3BPuBJe9guEiTrKRq64YoCVjWPGS"
raydium-amm,WSOL-BUTTCOIN,0.36,0.36,0,,586d6299-fa24-4d6d-ab61-59eac40ea469,0,-0.22,0,False,0.14,123770,"So11111111111111111111111111111111111111112, FasH397CeZLNYWkd3wWK9vrmjd1z93n3b59DssRXpump"
raydium-amm,WSOL-DHC,1.04,1.04,0,,a0fc91a4-0e29-4db4-9477-72039afe4267,-2.21,0.72,-8.89,False,14.34,122467,"So11111111111111111111111111111111111111112, DCHLn5uLCDjPcmyxqeV3EFA1hAT518RR3u7gQe8iUiYQ"
kamino-lend,SOL,5.08176,5.08176,0,,31014ab5-839d-439b-a845-b4fff1670a5b,0.69787,-1.23395,-0.09124,False,0,122399,So11111111111111111111111111111111111111112
raydium-amm,WSOL-KRA,0.49,0.49,0,,d7edc1c9-be36-4ee8-9d87-bfe23b0f3fed,0,0.03,0,False,0.87,122353,"So11111111111111111111111111111111111111112, AY2Qidgrky4TFymeJKe36w5buY7QWK7TSd7obQLupump"
raydium-amm,WSOL-VICPAY,1,1,0,,515fe8db-d69f-4e54-83c1-916ba7d629c5,-7.94,0.65,-3.06,False,2.67,121959,"So11111111111111111111111111111111111111112, HTJKotaFtAmc66UuWHqxnr6Z3tdMWWEn5mP6X69SLKYB"
raydium-amm,WSOL-TETSUO,1.98,1.98,0,,3c2ec146-be6d-4f5c-89fa-9105f64d1014,1.12,1.63,1.32,False,0.64,121549,"So11111111111111111111111111111111111111112, 8i51XNNpGaKaj4G4nDdmQh95v4FKAxw8mhtaRoKd9tE8"
raydium-amm,BONK-USDC,1.38,1.38,0,,a4c4203d-62c9-47e3-b96d-63fd03dc9e94,0,-142.14,-47.67,False,23.46,121375,"DezXAZ8z7PnrnRJjz3wXBoRgixCa6xjnB7YaB1pPB263, EPjFWdd5AufqSSqeM2qN1xzybapC8G4wEGGkZwyTDt1v"
orca-dex,META-USDC,0.22452,0.22452,0,,eb90f418-b91a-4d57-a1ab-6356eff3c4d0,0.17883,-0.2399,-1.27141,False,0.13776,121240,"METAwkXcqyXKy1AtsSgJ8JiUHwGCafnZL38n3vYmeta, EPjFWdd5AufqSSqeM2qN1xzybapC8G4wEGGkZwyTDt1v"
raydium-amm,WSOL-EPIK,0.72,0.72,0,,e2b3b187-6efd-40b1-8cb3-3000d47b91c7,0.06,-0.03,-0.02,False,0.68,121147,"So11111111111111111111111111111111111111112, 3BgwJ8b7b9hHX4sgfZ2KJhv9496CoVfsMK2YePevsBRw"
gmtrade,XRP-USDC,67.82325,67.82325,0,,7a0f46c7-e8ad-47bf-b5d0-80fb9ed249f1,0.05273,24.11968,32.95709,False,0,121050,EPjFWdd5AufqSSqeM2qN1xzybapC8G4wEGGkZwyTDt1v
raydium-amm,WOLF-WSOL,0.42,0.42,0,,c5fa4d15-6901-44ef-b524-1bf7f49d4113,0,-0.5,0,False,0.19,121045,"Faf89929Ni9fbg4gmVZTca7eW6NFg877Jqn6MizT3Gvw, So11111111111111111111111111111111111111112"
raydium-amm,CONAN-WSOL,9.61,9.61,0,,90bda4da-e8fb-44c5-8179-e010f30157d4,-0.77,-9.29,-32.02,False,8.26,121031,"CQvadZTR8vikRqqwyhvYV8YpdfCRjUCGyQwCuY4rxBQt, So11111111111111111111111111111111111111112"
raydium-amm,WSOL-JLP,2.56,2.56,0,,2d3daafa-362b-4ef0-9e32-5bfb0cbc24ec,-2.87,-0.77,2.39,False,3.72,120968,"So11111111111111111111111111111111111111112, 27G8MtK7VtTcCHkpASjSDdkWWYfoqT6ggEuKidVJidD4"
raydium-amm,-WSOL,2.22,2.22,0,,a1803de3-cca8-46e4-8cf2-64f32a1d59cb,1.04,0.35,-0.14,False,1.13,120579,"9jaZhJM6nMHTo4hY9DGabQ1HNuUWhJtm7js1fmKMVpkN, So11111111111111111111111111111111111111112"
raydium-amm,AVGOX-USDC,4.2,4.2,0,,5877c8cd-f400-4dec-a998-2b54a6676c5c,-10.69,-10.3,-67.84,False,7.82,120303,"XsgSaSvNSqLTtFuyWPBhK9196Xb9Bbdyjj4fH3cPJGo, EPjFWdd5AufqSSqeM2qN1xzybapC8G4wEGGkZwyTDt1v"
project-0,JSOL,0.00832,0.00832,0,,348f14cd-25f3-436c-b2a5-2e2c15f8353b,0,0,0.00557,False,0,120238,7Q2afV64in6N6SeZsAAB81TJzwDoD6zpqmHkzi9Dcavn
raydium-amm,WSOL-QUANT,0.49,0.49,0,,0d2d7e81-8912-45a8-9990-6e73619504b7,0,0,-9.14,False,0.21,119975,"So11111111111111111111111111111111111111112, 3an8rhdepsLCya22af7qDBKPbdomw8K4iCHXaA2Gpump"
kamino-lend,LBTC,0,0,0,,dabb69fc-51e3-4ab9-92e4-e9a397195b6c,0,0,0,False,0,119550,LBTCgU4b3wsFKsPwBn1rRZDx5DoFutM6RPiEt1TPDsY
raydium-amm,USD1-FUN,2.26,2.26,0,,eadfa983-1111-467f-9d80-22c6a275f6c8,-3.42,0.14,-20.18,False,1.32,119335,"USD1ttGY1N17NEEHLmELoaybftRBUSErhqYiQzvEmuB, 8cn4JeRLiHTtfX6maZAsipGGyyZPdEcos3s2X3Hw3BS6"
kamino-lend,EURC,2.28687,2.28687,0,,190580f0-8121-4744-945b-6a5c04e09795,0.07827,0.08093,0.5108,True,0,119064,HzwqbKZw8HxMN6bF2yFZNrht3c2iXXzpKcFu7uBEDKtr
gmtrade,PUMP-USDC,183.64793,183.64793,0,,db70451f-f612-46be-8b01-0847b2959dc1,-27.85532,-13.20679,45.48192,False,0,118994,EPjFWdd5AufqSSqeM2qN1xzybapC8G4wEGGkZwyTDt1v
raydium-amm,WSOL-CHATOSHI,14.02,14.02,0,,3b19ce63-4aa2-45b1-b4dc-c46efcb3ffc0,4.97,2.79,-4.19,False,7.79,118541,"So11111111111111111111111111111111111111112, Bhu2wBWxfWkRJ6pFn5NodnEvMCqj9DLfCU5qMvt7pump"
raydium-amm,WSOL-BOLT,16.57,16.57,0,,77e45776-0619-463d-b7e5-bfe885e26422,-6.87,2.94,-11.56,False,14.17,118367,"So11111111111111111111111111111111111111112, 7Y6Rix8X2botuMaJ2mno4UqSWdQZqU4RezY6qp7zpump"
raydium-amm,RIZO-WSOL,1.36,1.36,0,,3b2ebd8b-66ab-4dcd-a9b4-e98a6188c8ce,-1.03,-0.03,0.6,False,2.62,118218,"rizo34MUwbCBqpSTSfnEktdWB4CTByqqYh8zBxL3WAR, So11111111111111111111111111111111111111112"
raydium-amm,CORAL-WSOL,3.18,3.18,0,,1a8861aa-cea1-4db6-bcef-0d5829a81cbe,-7.46,-8.78,-48.13,False,5.11,117790,"CoRAitPvr9seu5F9Hk39vbjqA1o1XuoryHjSk1Z1q2mo, So11111111111111111111111111111111111111112"
raydium-amm,WSOL-QQQX,5.82,5.82,0,,0d7ffd2b-257e-4066-95be-35fb37bc748b,-4.74,0.41,-52.45,False,6.28,117366,"So11111111111111111111111111111111111111112, Xs8S1uUs1zvS2p7iwtsG3b6fkhpvmwz4GYU3gWAmWHZ"
raydium-amm,WSOL-PVS,0.52,0.52,0,,ccab7bdb-4b70-4eef-847c-af95a0129e15,-0.38,-0.89,-3.95,False,0.63,116658,"So11111111111111111111111111111111111111112, FWAr6oWa6CHg6WUcXu8CqkmsdbhtEqL8t31QTonppump"
raydium-amm,WSOL-IMG,2.59,2.59,0,,b906fe46-e461-4343-aa7c-c7da3834ea45,-0.63,0.89,1.55,False,1.58,116555,"So11111111111111111111111111111111111111112, znv3FZt2HFAvzYf5LxzVyryh3mBXWuTRRng25gEZAjh"
raydium-amm,WSOL-BMT,4.75,4.75,0,,ef54645b-19c5-49b9-8ad5-13c04e8fab90,-16.28,3.03,-22.27,False,6.87,116485,"So11111111111111111111111111111111111111112, FQgtfugBdpFN7PZ6NdPrZpVLDBrPGxXesi4gVu3vErhY"
kamino-liquidity,DEJAAA-USDC,0,0,0,,a354ddc4-91b2-441c-807e-40b774920445,0,0,0,False,0,116301,"AAASV2sCaykNGdEQzJ1mMVNfJMsgEtR7PJaqrCuk4bq6, EPjFWdd5AufqSSqeM2qN1xzybapC8G4wEGGkZwyTDt1v"
orca-dex,SLERF-COINOMI,0.60816,0.60816,0,,f94ab9ad-cd1a-49d0-83ad-ec078cbd8a50,-1.65084,-0.56276,-14.03922,False,1.55039,116116,"9999FVbjHioTcoJpoBiSjpxHW6xEn3witVuXKqBh2RFQ, EHmZM5QD7NFpu6hm3o8yYSA6EhYYunHL21fzN2ucpump"
orca-dex,SOL-SPDR,0.00431,0.00431,0,,c3cf2570-0b31-40b6-b4c9-248098a2ba85,-0.06684,-1.80788,-0.16267,False,0.77656,115971,"So11111111111111111111111111111111111111112, AT79ReYU9XtHUTF5vM6Q4oa9K8w7918Fp5SU7G1MDMQY"
raydium-amm,DEJAAA-USDC,0.02,0.02,0,,1013bd79-ab43-46a4-a889-bc36200b284a,-0.02,0,0,False,0.01,115858,"AAASV2sCaykNGdEQzJ1mMVNfJMsgEtR7PJaqrCuk4bq6, EPjFWdd5AufqSSqeM2qN1xzybapC8G4wEGGkZwyTDt1v"
save,RASOL,0,0,0,,dd2a0246-9a04-4020-8759-790947ed4326,0,0,0,False,0,115774,HUBsveNpjo5pWqNkH57QzxjQASdTVXcSK7bVKTSZtcSX
raydium-amm,WSOL-PP,2.86,2.86,0,,a3b45bb1-eb94-4bb4-a02c-d44c570f6957,0.76,-0.74,1.35,False,1.22,115484,"So11111111111111111111111111111111111111112, ch7rTovcUK7C1zNFM7F93kXU2CByYUsJT4pwYx7pump"
jupiter-lend,ST8ZUMRTX,0,0,0,,653c2c10-c0f2-4f81-ace7-e49247a768c2,0,0,0,False,0,114774,BDsEuxFWznAP5cUCannnfjyjDtTwqN57CkGfDbjx2nNZ
raydium-amm,MUMU-WSOL,0.89,0.89,0,,15b0e2a1-e1c8-4c24-97c6-3a5531b9993e,-0.39,0.51,-0.44,False,0.43,114460,"5LafQUrVco6o7KMz42eqVEJ9LW31StPyGjeeu5sKoMtA, So11111111111111111111111111111111111111112"
raydium-amm,WSOL-TENCENT,46.95,46.95,0,,dbad1c44-c664-5b23-8843-430a0141b165,0,0,0,False,4.4,114153,"So11111111111111111111111111111111111111112, 7yXupaE8i1fQjjLgDZrP1dA6ndxyXthPq2gTmVuP1V1H"
raydium-amm,WSOL-STRX,0.67,0.67,0,,35ccf692-604f-422e-b17a-04f2c238cf10,0,0,0,False,0.19,114097,"So11111111111111111111111111111111111111112, 9HCRyuqrFDt1kUrwuUF7xjb2eqCgFmC5433MjqJ3STRX"
raydium-amm,WSOL-TEST,4.76,4.76,0,,4d839bcc-f852-4132-8b4e-8bc9f046828d,4.29,1.48,0,False,1.88,114056,"So11111111111111111111111111111111111111112, 4Hcm1TfA1MvVhCQHvJCcKL7ymUhJZAV7P439H5ZHnKRh"
kamino-lend,ZBTC,0,0,0,,6adab799-4e94-4407-9f2e-25e5f6212e1e,0,0,0,False,0,113884,zBTCug3er3tLyffELcvDNrKkCymbPWysGcWihESYfLg
raydium-amm,DOLAN-WSOL,0.78,0.78,0,,613324d2-7f42-4d64-a608-62f68d8832af,-0.59,-0.89,0.15,False,1,113569,"4YK1njyeCkBuXG6phNtidJWKCbBhB659iwGkUJx98P5Z, So11111111111111111111111111111111111111112"
raydium-amm,TSAT-WBTC,0.47,0.47,0,,27629ccc-829d-47ea-9e7d-b46e2c6b7931,0,0,-0.27,False,0.19,113391,"tSATdGGSLYBVCrm3pXiib8NmzKcB1iUdjRRseNGssxu, 3NZ9JMVBmGAqocybic2c7LQCJScmgsAZ6vQqTDzcqmJh"
save,$RE,0,0,0,,a07c637f-0939-4843-8cd8-8bcfc45be022,0,0,0,False,0,113240,REdaoGk6EcBVgXW7vHs9FnzWmkr3ba6eHRBBgEtLNWo
raydium-amm,USD1-ONE,53.65,53.65,0,,30165234-d418-4f86-bc9d-f81e82868709,0.09,22.05,-36.72,False,31.06,112784,"USD1ttGY1N17NEEHLmELoaybftRBUSErhqYiQzvEmuB, EybU41yD9sAvECDuRuRiDKssf5qBFHzeQgaNWE4rbonk"
raydium-amm,WSOL-PEPECAT,0.44,0.44,0,,d3df0f29-4f6b-41eb-80b9-4de0a1312298,-0.16,0,-0.39,False,0.18,112646,"So11111111111111111111111111111111111111112, CRAMvzDsSpXYsFpcoDr6vFLJMBeftez1E7277xwPpump"
save,SOL-BSOLMLP,0,0,0,,3297b9ab-cf17-426d-8ded-1c0fbd698a3d,0,0,0,False,0,112297,8ioaL3gTSAhNJy3t9JakXuoKobJvms62Ko5aWHvmHgSf
raydium-amm,WSOL-$WHISKEY,1.15,1.15,0,,81c78b34-adca-4bda-8bdc-516dfc520bdc,-0.11,-0.23,0,False,0.73,112233,"So11111111111111111111111111111111111111112, 9UNqoPEXXxEnEphmyYsZYdL5dnmAUtdiKRUchpnUF5Ph"
orca-dex,WBTC-USDC,5.02981,5.02981,0,,409066bb-22eb-4c9e-994f-dfcea35e4481,-6.03121,-0.18094,-3.48967,False,8.82934,111493,"3NZ9JMVBmGAqocybic2c7LQCJScmgsAZ6vQqTDzcqmJh, EPjFWdd5AufqSSqeM2qN1xzybapC8G4wEGGkZwyTDt1v"
gmtrade,WGMX-USDC,65.57636,65.57636,0,,7ed8954f-c9e8-4e06-9c93-025e887142cb,20.33741,47.9879,40.32426,False,0,111358,"9wX6Qz1Y5YQe71dfnFYFfZYXZhKqjYKQwdqfrRkmYUSX, EPjFWdd5AufqSSqeM2qN1xzybapC8G4wEGGkZwyTDt1v"
raydium-amm,WSOL-CHECK,30,30,0,,a81765e3-d4e9-59be-a3c6-b8e0d192aca6,0,0,0,False,2.47,111324,"So11111111111111111111111111111111111111112, 2W6YUwBCgvEwjqroiQAiknJtFxtmiEbr2da7MyQhi88G"
raydium-amm,ECOR-USDC,0.4,0.4,0,,ddc364c4-b6b7-499c-92cb-cc72962d6594,-0.07,0,-2,False,0.23,111274,"6wQDzAZT17HYABu7rNXBDUSgNzDeGUUUzY2cS8wpEGAc, EPjFWdd5AufqSSqeM2qN1xzybapC8G4wEGGkZwyTDt1v"
orca-dex,SOL-ZBCN,70.72,70.72,0,,01b5637e-2599-41d0-a141-88e7ae35c126,-50.17175,-71.31804,-13.88722,False,106.27537,111097,"So11111111111111111111111111111111111111112, ZBCNpuD7YMXzTHB2fhGkGi78MNsHGLRXUhRewNRm9RU"
raydium-amm,WSOL-KM,0.82,0.82,0,,dc159e5f-c0f6-438a-9138-6a16b7ff038d,-0.24,-0.75,-3.12,False,0.75,111048,"So11111111111111111111111111111111111111112, FThrNpdic79XRV6i9aCWQ2UTp7oRQuCXAgUWtZR2cs42"
orca-dex,SOL-JUPSOL,1.87056,1.87056,0,,5ff68f29-adcc-4551-8947-56ddda389f17,0.94844,1.37092,-0.10657,False,0.97916,110757,"So11111111111111111111111111111111111111112, jupSoLaHXQiZZTSfEWMTRRgpnyFm8f6sZdosWBjx93v"
raydium-amm,WSOL-YNE,0.96,0.96,0,,c07d4aa3-781e-4a14-bd2d-082c3bac7f62,-0.05,0.31,-0.56,False,0.67,110598,"So11111111111111111111111111111111111111112, 7D1iYWfhw2cr9yBZBFE6nZaaSUvXHqG5FizFFEZwpump"
raydium-amm,WSOL-AET,23.62,23.62,0,,630138d6-6b14-5e46-a353-62d7b20e8c6a,0,0,0,False,1.94,110167,"So11111111111111111111111111111111111111112, 9KQit5MnBfajya6a2YoVGkaes7AdBMHLV2wfVDUtvx4N"
raydium-amm,GDTC-WSOL,0.78,0.78,0,,4b968bbb-8378-4685-b331-f0b3679330b0,0.01,0.18,0.03,False,0.34,109995,"DVb1znJKBVJzcuzbgvcG3cSghf2i1YzdJqoJFb7ZdQuX, So11111111111111111111111111111111111111112"
raydium-amm,EURAU-USDC,0.13,0.13,0,,05456cc4-bd76-5b3a-8236-538e0f59d445,-0.17,0,0,True,0.03,109868,"9pCWprxbZMW2rYSMhPTeoyLMV2sN2WJqshdT7DQVt6hS, EPjFWdd5AufqSSqeM2qN1xzybapC8G4wEGGkZwyTDt1v"
raydium-amm,WSOL-MOEW,0.48,0.48,0,,39dd8e58-ed35-43fc-819d-82b32f67cc45,-0.03,0.09,-0.57,False,0.15,109824,"So11111111111111111111111111111111111111112, C6Q5fMpuPjBPox84wbcE3Rn8HYJg11o4YHEmbQSuYs5L"
kamino-liquidity,SOL-SSOL,0,0,0,,b18a9940-3b8d-468c-acb7-ed28deeb31cb,-0.23663,-0.28993,-0.29652,False,0.381,109403,"So11111111111111111111111111111111111111112, sSo14endRuUbvQaJS3dq36Q829a3A6BEfoeeRGJywEh"
raydium-amm,CAT-WSOL,0.47,0.47,0,,e87cab1c-d5e1-4f3a-88fa-e76b43ad2a65,0,-0.68,-1.46,False,0.76,109321,"7hWcHohzwtLddDUG81H2PkWq6KEkMtSDNkYXsso18Fy3, So11111111111111111111111111111111111111112"
orca-dex,SOL-TURBO,0,0,0,,710420bd-8f3a-4fb8-b970-9b2c5b418460,0,-0.06298,0,False,0,108800,"So11111111111111111111111111111111111111112, 42KmnheUHt3UaQFoAKnipLgBJ1Zm427heJdQcHGPtnjc"
raydium-amm,WSOL-BUCK,0.36,0.36,0,,9687cf57-cc7c-444b-8e6e-2d4ab8e27616,-0.62,-0.58,-1.14,False,0.77,108230,"So11111111111111111111111111111111111111112, FLqmVrv6cp7icjobpRMQJMEyjF3kF84QmC4HXpySpump"
raydium-amm,WSOL-TENCENT,32.26,32.26,0,,9a33faa2-c6ae-5f0e-bf33-e4fc39955fdd,0,0,0,False,2.65,108224,"So11111111111111111111111111111111111111112, 43JaaxNJU2JnCLMRRKTqPQjjopyMS2MLRwoN83WmGkKA"
raydium-amm,RAY-USDC,3.85,3.85,0,,0e4d44f3-c9c4-4b96-850f-5b1edc99332f,-6.48,-3.55,-7.37,False,3.37,107458,"4k3Dyjzvzp8eMZWUXbBCjEvwSkkk59S5iCNLY3QrkX6R, EPjFWdd5AufqSSqeM2qN1xzybapC8G4wEGGkZwyTDt1v"
raydium-amm,WBTC-SATFI,11.94,11.94,0,,e550807a-1b73-46b2-af5e-7e1970541553,-9.97,0,0,False,2.79,107398,"3NZ9JMVBmGAqocybic2c7LQCJScmgsAZ6vQqTDzcqmJh, 9avVfYKaWV56qnoRpe2xyDrBB3ANkHynG38VrZDhwTbE"
raydium-amm,SOLAMA-WSOL,0.39,0.39,0,,7d7dd28c-5884-4f7f-ae01-02c8a5e63b99,-0.2,-3.11,0,False,0.42,107117,"AVLhahDcDQ4m4vHM4ug63oh7xc8Jtk49Dm5hoe9Sazqr, So11111111111111111111111111111111111111112"
orca-dex,ORCA-USDC,3.2965,3.2965,0,,1e98f4e4-2579-4488-bfa1-f0a7c71eccd1,-8.4774,0.69958,-6.69251,False,7.39656,107038,"orcaEKTdK7LKz57vaAYr9QeNsVEPfiu6QeMU1kektZE, EPjFWdd5AufqSSqeM2qN1xzybapC8G4wEGGkZwyTDt1v"
orca-dex,CETES-USDC,0.68102,0.68102,0,,409e62e4-f329-406e-bbb8-c48d9745aa87,0.67965,0.60126,-0.94698,False,1.2343,106835,"CETES7CKqqKQizuSN6iWQwmTeFRjbJR6Vw2XRKfEDR8f, EPjFWdd5AufqSSqeM2qN1xzybapC8G4wEGGkZwyTDt1v"
raydium-amm,KUGDD-USDT,0.02,0.02,0,,bbc4a42c-c2f6-5ade-85d0-187084cdd5f2,0,0,0,False,0,106711,"2HMpKMW2jHKbghkVu7J3co8Ve6fxsR9zcqyqnAUJu5xf, Es9vMFrzaCERmJfrF4H2FYD4KCoNkY11McCe8BenwNYB"
raydium-amm,WSOL-ANI,5.1,5.1,0,,07bc774d-b4e1-4f9e-9f95-b238074897bd,-5.58,3.23,0.73,False,1.82,106434,"So11111111111111111111111111111111111111112, 9tqjeRS1swj36Ee5C1iGiwAxjQJNGAVCzaTLwFY8bonk"
gmtrade,BNB-USDC,99.72971,99.72971,0,,4d5f2138-e925-4cb4-82bd-b7316894dcb3,24.48742,18.44927,49.64728,False,0,106414,EPjFWdd5AufqSSqeM2qN1xzybapC8G4wEGGkZwyTDt1v
raydium-amm,WSOL-GRIFT,0.43,0.43,0,,cc3fbec1-1b61-46f7-a6a4-4f6c64ac16d8,0,0,0,False,0.08,106202,"So11111111111111111111111111111111111111112, GekTNfm84QfyP2GdAHZ5AgACBRd69aNmgA5FDhZupump"
raydium-amm,STA-USDC,6.48,6.48,0,,6aa24d84-90b7-4a2c-a2d2-120c8291ee09,5.82,5.83,-3.73,False,0.79,105811,"2EvzX3DF28aQY4TU6r8mLzVSEG6v7ZdTVrpv95RtoSTA, EPjFWdd5AufqSSqeM2qN1xzybapC8G4wEGGkZwyTDt1v"
raydium-amm,MAD-WSOL,0.78,0.78,0,,c41112b0-d378-4d25-8350-8feea0d59ffd,-0.35,-0.21,-3.34,False,1.51,105798,"madHpjRn6bd8t78Rsy7NuSuNwWa2HU8ByPobZprHbHv, So11111111111111111111111111111111111111112"
raydium-amm,ATR-USDC,0.51,0.51,0,,59acff14-ed3d-4661-9e90-5c64b81106c6,-0.41,0,-0.32,False,0.85,105516,"ATRLuHph8dxnPny4WSNW7fxkhbeivBrtWbY6BfB4xpLj, EPjFWdd5AufqSSqeM2qN1xzybapC8G4wEGGkZwyTDt1v"
raydium-amm,WSOL-MOT,11.17,11.17,0,,a2426826-42bb-47fa-bfa5-3625705c5c25,-1.29,6.22,-4.39,False,6.55,105317,"So11111111111111111111111111111111111111112, motN8Tg6xBp7ZnHuqdBPxqCBhQTjzKrWaauqb8pBizt"
raydium-amm,GUMMY-WSOL,3.55,3.55,0,,28969b16-9c65-4c37-8fe7-85dc82becdb4,0,0,0,False,0.29,105069,"H7bTHGb5Cvo5fGe5jBDNDPUv8KykQnzyZA3qZ8sH7yxw, So11111111111111111111111111111111111111112"
orca-dex,SOL-$WIF,8.93403,8.93403,0,,a7a90058-d8af-4e07-b3a2-c2ffc56fd596,1.02614,0.97531,-4.52625,False,7.69451,104486,"So11111111111111111111111111111111111111112, EKpQGSJtjMFqKZ9KQanSqYXRcF8fBopzLHYxdM65zcjm"
raydium-amm,WSOL-ELON4AFD,0.6,0.6,0,,a5927e0e-b501-4de6-b08a-6165f12fe739,-0.9,-0.26,0,False,1.35,104438,"So11111111111111111111111111111111111111112, BkYAUVMar1gLwuFLv2n5cmB6HhcNtvd86kU3gqAypump"
raydium-amm,WSOL-GTA6COIN,4.12,4.12,0,,c5d39105-af41-4498-a2eb-b46891ead868,-5.28,-4.33,-192.57,False,4.45,104218,"So11111111111111111111111111111111111111112, EaxAUcXxNnVwcqm2BBocbows7D1XVY2Q63V38NEypump"
orca-dex,SOL-BONK,1.31242,1.31242,0,,78110730-cd1c-432a-bc06-c2eed825e841,-1.33644,-24.75133,-0.19907,False,9.62064,103544,"So11111111111111111111111111111111111111112, DezXAZ8z7PnrnRJjz3wXBoRgixCa6xjnB7YaB1pPB263"
raydium-amm,WSOL-SHY,1.43,1.43,0,,9660adfa-0c89-4ba0-9f81-d516e4720ad3,0.37,0.99,-0.33,False,0.71,103478,"So11111111111111111111111111111111111111112, 7d1vpt5eri79nETcL74Punhp3mGkeBgUkMdPWep6pump"
raydium-amm,WSOL-LLM,0.45,0.45,0,,9eca9263-e7b3-498c-b8fb-05d91ac36e92,0,0,0,False,0.3,103199,"So11111111111111111111111111111111111111112, 98mb39tPFKQJ4Bif8iVg9mYb9wsfPZgpgN1sxoVTpump"
orca-dex,MOVEUSD-USDC,0.00016,0.00016,0,,056c7aa6-1510-4d25-a026-c8c548d10071,0.00011,-0.00109,-9e-05,False,0.00619,102995,"3AdhVEX6k85yNivHVXDEiY3WyP2WgFQTUZCahGaeC2qm, EPjFWdd5AufqSSqeM2qN1xzybapC8G4wEGGkZwyTDt1v"
raydium-amm,WSOL-NAILONG,9.09,9.09,0,,94d6a97a-4c1f-4f8e-8788-d372271fd077,6.56,6.83,7.87,False,1.91,102972,"So11111111111111111111111111111111111111112, mkvXiNBpa8uiSApe5BrhWVJaT87pJFTZxRy7zFapump"
raydium-amm,WSOL-ARQORA,8.94,8.94,0,,b57a185e-d11d-4680-9083-7b11c1daf4be,-3.97,5.97,6.38,False,3.65,102949,"So11111111111111111111111111111111111111112, DekaTSa8VMjnf3R99VMJwDiSyyQ4rYP15oPsE59mYZUJ"
raydium-amm,$GDOG-WSOL,0.4,0.4,0,,094cd802-1f93-445f-a67b-5047634a41e9,0,0,0,False,0.07,102607,"GVmtuUyLDuXNh2gJtHgarEtpqSiwn5965fNv37VeEhk1, So11111111111111111111111111111111111111112"
raydium-amm,WSOL-DEGENAI,0.46,0.46,0,,db296555-ae98-4cae-a94d-274d45a0dea6,0,-0.08,-1.18,False,0.21,102498,"So11111111111111111111111111111111111111112, Gu3LDkn7Vx3bmCzLafYNKcDxv2mH7YN44NJZFXnypump"
gmtrade,WGMX-USDC,129.36066,129.36066,0,,e499e730-6f52-50d7-9b73-00ed86b6cea9,8.43884,57.16571,0,False,0,101911,"9wX6Qz1Y5YQe71dfnFYFfZYXZhKqjYKQwdqfrRkmYUSX, EPjFWdd5AufqSSqeM2qN1xzybapC8G4wEGGkZwyTDt1v"
raydium-amm,WSOL-STONKS,0.43,0.43,0,,c914beeb-cd1e-4260-8509-23847bc3e6fa,0,0,0,False,0.1,101733,"So11111111111111111111111111111111111111112, 6NcdiK8B5KK2DzKvzvCfqi8EHaEqu48fyEzC8Mm9pump"
raydium-amm,WSOL-WOJAK,0.64,0.64,0,,dac75713-4172-4ca1-972c-6fab5b995ef5,-0.36,-0.12,-2.29,False,1.1,101696,"So11111111111111111111111111111111111111112, 7oLWGMuGbBm9uwDmffSdxLE98YChFAH1UdY5XpKYLff8"
raydium-amm,WSOL-LOULOU,0.34,0.34,0,,6ec301a5-3d87-4d83-99e9-bd227d524a03,0,-0.16,-1.69,False,0.39,101134,"So11111111111111111111111111111111111111112, 7BMb4jNt2tQG81jX7W22H2h2UyL4SW9QJgz25HRhpump"
orca-dex,TSLAX-USDC,0.15325,0.15325,0,,9707453e-63a2-4d7c-8311-ca71f5cad17c,-2.2024,-3.26631,-55.20065,False,7.74671,100969,"XsDoVfqeBukxuZHWhdvWHBhgEHjGNst4MLodqsJHzoB, EPjFWdd5AufqSSqeM2qN1xzybapC8G4wEGGkZwyTDt1v"
raydium-amm,WSOL-BUNKER,0.43,0.43,0,,80fdaac6-62fa-43b6-b6cc-332d625cd4e0,-0.05,0,0,False,0.13,100965,"So11111111111111111111111111111111111111112, 8NCievmJCg2d9Vc2TWgz2HkE6ANeSX7kwvdq5AL7pump"
orca-dex,MSOL-JITOSOL,0.0371,0.0371,0,,d7d14b5c-6e0a-460b-8cba-e3053820d3c2,-0.00715,0.01349,-0.40794,False,0.10807,100854,"mSoLzYCxHdYgdzU16g5QSh3i5K3z3KZK7ytfqcJm7So, J1toso1uCk3RLmjorhTtrVwY9HJ7X8V9yYac6Y7kGCPn"
raydium-amm,WSOL-PINO,1.07,1.07,0,,20a7de82-cb61-410c-a363-fd40b0c6ae50,0.17,0.58,0.29,False,0.59,100780,"So11111111111111111111111111111111111111112, 7b36cKRYFZsMp3vLByVwfVQxW2ndcYth5rhPnyypump"
orca-dex,SBC-USDC,0,0,0,,c88d8d63-00a0-4fd2-a72d-29874a51b7e6,0,0,-0.01414,True,0.00089,100531,"DBAzBUXaLj1qANCseUPZz4sp9F8d2sc78C4vKjhbTGMA, EPjFWdd5AufqSSqeM2qN1xzybapC8G4wEGGkZwyTDt1v"
raydium-amm,OCTO-WSOL,0.83,0.83,0,,63073c6d-3a35-4e36-9c33-0930b3fbf535,-0.35,0,0,False,0.26,100410,"4CoTCzobYt38zVbSieZxcmz2CCs8kmZJ6wnbj8HWocto, So11111111111111111111111111111111111111112"
orca-dex,USDT-GRASS,0,0,0,,ae82ea7b-8ada-4dff-b82f-733ba5380514,0,0,0,False,0,100312,"Es9vMFrzaCERmJfrF4H2FYD4KCoNkY11McCe8BenwNYB, Grass7B4RdKfBCjTKgSqnXkqjwiGvQyFbuSCUJr3XXjs"
gmtrade,SPCX-USDC,53.77984,53.77984,0,,b237d486-5778-4246-9eb0-afb8d68a6644,6.74824,52.66194,53.77799,False,0,100053,EPjFWdd5AufqSSqeM2qN1xzybapC8G4wEGGkZwyTDt1v
raydium-amm,XAUM-USDC,0.2,0.2,0,,2d1af0cc-235d-4df7-9cca-24beef3c2804,-0.03,0,0,False,0.08,100044,"5aLhp9VnUEKcsdtkfsf2DUgpJfomx7GmYVny24dHUZoB, EPjFWdd5AufqSSqeM2qN1xzybapC8G4wEGGkZwyTDt1v"
orca-dex,UYSD-USDT,0.18327,0.18327,0,,7ac836b2-5667-5db4-bdd6-1f4dbd005842,0,0,0,False,0.02618,99933,"BoManVdindsVfkKnk8nbaRT6S76pw9mHfzStM1tPkwHh, Es9vMFrzaCERmJfrF4H2FYD4KCoNkY11McCe8BenwNYB"
orca-dex,UCSD-USDT,0.1833,0.1833,0,,a647d7b4-a365-5b11-b482-ff359e75d7a9,0,0,0,False,0.02619,99910,"6qdPgwD5HvMwyoCJ2oHTRFFCP1brcJTfyLRNqipm49Ae, Es9vMFrzaCERmJfrF4H2FYD4KCoNkY11McCe8BenwNYB"
orca-dex,USDT-UHSD,0.18331,0.18331,0,,9dc8aa26-1744-50bd-bb47-5b29d166f49f,0,0,0,False,0.02619,99908,"Es9vMFrzaCERmJfrF4H2FYD4KCoNkY11McCe8BenwNYB, HSYMyu4nvijoTy5txXNQPq1yfzaZAP6bYDmMtA5Y2CrM"
orca-dex,-USDT,0.18323,0.18323,0,,aec34712-288e-5f91-9689-f396d205e963,0,0,0,False,0.02618,99897,"8PKUCSTNXyENibMAj2Num4HZ5hi5KbYMt8kVgL1sbuHU, Es9vMFrzaCERmJfrF4H2FYD4KCoNkY11McCe8BenwNYB"
orca-dex,USDT-DMHU,0.09491,0.09491,0,,82eb438c-8f9e-579e-a2c6-2feb2b7961dd,0,0,0,False,0.01356,99897,"Es9vMFrzaCERmJfrF4H2FYD4KCoNkY11McCe8BenwNYB, GuxA7vdRCGnbrdEC5jpMkrUDrLUSNnoofRAsW8EsR12i"
orca-dex,-USDT,0.18326,0.18326,0,,7e6172dc-1e41-5c17-aa71-300592782629,0,0,0,False,0.02618,99896,"8FiByfbNBoZ4pRAR8zQzn82Nfpm3Cb3YTdKxUnqUkJ3i, Es9vMFrzaCERmJfrF4H2FYD4KCoNkY11McCe8BenwNYB"
orca-dex,DCHU-USDT,0.18985,0.18985,0,,15dc7727-9a86-5f7d-8727-051cb71858b8,0,0,0,False,0.02712,99894,"5TyPsbdieuTJdMt1SAkJQzPXXr1QmAkgBwLGpcpTcSAM, Es9vMFrzaCERmJfrF4H2FYD4KCoNkY11McCe8BenwNYB"
jupiter-lend,CBBTC,0,0,0,,78625834-af8c-4850-b162-6aacbf0da5ef,0,0,0,False,0,99235,cbbtcf3aa214zXHbiAZQwf4122FBYbraNdFqgw4iMij
raydium-amm,WSOL-PALM,1.81,1.81,0,,68d52a06-e669-5c5f-9ce6-8b033b4e9bf8,0,0,0,False,0.21,99006,"So11111111111111111111111111111111111111112, C1yeWSrA7Wa7g1Pd1VcL4pEnGdWJZpFhHYvfm6pbPALM"
raydium-amm,WSOL-CRCLX,10.29,10.29,0,,62d12119-752e-4978-b96e-d5d6ecbc44ba,-12.8,2.02,-131.16,False,13.7,99000,"So11111111111111111111111111111111111111112, XsueG8BtpquVJX9LVLLEGuViXUungE6WmK5YZ3p3bd1"
raydium-amm,WHALES-WSOL,0.96,0.96,0,,24d7f98e-4985-4a0b-bd70-8c84a4c0c5db,0,-0.52,0,False,0.16,98859,"GTH3wG3NErjwcf7VGCoXEXkgXSHvYhx5gtATeeM5JAS1, So11111111111111111111111111111111111111112"
raydium-amm,CHITAN-WSOL,0.45,0.45,0,,1d9b9212-fdd2-4295-87be-d302155d1bdb,-0.02,0,0,False,0.04,98838,"J95PxHUEytzTGbf9DpLpyPHXnUTWN4FbRk2Jnc5nYKa3, So11111111111111111111111111111111111111112"
raydium-amm,WSOL-BBT,2.46,2.46,0,,3c33605c-307a-4162-8279-0fdc5119d048,0.32,1.91,-4.3,False,1.63,98713,"So11111111111111111111111111111111111111112, 3s4AK2x2nGkKP8ZADbcKuhdPr3coSuh1XnwZEzWgpump"
jupiter-lend,WBTC,0,0,0,,73a3f0e2-31a7-419e-8e32-4f7dc77111f4,0,0,0,False,0,98510,3NZ9JMVBmGAqocybic2c7LQCJScmgsAZ6vQqTDzcqmJh
raydium-amm,CHATOSHI-USDC,3.39,3.39,0,,36d14118-3cf6-4830-b54e-4bb93f744fcb,-1.43,0,-2.94,False,0.63,98419,"Bhu2wBWxfWkRJ6pFn5NodnEvMCqj9DLfCU5qMvt7pump, EPjFWdd5AufqSSqeM2qN1xzybapC8G4wEGGkZwyTDt1v"
raydium-amm,WHITE-USDC,0.9,0.9,0,,6a8923a4-bfd3-4fed-b2f6-38f0600d8a3f,0,0,0.24,False,0.14,98250,"ENWC66tsY6cyqSrd8a7S9ETc712xCcSAuGcRUwSMWhyo, EPjFWdd5AufqSSqeM2qN1xzybapC8G4wEGGkZwyTDt1v"
raydium-amm,WSOL-SUPERCYCLE,1.38,1.38,0,,2393caaf-9038-48a9-84a8-d9f012bcb97f,-0.87,-0.15,0,False,1.04,98226,"So11111111111111111111111111111111111111112, 2G8LH53fcr3aCrEsmAo73eunbZRbyjKrGH5qmur6pump"
raydium-amm,WSOL-FXN,1.9,1.9,0,,34da3c48-79ef-4c96-9dc2-cdc208d25afa,0,-0.46,0,False,0.3,98127,"So11111111111111111111111111111111111111112, 92cRC6kV5D7TiHX1j56AbkPbffo9jwcXxSDQZ8Mopump"
raydium-amm,WSOL-$URO,0.42,0.42,0,,64d6d126-79cf-4513-981f-b84ed4892f30,0,0,0,False,0.15,97303,"So11111111111111111111111111111111111111112, FvgqHMfL9yn39V79huDPy3YUNDoYJpuLWng2JfmQpump"
raydium-amm,CALITA-USDC,3.76,3.76,0,,9ffc6f3a-7038-4571-8416-0fa97f2492e9,-1.87,-4.16,-4.05,False,3.54,96647,"CBfU7xFUC3MZxq5TxxogqPs55ZKZo9MAmxeg7ovfASvw, EPjFWdd5AufqSSqeM2qN1xzybapC8G4wEGGkZwyTDt1v"
raydium-amm,HAPPY-WSOL,4.91,4.91,0,,16bb4bf6-e3ee-4aef-b34d-6ae00d19c4d1,-6.89,3.32,2.92,False,2.23,96296,"HAPPYwgFcjEJDzRtfWE6tiHE9zGdzpNky2FvjPHsvvGZ, So11111111111111111111111111111111111111112"
raydium-amm,WSOL-NOMNOM,1.11,1.11,0,,3419630a-8482-415e-93d9-aba3b27b46f8,0.49,0.61,-4.26,False,0.94,96111,"So11111111111111111111111111111111111111112, 6ZrYhkwvoYE4QqzpdzJ7htEHwT2u2546EkTNJ7qepump"
raydium-amm,SHX-USDC,1.09,1.09,0,,5c1ae043-faad-5a28-8d46-5da7e9af951c,-0.39,0.65,0,False,0.66,95975,"EFchnNkBvh4gSY5zqDgqRfuPR7mStBLvKBxPq5JUJcmP, EPjFWdd5AufqSSqeM2qN1xzybapC8G4wEGGkZwyTDt1v"
jupiter-lend,MSOL,0,0,0,,d20e54ae-e897-4474-ae33-8a81570261b2,0,0,0,False,0,95804,mSoLzYCxHdYgdzU16g5QSh3i5K3z3KZK7ytfqcJm7So
raydium-amm,USD1-HOSICO,0.87,0.87,0,,6c8947f5-a218-4b80-9372-e711737e6fe1,-1.99,-1.09,-0.47,False,2.19,95616,"USD1ttGY1N17NEEHLmELoaybftRBUSErhqYiQzvEmuB, Dx2bQe2UPv4k3BmcW8G2KhaL5oKsxduM5XxLSV3Sbonk"
project-0,HNT,0.00228,0.00228,0,,7e2998dd-96d6-4f8b-af4a-df0b9788dcb8,0,0,1e-05,False,0,95077,hntyVP6YFm1Hg25TN9WGLqM12b8TQmcknKrdu1oxWux
raydium-amm,POX-WSOL,0.57,0.57,0,,55c58393-589c-48ae-a0c9-c187322e852f,0,-0.97,0,False,0.67,94978,"mpoxP5wyoR3eRW8L9bZjGPFtCsmX8WcqU5BHxFW1xkn, So11111111111111111111111111111111111111112"
raydium-amm,WSOL-🟥🟩,0.42,0.42,0,,7ee491f3-fe58-45dc-ae89-8f908e6bf9b0,-0.79,-0.45,-3.84,False,0.39,94949,"So11111111111111111111111111111111111111112, HwPtbFpd3VTe3tfyosoVtPf9WPuSk5gAKkN5xp6Npump"
orca-dex,USBD-USDC,0.15378,0.15378,0,,9f494bbb-e7da-5130-8776-d972323b6c20,0,0,0,False,0.02197,94946,"k5CALNHGXKuDdGyuJDvQSnxpnSdsDEUhw869Fkko1Bg, EPjFWdd5AufqSSqeM2qN1xzybapC8G4wEGGkZwyTDt1v"
orca-dex,USDT-USPD,0.15379,0.15379,0,,2b8005d4-e39a-599a-b112-fbf040a40a45,0,0,0,True,0.02197,94897,"Es9vMFrzaCERmJfrF4H2FYD4KCoNkY11McCe8BenwNYB, GukrkjL7weeqer88P9qMnEqL2HHj1sCrykQS9cfNUi8D"
orca-dex,GBOY-USDC,0.07431,0.07431,0,,dfd0dc02-4563-4dc6-9380-6041e366c6e6,-0.0474,-0.24814,-0.54424,False,0.94126,94894,"svy5ErijNYy9hEVzxknCdwWdZ3NeXJTdpb9Ndnso17f, EPjFWdd5AufqSSqeM2qN1xzybapC8G4wEGGkZwyTDt1v"
orca-dex,USDT-USPD,0.00385,0.00385,0,,da49621f-4ec5-538b-8650-c02f76e76ff9,0.00273,0,0,True,0.02269,94856,"Es9vMFrzaCERmJfrF4H2FYD4KCoNkY11McCe8BenwNYB, FNvDejmCM9MMZ1VwjevDczRuiRT41pZ694rD8AhouNUP"
raydium-amm,WSOL-AWR,14.3,14.3,0,,437f0155-0099-4487-b78e-f5886097e554,13.03,13.3,7.12,False,3.48,94828,"So11111111111111111111111111111111111111112, Ai4CL1SAxVRigxQFwBH8S2JkuL7EqrdiGwTC7JpCpump"
raydium-amm,WSOL-USDT,2.32,2.32,0,,a3de232a-c180-4cfb-a983-940575566c03,-2.27,-0.58,-15.23,False,2.53,94808,"So11111111111111111111111111111111111111112, Es9vMFrzaCERmJfrF4H2FYD4KCoNkY11McCe8BenwNYB"
raydium-amm,WSOL-XIN,1.74,1.74,0,,1b066965-95e5-4e8c-acb8-503d68017836,-2.56,0,-5.71,False,1.49,94288,"So11111111111111111111111111111111111111112, 4s4H5v4TXpmS4Ss66nxcCLgxrU5nunuwtkQceinZfGuw"
raydium-amm,WSOL-RIFT,8.65,8.65,0,,034b694f-af67-40cd-a596-4669c54f411e,-8.96,0,0,False,1.82,94212,"So11111111111111111111111111111111111111112, jUpa2aDCzvdR9EF4fqDXmuyMUkonPTohphABLmRkRFj"
orca-dex,EZJTO-JTO,0.00011,0.00011,0,,52790568-6286-4cfc-afe7-35c783fd3248,-0.00106,0.00011,0.00011,False,0.00171,93762,"ezjtoE6PYVnWkbJJYEsGHgR3rXgBydi9eeB1YHP8cVg, jtojtomepa8beP8AuQc6eXt5FriJwfFMwQx2v2f9mCL"
raydium-amm,STAN-WSOL,0.5,0.5,0,,eb8acb80-8df9-4370-9311-06729a12460a,-1.25,-0.76,-0.5,False,0.9,93635,"CQSzJzwW5H1oyWrp6QhfUKYYwyovbSiVDKnAxNfb1tJC, So11111111111111111111111111111111111111112"
kamino-liquidity,SOL-BORG,3.5908,3.5908,0,,5b24e512-de61-484d-aca1-c9310be64922,-8.54733,0.14722,-4.13988,False,6.02359,93521,"So11111111111111111111111111111111111111112, 3dQTr7ror2QPKQ3GbBCokJUmjErGg8kTJzdnYjNfvi3Z"
raydium-amm,WSOL-SKBDI,0.5,0.5,0,,9d5080d5-0645-4b60-956f-16d06dc897a0,-0.97,-0.16,0,False,0.79,93282,"So11111111111111111111111111111111111111112, DPaQfq5sFnoqw2Sh9WMmmASFL9LNu6RdtDqwE1tab2tB"
raydium-amm,GIKO-WSOL,9.02,9.02,0,,793b63bd-0ae7-47c5-a264-43771203bcc5,6.03,5.15,5.51,False,3.58,93271,"3WPep4ufaToK1aS5s8BL9inzeUrt4DYaQCiic6ZkkC1U, So11111111111111111111111111111111111111112"
raydium-amm,STRCX-USDC,3.86,3.86,0,,6b38ef9b-ee9f-42a9-afdf-5b099b108001,-2.14,0.59,-9.91,False,6.98,93108,"Xs78JED6PFZxWc2wCEPspZW9kL3Se5J7L5TChKgsidH, EPjFWdd5AufqSSqeM2qN1xzybapC8G4wEGGkZwyTDt1v"
raydium-amm,WSOL-LC,1.71,1.71,0,,b2fd2d6a-d7c2-4594-b7b7-84a920c64468,-0.17,-7.85,-5.74,False,1.45,93035,"So11111111111111111111111111111111111111112, 43YakhC3TcSuTgSXnxFgw8uKL8VkuLuFa4M6Bninpump"
jupiter-lend,CBBTC,0,0,0,,6f56a8ae-55ca-48af-a5fd-0b41f9f3b8cb,0,0,0,False,0,92804,cbbtcf3aa214zXHbiAZQwf4122FBYbraNdFqgw4iMij
orca-dex,GUN-USDC,3.46184,3.46184,0,,0d2f26d7-a43e-4bba-8868-50e27f836958,-29.97718,-0.99022,-22.57085,False,13.85454,92667,"3jUf2RTyXp867piSB2dt8uUcNiLDW58asjGtXkRAkBbe, EPjFWdd5AufqSSqeM2qN1xzybapC8G4wEGGkZwyTDt1v"
raydium-amm,LMX-USDT,34.59,34.59,0,,919ce100-d62c-4288-a6d5-f41faacc04e4,22.23,-26.86,12.11,False,14.58,92504,"Bm2y8RLPLeZuvUfQ7m3UKRiHGewTpzYt7pX8ZpzimM7d, Es9vMFrzaCERmJfrF4H2FYD4KCoNkY11McCe8BenwNYB"
raydium-amm,WSOL-ZARA,4.17,4.17,0,,2e43aca7-2bd7-4220-b674-466632cec5d3,3.58,3.49,3.23,False,0.75,91686,"So11111111111111111111111111111111111111112, 73UdJevxaNKXARgkvPHQGKuv8HCZARszuKW2LTL3pump"
kamino-liquidity,USDC-USDT,0,0,0,,cec6d16a-e280-4ec3-82f7-52b852eb35d3,0,0,-3.83539,True,0.56554,91575,"EPjFWdd5AufqSSqeM2qN1xzybapC8G4wEGGkZwyTDt1v, Es9vMFrzaCERmJfrF4H2FYD4KCoNkY11McCe8BenwNYB"
raydium-amm,OUYI-USDT,0.02,0.02,0,,9d49597b-5aed-5da3-a723-f28296c194a8,0,0,0,False,0,91434,"6ksevaiQxM5anT8ANWPZaktJmuK5R9zynyXp2sZpdqze, Es9vMFrzaCERmJfrF4H2FYD4KCoNkY11McCe8BenwNYB"
raydium-amm,WSOL-SNAI,0.56,0.56,0,,974dad17-e889-495d-9445-5f89f965597f,-0.06,0,0,False,0.1,91344,"So11111111111111111111111111111111111111112, Hjw6bEcHtbHGpQr8onG3izfJY5DJiWdt7uk2BfdSpump"
orca-dex,JTO-JITOSOL,5.0378,5.0378,0,,5754f3c9-ba5a-4772-a9de-a7d544fd2d4d,-0.71917,-0.49118,-11.47888,False,10.09244,91001,"jtojtomepa8beP8AuQc6eXt5FriJwfFMwQx2v2f9mCL, J1toso1uCk3RLmjorhTtrVwY9HJ7X8V9yYac6Y7kGCPn"
raydium-amm,WSOL-LESTER,0.49,0.49,0,,f14532e9-3188-46aa-a0a0-94608474cf81,0,-0.28,0,False,0.28,90990,"So11111111111111111111111111111111111111112, 5z3iCe53hUANTiG8Js8RjHNE2Arjik7L2CXLyr2rpump"
raydium-amm,WSOL-XSPA,3.39,3.39,0,,2a6c60e6-837a-447f-a952-88856ff3cc23,-1.87,-2.01,-6.31,False,2.27,90916,"So11111111111111111111111111111111111111112, 8Hg96R1AGDe5vKABwniVPT2LHdhZHmCTFijZAXXZpump"
raydium-amm,RBT-WSOL,0.4,0.4,0,,bb57cfd0-42de-4d21-8b6a-562a6976529f,0,-0.39,-1.06,False,0.58,90901,"65nTNuJGHme4PQvKQyJykKp1bJAkK4A8Q66sd2yBWugf, So11111111111111111111111111111111111111112"
loopscale,USDC,4.77142,4.77142,0,,0473ce3b-9c1c-4c23-a5f5-d44933112cc5,-0.17937,-0.09679,0,True,0,90838,EPjFWdd5AufqSSqeM2qN1xzybapC8G4wEGGkZwyTDt1v
raydium-amm,WSOL-$WAFFLES,0.9,0.9,0,,60cfbb7d-0a35-437f-a284-b625482fc6ca,0.15,-0.29,-1.92,False,0.51,90675,"So11111111111111111111111111111111111111112, 8doS8nzmgVZEaACxALkbK5fZtw4UuoRp4Yt8NEaXfDMb"
orca-dex,SOL-DEAD,0.00463,0.00463,0,,cb014c94-3f35-48ab-bb02-a9a64277ffd4,-0.03809,0.00463,-0.19685,False,0.01408,90639,"So11111111111111111111111111111111111111112, 9qywujQCJyECybwpNsM4YTBRnakjDS23MdJHGRYVeLm6"
orca-dex,USDS-USDC,0.41873,0.41873,0,,79756680-dc79-4aee-a0ee-ee372b96e960,-0.09991,-0.5395,-0.40019,True,1.6004,90598,"USDSwr9ApdHk5bvJKMjzff41FfuX8bSxdKcR81vTwcA, EPjFWdd5AufqSSqeM2qN1xzybapC8G4wEGGkZwyTDt1v"
raydium-amm,WSOL-$BANK,34,34,0,,285fe4d5-d201-5662-a699-31705510469e,0,0,0,False,2.79,90214,"So11111111111111111111111111111111111111112, 9fyFAXnzf97QmRG1bKXXP8DUY7howrXUJathqfwvNeHa"
kamino-lend,USDG,2e-05,2e-05,0,,d617716b-3332-5c66-a770-491ca86c4ef8,1e-05,0,0,True,0,89906,2u1tszSeqZ3qBWF3uNGPFc8TzMk2tdiwknnRMWGWjGWH
raydium-amm,HAMMY-WSOL,1.63,1.63,0,,bfd06a8a-7037-4e42-8f53-d78a4b204224,0.7,1.14,0.35,False,1.03,89871,"26KMQVgDUoB6rEfnJ51yAABWWJND8uMtpnQgsHQ64Udr, So11111111111111111111111111111111111111112"
raydium-amm,NPCS-WSOL,0.54,0.54,0,,a45203ae-57d5-4e55-a66e-39a8b234e4b5,-0.39,-0.55,0,False,0.42,89835,"5ToDNkiBAK6k697RRyngTburU7yZNFZFx7jzsD1Uc7pK, So11111111111111111111111111111111111111112"
kamino-liquidity,EZJTO-JTO,0,0,0,,e8488753-4fa2-480c-89ec-d530760bf7d4,0,0,0,False,0,89247,"ezjtoE6PYVnWkbJJYEsGHgR3rXgBydi9eeB1YHP8cVg, jtojtomepa8beP8AuQc6eXt5FriJwfFMwQx2v2f9mCL"
raydium-amm,CHAT-WSOL,1.7,1.7,0,,1fd827a6-e3dd-4bc1-9183-987ad462fdd3,-2.68,0.58,-0.26,False,0.57,88944,"947tEoG318GUmyjVYhraNRvWpMX7fpBTDQFBoJvSkSG3, So11111111111111111111111111111111111111112"
raydium-amm,WSOL-HEEHEE,1.33,1.33,0,,67325a87-325a-41b7-9b6c-4957c3656108,0.57,0,-4.59,False,1.28,88759,"So11111111111111111111111111111111111111112, 9dLuVbJMd4ZpTpFgmaFHAGSsFwVjtcnzFWaLAA1expHg"
orca-dex,STXUD-USDT,0.0002,0.0002,0,,fdc2255c-b02c-575c-8545-acb3faac2c6b,0,0,0,False,4e-05,88588,"5fn8EZsDoG6qTVoXDM66RmHht4dW1MCD2UTrkBWp82cw, Es9vMFrzaCERmJfrF4H2FYD4KCoNkY11McCe8BenwNYB"
raydium-amm,WSOL-CHIPPY,11.75,11.75,0,,e2fcac60-4b01-4254-bbdf-825996d49b36,0.73,9.19,3.28,False,3.85,88557,"So11111111111111111111111111111111111111112, Bz7Nx1F3Mti1BVS7ZAVDLSKGEaejufxvX2DPdjpf8PqT"
orca-dex,BSOL-MSOL,0.0325,0.00046,0.03205,BLZEEuZUBVqFhj8adcCFPJvPVCiCyVmh3hkJMrU8KuJA,14f7b33e-15ce-4eef-9f82-dfe53b4503a0,-0.00803,0.00251,-0.03474,False,0.00243,88208,"bSo13r4TkiE4KumL71LsHTPpL2euBYLFx6h9HP3piy1, mSoLzYCxHdYgdzU16g5QSh3i5K3z3KZK7ytfqcJm7So"
raydium-amm,WSOL-RHEA,0.57,0.57,0,,f11b6a18-bfef-4877-8fa9-93e29da8c722,-0.03,0,-3.48,False,0.23,88173,"So11111111111111111111111111111111111111112, 8SMMso8Muv8d6i4WmMDthKt6TN1ysN6937sx3DKLXZqB"
kamino-liquidity,SOL-WIF,7.50508,7.50508,0,,b725a0c1-e766-42e9-af8c-927ece966d34,-1.7086,0.38987,-2.41342,False,6.71171,88140,"So11111111111111111111111111111111111111112, EKpQGSJtjMFqKZ9KQanSqYXRcF8fBopzLHYxdM65zcjm"
raydium-amm,BIO-VITA,0.83,0.83,0,,e8c9265c-10fe-44c1-b18d-e23108e3bf6d,0,0,0.22,False,0.14,88038,"bioJ9JTqW62MLz7UKHU69gtKhPpGi1BQhccj2kmSvUJ, vita3LfgKErA37DWA7W8RBks3c7Rym2hPFgizNRshBi"
raydium-amm,WSOL-WYAC,1.02,1.02,0,,ebe8d933-ed4d-49e0-89ab-375901505ffa,0.44,0.58,0,False,0.65,87675,"So11111111111111111111111111111111111111112, BEgBsVSKJSxreiCE1XmWWq8arnwit7xDqQXSWYgay9xP"
raydium-amm,FOXSY-WSOL,1.68,1.68,0,,abfcdc1b-b4d3-42a6-970b-4bdc272b23aa,-0.36,-0.56,-4.59,False,1.44,87059,"CgGWS19zR5xTzgCEcW5Svsuon4hBZwzBwUFimoJStCf2, So11111111111111111111111111111111111111112"
raydium-amm,WSOL-🎒,0.96,0.96,0,,f63f53dd-d5f1-4bc0-98ba-c72b8937909a,0,0.46,0.23,False,0.32,87018,"So11111111111111111111111111111111111111112, HMaJxXp3Ja81jSwigF6zGaMt79hNZuczrw6i7LjTbonk"
raydium-amm,BIO-CURES,1.21,1.21,0,,21b68052-57ea-498d-81f3-4c3ed67f67d3,-0.89,0.17,-0.05,False,0.79,86895,"bioJ9JTqW62MLz7UKHU69gtKhPpGi1BQhccj2kmSvUJ, 9qU3LmwKJKT2DJeGPihyTP2jc6pC7ij3hPFeyJVzuksN"
raydium-amm,WSOL-$TOAD,0.78,0.78,0,,c5a57824-2134-4fff-9a58-f2e9e8bf659d,-0.31,-0.5,-0.09,False,1.37,86872,"So11111111111111111111111111111111111111112, FViMp5phQH2bX81S7Yyn1yXjj3BRddFBNcMCbTH8FCze"
gmtrade,WGMX-USDC,126.97851,126.97851,0,,64d50b5e-f584-5f53-bba4-8e96c5fbdb39,20.9557,37.75488,0,False,0,86640,"9wX6Qz1Y5YQe71dfnFYFfZYXZhKqjYKQwdqfrRkmYUSX, EPjFWdd5AufqSSqeM2qN1xzybapC8G4wEGGkZwyTDt1v"
jupiter-lend,JLP,0,0,0,,2893ebad-7595-4e0a-aabd-1b8d17c8a02a,0,0,0,False,0,86625,27G8MtK7VtTcCHkpASjSDdkWWYfoqT6ggEuKidVJidD4
raydium-amm,WSOL-MD,0.6,0.6,0,,3c955b07-f2e6-4c24-862b-6a9b1910cfa1,-0.41,-1.01,-3.39,False,0.67,86240,"So11111111111111111111111111111111111111112, C4j7kPx9PqDnfvxe2uycJQRTAeyGwmU4DyGf21Xgpump"
raydium-amm,WSOL-ITALIANROT,4.6,4.6,0,,3c74e48a-4f55-46bd-92f6-1d89ece029f5,-13.97,-0.22,3.37,False,3.95,86090,"So11111111111111111111111111111111111111112, BQX1cjcRHXmrqNtoFWwmE5bZj7RPneTmqXB979b2pump"
raydium-amm,WSOL-AIRCOIN,3.35,3.35,0,,de1d5a27-6f90-446e-b4c2-e651e91d2d26,-7.59,-3.41,0.38,False,3.45,86079,"So11111111111111111111111111111111111111112, GpdRNotihwXZJ3z3y6yCRAhecFrALc4J8SX92pxnbonk"
raydium-amm,RTPLV2-WSOL,7.35,7.35,0,,a0f70caf-3706-48c5-ad14-b88c49762c2b,-6.16,0,1.04,False,2.17,85708,"EFuksA43CLhwjPERsMxB1Mg33kg9QuhumiZQ7ihBEGca, So11111111111111111111111111111111111111112"
raydium-amm,MSOL-RAY,1.05,1.05,0,,091dfcf9-7c2c-41e4-ba87-9f549cc72cf8,-1.84,0,-0.66,False,1.14,85647,"mSoLzYCxHdYgdzU16g5QSh3i5K3z3KZK7ytfqcJm7So, 4k3Dyjzvzp8eMZWUXbBCjEvwSkkk59S5iCNLY3QrkX6R"
raydium-amm,AVA-WSOL,5,5,0,,f8e1990e-af40-490f-9d29-bb8c70981492,0.94,4.13,1.88,False,1.46,85598,"G8LfyGVsjsLzetJ5RWZVAhMo4H9cb58ET1Z6gEZJQdPM, So11111111111111111111111111111111111111112"
raydium-amm,WSOL-AET,19.31,19.31,0,,89dc2495-fec4-5d6f-b6ab-0269d8aefa78,0,0,0,False,1.68,85237,"So11111111111111111111111111111111111111112, aroRXfe2ddk4FR9kt9J8nFFQKsSKVH5zArTjjNsUAdd"
raydium-amm,WSOL-CHONKY,4.18,4.18,0,,5124e677-64d2-4394-b9b5-a26c3031c80e,-5.17,-6.28,-8.02,False,4.2,84822,"So11111111111111111111111111111111111111112, 2MwjFE1zbXyNKw6VjzGWa3BhPtFcs8htuX2xwRAtbonk"
raydium-amm,USDC-EURC,2.03,2.03,0,,f5def6f6-d085-4a59-9c15-c57050298aee,-2.54,1.15,-2.56,True,1.33,84803,"EPjFWdd5AufqSSqeM2qN1xzybapC8G4wEGGkZwyTDt1v, HzwqbKZw8HxMN6bF2yFZNrht3c2iXXzpKcFu7uBEDKtr"
raydium-amm,NYAN-WSOL,4.65,4.65,0,,b30bba3b-e855-4086-8fb2-6058af643e39,-7.28,1.36,-1.27,False,2.57,84312,"FpECzw6x8RG4VBXfnVg3UJd8pq9CCxJUSWCKb4gebq8B, So11111111111111111111111111111111111111112"
raydium-amm,WSOL-FLOYDAI,0.58,0.58,0,,85781f19-d948-48b1-b6cd-40f87c7ab6be,0,0,-1.56,False,0.85,84298,"So11111111111111111111111111111111111111112, J7tYmq2JnQPvxyhcXpCDrvJnc9R5ts8rv7tgVHDPsw7U"
orca-dex,ABR0-USDC,0.23668,0.23668,0,,690befcd-5bfc-4141-9f86-9b85e6d30f33,0.03236,-0.05818,0.23668,False,0.26018,84274,"4WRBAuvUfpuJmDhWcsQFRoiaFrbGN3s5j2LtwXQjFVo2, EPjFWdd5AufqSSqeM2qN1xzybapC8G4wEGGkZwyTDt1v"
gmtrade,UNI-USDC,57.70771,57.70771,0,,08f4a4b4-9417-404d-a8c3-8fd41c3750fe,-3.27194,14.7379,16.27686,False,0,84174,EPjFWdd5AufqSSqeM2qN1xzybapC8G4wEGGkZwyTDt1v
kamino-liquidity,MSOL-JITOSOL,0,0,0,,02fb317c-9559-4c8f-8474-9dbe2c7f2300,0,0,0,False,0,84023,"mSoLzYCxHdYgdzU16g5QSh3i5K3z3KZK7ytfqcJm7So, J1toso1uCk3RLmjorhTtrVwY9HJ7X8V9yYac6Y7kGCPn"
raydium-amm,WSOL-UPTOBER,4.76,4.76,0,,6ab10fc6-d4ff-41e4-8b45-e339eed10da3,-5.63,-2.27,-11.96,False,7.3,83930,"So11111111111111111111111111111111111111112, 6vVfbQVRSXcfyQamPqCzcqmA86vCzb2d7B7gmDDqpump"
raydium-amm,USD1-SPSC,1.77,1.77,0,,c0fcae4f-28ee-4467-965d-41dd15a128f6,-2.93,-3.06,-5.18,False,2.62,83863,"USD1ttGY1N17NEEHLmELoaybftRBUSErhqYiQzvEmuB, 4nswj3o1Lo9iWYvvRJxUD8vbCy9ay7QQoXYcncHNbonk"
raydium-amm,WSOL-SANTA,9.84,9.84,0,,e0040a6f-7911-4a1f-9acb-bbf0a3abd945,-14.12,3.32,5.28,False,6.93,83720,"So11111111111111111111111111111111111111112, EhzVcKKmGjLk6pD5gLT6ZrTg62bMgPgTSCXXmANnSyQA"
raydium-amm,WSOL-HK1810,35.33,35.33,0,,4b35e2b0-1475-5a13-b999-39a96d93faee,0,0,0,False,3.32,83626,"So11111111111111111111111111111111111111112, 4BWutkwXKYP7tNFKkDRAQ2VfA3HwMuJKvh5P8XmmKUMA"
orca-dex,W-USDC,0.00164,0.00164,0,,12b976cc-e8f6-41ed-95dc-4eb04313cfb6,-0.00066,0.0006,-0.00986,False,0.00137,83459,"85VBFQZC9TZkfaptBWjvUw7YbZjy52A6mjtPGjstQAmQ, EPjFWdd5AufqSSqeM2qN1xzybapC8G4wEGGkZwyTDt1v"
orca-dex,ORCA-XORCA,0,0,0,,de0f2c4d-de5f-4f4f-a949-fa529a4344d7,0,0,0,False,3e-05,83363,"orcaEKTdK7LKz57vaAYr9QeNsVEPfiu6QeMU1kektZE, xorcaYqbXUNz3474ubUMJAdu2xgPsew3rUCe5ughT3N"
orca-dex,ONO-USDC,15.81138,15.81138,0,,19262d4b-e739-411b-9f25-eb26a30517dd,9.46472,8.48937,-4.5054,False,17.68756,83231,"onoyC1ZjHNtT2tShqvVSg5WEcQDbu5zht6sdU9Nwjrc, EPjFWdd5AufqSSqeM2qN1xzybapC8G4wEGGkZwyTDt1v"
orca-dex,TESOURO-USDC,0,0,0,,9d0d05ff-ba86-4e57-9021-ebef657baafb,0,-0.02036,-0.0003,False,3e-05,83032,"BRNTNaZeTJANz9PeuD8drNbBHwGgg7ZTjiQYrFgWQ48p, EPjFWdd5AufqSSqeM2qN1xzybapC8G4wEGGkZwyTDt1v"
raydium-amm,WSOL-MEMESAI,0.58,0.58,0,,6d6f54c0-7c1d-4207-85d9-fcdd150163cc,0,0,0,False,0.16,82955,"So11111111111111111111111111111111111111112, 39qibQxVzemuZTEvjSB7NePhw9WyyHdQCqP8xmBMpump"
raydium-amm,KITTY-WSOL,1.07,1.07,0,,9ef6b68b-fbe7-4a64-9012-9f7b2c67812f,-1.56,-1.32,0,False,0.72,82605,"EKEWAk7hfnwfR8DBb1cTayPPambqyC7pwNiYkaYQKQHp, So11111111111111111111111111111111111111112"
raydium-amm,WSOL-SPCX,20.54,20.54,0,,b10ff4a8-486d-555e-b093-669c1cfee728,0,0,0,False,1.69,82578,"So11111111111111111111111111111111111111112, 4jFaBnwaBxu3pqNczmpB8kmeErfuSNUTKMNycjSZFsDj"
raydium-amm,GOOD-USDC,99.81332,7.45,92.36332,goodX4LG92UAcRdFRUykfP2fAfzQAVttrToEPxtxSkp,5fd48c22-6ef9-433b-96c0-bcf79d5703d1,9.40857,13.41693,11.2818,False,13.17,82299,"goodX4LG92UAcRdFRUykfP2fAfzQAVttrToEPxtxSkp, EPjFWdd5AufqSSqeM2qN1xzybapC8G4wEGGkZwyTDt1v"
orca-dex,HYPE-USDC,13.85106,13.85106,0,,e6ddb4fe-a36e-4eca-a559-9cadb413e5e0,-10.58649,0.14264,-142.4162,False,25.3634,82204,"98sMhvDwXj1RQi5c5Mndm3vPe9cBqPrbLaufMXFNMh5g, EPjFWdd5AufqSSqeM2qN1xzybapC8G4wEGGkZwyTDt1v"
kamino-lend,FARTCOIN,0,0,0,,76ef4d54-05c7-48dd-a37f-387d85987c2a,0,0,0,False,0,81687,9BB6NFEcjBCtnNLFko2FqVQBq8HHM13kCyYcdQbgpump
raydium-amm,ATLAS-RAY,9.27,9.27,0,,7e3388d6-945b-4afb-b1b4-8ef20e5f9bea,1.01,-295.13,-0.94,False,28.59,81188,"ATLASXmbPQxBUYbxPsV97usA3fPQYEqzQBUHgiFCUsXx, 4k3Dyjzvzp8eMZWUXbBCjEvwSkkk59S5iCNLY3QrkX6R"
orca-dex,USDT-TSED,0.00013,0.00013,0,,07895840-ede0-51d2-970a-fc6ea7ce64a0,0,0,0,False,2e-05,81146,"Es9vMFrzaCERmJfrF4H2FYD4KCoNkY11McCe8BenwNYB, HT8wEV6Eqa9VupFtWpoo1R61Hem5cu9eKzxHu3ia3N8m"
raydium-amm,WSOL-WDOG,0.57,0.57,0,,7d633347-71fc-4598-88cd-3b4166c572e2,0,-5.48,-0.41,False,0.61,80979,"So11111111111111111111111111111111111111112, GYKmdfcUmZVrqfcH1g579BGjuzSRijj3LBuwv79rpump"
raydium-amm,WSOL-AET,19.3,19.3,0,,12d707e5-810c-5baa-956f-5588c58080c2,0,0,0,False,1.59,80979,"So11111111111111111111111111111111111111112, 2yeiu2xaB8VMrVa3rBAvXAeneXnA7em5ibsMDrjgAXKm"
raydium-amm,WSOL-SCI,0.5,0.5,0,,c784e8f8-3874-44e4-af2f-507d68a02762,0,-0.11,0,False,0.29,80945,"So11111111111111111111111111111111111111112, 2MaFszzCmpJqYPjVXsNytmiHfgckWbtBVq4WSoxjVGkf"
raydium-amm,WSOL-ALL,5.32,5.32,0,,acf51301-3150-4118-80f8-8604c13c8b2f,2.9,0,-3.55,False,1.11,80657,"So11111111111111111111111111111111111111112, GKHgTd6tqvycgG3mqcZraSZDFR32hXhRgo6sZQtudMsC"
project-0,ORE,0.25962,0.25962,0,,af7d1cfc-eb74-424e-aefc-3f003ec0d558,0.00186,0.0063,-3.78823,False,0,80609,oreoU2P8bN6jkk3jbaiVxYnG1dCXcYxwhwyK9jSybcp
raydium-amm,WSOL-VLAD,19.97,19.97,0,,c390c8d0-db66-596a-b654-78862a1b1564,0,0,0,False,1.64,80522,"So11111111111111111111111111111111111111112, CWKwY27LJawxdi9v4yj4YdexdEhbakBdivZpXHDE37hR"
raydium-amm,AIXBT-WSOL,1.48,1.48,0,,b7109838-b4d4-4e87-948e-fe5aeedaddc0,0.15,0.41,-4.31,False,1.06,80305,"14zP2ToQ79XWvc7FQpm4bRnp9d6Mp1rFfsUW3gpLcRX, So11111111111111111111111111111111111111112"
raydium-amm,WSOL-TRENCH,1.06,1.06,0,,a24f5bd1-0f37-41b0-bd42-6c3907ba126c,-1.56,-10.59,0,False,4.17,80108,"So11111111111111111111111111111111111111112, GACpABn18xqiSJbD9ZEyArJDT9RHRMUut5nK9Z9Spump"
orca-dex,JLP-USDC,0,0,0,,f5bc81b9-2c0d-4911-b0cb-6f94154ceb1d,0,0,0,False,0,80041,"27G8MtK7VtTcCHkpASjSDdkWWYfoqT6ggEuKidVJidD4, EPjFWdd5AufqSSqeM2qN1xzybapC8G4wEGGkZwyTDt1v"
raydium-amm,WSOL-GALA,2.21,2.21,0,,e5ca4e58-994f-4cb5-a49f-934385f07838,-0.56,-11.56,-19.31,False,2.17,79935,"So11111111111111111111111111111111111111112, eEUiUs4JWYZrp72djAGF1A8PhpR6rHphGeGN7GbVLp6"
raydium-amm,XIN-BTC,3.24,3.24,0,,a2a6174a-a48f-4143-9ac2-ded52f166ddb,0,0,0,False,1.18,79608,"4s4H5v4TXpmS4Ss66nxcCLgxrU5nunuwtkQceinZfGuw, CvJmpFKM3jT7o3K5yumJNB1ffmz19XWGZXT4KtmDB6x8"
kamino-liquidity,SOL-BONK,28.2397,28.2397,0,,662c038a-8737-419b-b76e-973f6c20096b,-113.0809,-163.47089,17.32982,False,90.48336,79523,"So11111111111111111111111111111111111111112, DezXAZ8z7PnrnRJjz3wXBoRgixCa6xjnB7YaB1pPB263"
gmtrade,WSOL-USDC,18.6849,18.6849,0,,5b2aa0de-ebca-4291-b049-e08658709e04,-0.7041,-4.79762,-4.28958,False,0,79485,"So11111111111111111111111111111111111111112, EPjFWdd5AufqSSqeM2qN1xzybapC8G4wEGGkZwyTDt1v"
raydium-amm,WSOL-DIGI,2.7,2.7,0,,d28a9513-18a0-4893-8c23-ea72611c8207,1.26,-2.38,-0.38,False,1.54,79462,"So11111111111111111111111111111111111111112, AUdUEc98MGfEHJiJfCgMaW8gKdcfNDio8BFzGKBwjztC"
raydium-amm,WSOL-NUMMUS,0.69,0.69,0,,500336d0-f56d-4038-90b8-c663d6c9febe,0,-2.74,-0.6,False,1.17,79455,"So11111111111111111111111111111111111111112, 9JK2U7aEkp3tWaFNuaJowWRgNys5DVaKGxWk73VT5ray"
orca-dex,SOL-PHY,0.11073,0.11073,0,,14a65a8c-4d05-4796-8adc-b6073f3a2d5c,0.05052,0,0,False,0.06984,79421,"So11111111111111111111111111111111111111112, EswgBj2hZKdgovX2ihWSUDnuBg9VNbGmSGoH5yjNsPRa"
project-0,PUMP,0.87249,0.87249,0,,c8a4307c-f6de-49cd-a5c0-6d1581752fb7,0.00626,0.00078,0.42138,False,0,79281,pumpCmXqMfrsAkQ5r49WcJnRayYRqmXz6ae8H7H9Dfn
raydium-amm,WSOL-LUMO,0.57,0.57,0,,8b918631-473b-4357-b2a4-3ca35361e70f,0,0,0,False,0.16,78774,"So11111111111111111111111111111111111111112, 4FkNq8RcCYg4ZGDWh14scJ7ej3m5vMjYTcWoJVkupump"
raydium-amm,WSOL-INSIDE,27.63,27.63,0,,491f7998-35fa-56b8-b4db-25196e653777,0,0,0,False,2.27,78582,"So11111111111111111111111111111111111111112, HvzosmMXgwekBoqyGA9pRi2NiVj9n1CfTp7yCxX2rsWY"
raydium-amm,WYNN-WSOL,0.63,0.63,0,,7cf2d364-2da5-40c9-9cdb-e55ba566f940,0,0,0,False,0.1,78567,"4vqYQTjmKjxrWGtbL2tVkbAU1EVAz9JwcYtd2VE3PbVU, So11111111111111111111111111111111111111112"
raydium-amm,WSOL-VDR,0.59,0.59,0,,5f10486c-0353-4995-ad1e-01a294001197,-0.35,-0.19,-0.73,False,0.83,78546,"So11111111111111111111111111111111111111112, 5a6LTLwdMJBY2JDLjw8B1w4JwFRdZszGF9W56ZzrriS1"
raydium-amm,WSOL-PAULY,49.11,49.11,0,,0de6fa4f-0663-4616-ae60-3d48414d9dc5,-6.79,-19.12,0,False,46.33,78447,"So11111111111111111111111111111111111111112, 5RyeWfbjVw6Ktj6j8SmTiAnVXWvmV8YxGtTebNsU2dBo"
raydium-amm,MSOL-USDC,0.9,0.9,0,,0c4e1b86-b951-44c8-978d-8019ff470e03,-1.05,-2.09,-8.5,False,1.19,78371,"mSoLzYCxHdYgdzU16g5QSh3i5K3z3KZK7ytfqcJm7So, EPjFWdd5AufqSSqeM2qN1xzybapC8G4wEGGkZwyTDt1v"
raydium-amm,USDC-XYO,0.59,0.59,0,,5ae9fa6a-6012-4298-aff5-fdda61c943da,0,0,-1.92,True,0.3,78235,"EPjFWdd5AufqSSqeM2qN1xzybapC8G4wEGGkZwyTDt1v, FCZKwHd9Qn1EQj8fFuNLB8dupAWCoJJNePbMqyHhS77b"
orca-dex,INX-USDC,7.0349,7.0349,0,,ed706c63-801f-4996-a201-20fb5f52d8aa,-0.04992,-1.65271,-41.98946,False,8.94456,78127,"inxKXw9V2NDZE7hDijzpJaKKUb97NEPJDTCEEiYg4yY, EPjFWdd5AufqSSqeM2qN1xzybapC8G4wEGGkZwyTDt1v"
project-0,KIN,0,0,0,,d83554d0-3aea-40dd-98ab-d0ad3c89a6e3,0,0,0,False,0,78056,kinXdEcpDQeHPEuQnqmUgtYykqKGVFq6CeVX5iAHJq6
orca-dex,JUPSOL-JITOSOL,0.86422,0.86422,0,,d10d3258-bd07-48c0-9528-9ed2db453de4,0.47915,0.57106,-0.88848,False,0.99145,77934,"jupSoLaHXQiZZTSfEWMTRRgpnyFm8f6sZdosWBjx93v, J1toso1uCk3RLmjorhTtrVwY9HJ7X8V9yYac6Y7kGCPn"
orca-dex,VNXAU-VCHF,0.11646,0.11646,0,,054a8cc7-65d6-498c-8d95-455366ad1283,-0.09584,-0.74341,-0.324,False,0.19931,77865,"9TPL8droGJ7jThsq4momaoz6uhTcvX2SeMqipoPmNa8R, AhhdRu5YZdjVkKR3wbnUDaymVQL2ucjMQ63sZ3LFHsch"
kamino-liquidity,MSOL-USDC,0,0,0,,03354b4c-5f4e-4c6e-a416-247d2280f1ac,0,0,0,False,0,77664,"mSoLzYCxHdYgdzU16g5QSh3i5K3z3KZK7ytfqcJm7So, EPjFWdd5AufqSSqeM2qN1xzybapC8G4wEGGkZwyTDt1v"
raydium-amm,WSOL-MANIFEST,2.2,2.2,0,,6b74a24c-6153-49af-a134-864c3f7bf849,1.07,1.05,1.39,False,0.73,77581,"So11111111111111111111111111111111111111112, 6cvrZWgEUkr82yKAmxp5cQu7wgYYBPULf16EUBp4pump"
project-0,ZENBTC,0,0,0,,9ae31950-d4cd-4c2c-a4a7-3da9374d1949,0,0,0,False,0,77394,9hX59xHHnaZXLU6quvm5uGY2iDiT3jczaReHy6A6TYKw
orca-dex,SOL-BNB,3.52438,3.52438,0,,1d969a93-7051-49a4-99d7-f3470d26448a,-0.53352,0.9195,-4.11191,False,4.0688,77179,"So11111111111111111111111111111111111111112, 9gP2kCy3wA1ctvYWQk75guqXuHfrEomqydHLtcTCqiLa"
raydium-amm,PEIPEI-WSOL,1.28,1.28,0,,bae6b39a-95c9-4f82-8a69-9003731cda57,-0.04,-0.29,-0.46,False,0.52,77125,"H4PDo8ngWwC4quPTRWfTr2HorUQ2Ep4G3JVeJHMfkZAT, So11111111111111111111111111111111111111112"
raydium-amm,WSOL-DNA,0.52,0.52,0,,d43c7c54-6d59-48f3-9607-450e3e4f8c12,-0.24,-0.03,0,False,0.55,77116,"So11111111111111111111111111111111111111112, DiSetnR7k57wmfvywJhUVjPwWfg54SdQKxQdJEBYW23B"
raydium-amm,WSOL-TOPG,0.65,0.65,0,,342d5dab-eef5-4f73-9ead-1be457f4d6c4,0,0,0,False,0.34,77057,"So11111111111111111111111111111111111111112, 8NH3AfwkizHmbVd83SSxc2YbsFmFL4m2BeepvL6upump"
raydium-amm,WSOL-NIGGABUTT,0.64,0.64,0,,fe0311d4-0567-4b20-84c1-3d329c583e9c,0,-0.06,0,False,0.73,77012,"So11111111111111111111111111111111111111112, 8fZL148nnC168RAVCZh4PkjvMZmxMEfMLDhoziWVPnqf"
project-0,USD*,0.0399,0.0399,0,,3e3b6b31-9e04-47c7-9119-74c5be3dba6c,0,-0.00706,-0.26989,False,0,76862,star9agSpjiFe3M49B3RniVU4CMBBEK3Qnaqn3RGiFM
raydium-amm,SOLID-BORG,0.8,0.8,0,,717fd7b7-f31a-459b-b290-07361687decd,0,0,0,False,0.29,76575,"SoLiDMWBct5TurG1LNcocemBK7QmTn4P33GSrRrcd2n, 3dQTr7ror2QPKQ3GbBCokJUmjErGg8kTJzdnYjNfvi3Z"
raydium-amm,WSOL-BONKAI,5.28,5.28,0,,f9982a68-1b83-4bbd-97a3-0d352bd39a1e,2.88,-4.74,-35.63,False,3.59,76261,"So11111111111111111111111111111111111111112, hqYtLoxviwGENvogcJ5324YTbYqW5H9LHtmQu5Jbonk"
orca-dex,SPCX-USDC,91.80294,91.80294,0,,d2728282-d2c0-4232-bf16-9d6309457079,18.22749,61.37234,-28.13086,False,60.47496,76102,"SPCXxcqXj6e5dJDVNovHN8744zkbhM2bYudU45BimGb, EPjFWdd5AufqSSqeM2qN1xzybapC8G4wEGGkZwyTDt1v"
jupiter-lend,CBBTC,0,0,0,,de78313c-75b6-4085-ba0f-2449fed1744f,0,0,0,False,0,75600,cbbtcf3aa214zXHbiAZQwf4122FBYbraNdFqgw4iMij
orca-dex,SOL-WUF,0,0,0,,82981a9b-8c83-4abf-886d-7dd24eb19fcc,0,0,-0.21304,False,0.00716,75598,"So11111111111111111111111111111111111111112, 73xsLcBnLnc9bh81cqVKqj8uEyiarXng5ZwJuTbnVebG"
raydium-amm,WSOL-SSP,9.53,9.53,0,,60d8522c-1998-41eb-bafd-faeccb2cbb8b,-12.11,-11.82,6.44,False,4.67,75437,"So11111111111111111111111111111111111111112, 2YdyF35bLNodbgEZLBv5wCnLEWawhdXMAv9JfKfCoXTx"
kamino-liquidity,SOL-RAY,0,0,0,,ca7db8cc-856a-4e76-9f05-3f2730d71800,0,0,0,False,0,75325,"So11111111111111111111111111111111111111112, 4k3Dyjzvzp8eMZWUXbBCjEvwSkkk59S5iCNLY3QrkX6R"
raydium-amm,AVA-USDC,1.51,1.51,0,,e00d470d-676f-431a-98ad-a6d1acd411c2,0,-530.77,0,False,129.82,75096,"DKu9kykSfbN5LBfFXtNNDPaX35o4Fv6vJ9FKk7pZpump, EPjFWdd5AufqSSqeM2qN1xzybapC8G4wEGGkZwyTDt1v"
raydium-amm,WSOL-STACCANA,116.69,116.69,0,,6def9238-bf7c-438c-864c-67cc5c3d74a9,26.04,115.59,100.23,False,17.59,74979,"So11111111111111111111111111111111111111112, 73edX6xoGY4v5y2hzuKdrUbJXLntqgmo74au1Ki1pump"
raydium-amm,WSOL-HOBBES,1.41,1.41,0,,59bf6e89-c890-4d94-9ac4-7fedfee37345,0.17,-2.13,-4.74,False,1.42,74897,"So11111111111111111111111111111111111111112, 6n7Janary9fqzxKaJVrhL9TG2F61VbAtwUMu1YZscaQS"
jupiter-lend,JITOSOL,0,0,0,,ec8f1aaf-9817-4b2e-a2d8-bea6806be77b,0,0,0,False,0,74877,J1toso1uCk3RLmjorhTtrVwY9HJ7X8V9yYac6Y7kGCPn
raydium-amm,WSOL-PEP,1.71,1.71,0,,8a7783cd-ea1e-4aee-8aec-48dde1fdb8f6,-1.47,0.91,0,False,1.43,74772,"So11111111111111111111111111111111111111112, Zc4uJVrHC2APe9qKwBD11Gg4BbvQr3naM8f7Wiopump"
orca-dex,TQQQX-SPYX,0.55612,0.55612,0,,74c4b7e4-8202-4df6-ba8f-8dc0e0d36530,-2.75882,-13.72994,-13.624,False,6.35221,74731,"XsjQP3iMAaQ3kQScQKthQpx9ALRbjKAjQtHg6TFomoc, XsoCS1TfEyfFhfvj8EtZ528L3CaKBDBRqRapnBbDF2W"
raydium-amm,WSOL-ASS,0.56,0.56,0,,14b1248e-67e1-4598-9beb-f42c0dfd8862,-0.17,0,0,False,0.64,74728,"So11111111111111111111111111111111111111112, CfgmB9iTWABdYh3CHQQDUGtWy18rMNAEEqyp4GrJpump"
orca-dex,SOL-GP,1.47472,1.47472,0,,2ccb496f-a7e6-41e3-b208-67ede79dca95,-3.92073,-1.17411,-18.11813,False,9.34471,74725,"So11111111111111111111111111111111111111112, 31k88G5Mq7ptbRDf3AM13HAq6wRQHXHikR8hik7wPygk"
raydium-amm,WSOL-AIKEK,0.62,0.62,0,,14e5e8f2-9433-42ee-836f-40ce4be3507c,0,0,-0.41,False,0.13,74556,"So11111111111111111111111111111111111111112, CotWkXoBD3edLb6opEGHV9tb3pyKmeoWBLwdMJ8ZDimW"
raydium-amm,WSOL-COINOMI,5.77,5.77,0,,76dc88d2-5ae0-4d55-bbe4-9a9b4dfcb11e,0.41,-0.58,-11.25,False,3.78,74489,"So11111111111111111111111111111111111111112, EHmZM5QD7NFpu6hm3o8yYSA6EhYYunHL21fzN2ucpump"
raydium-amm,WSOL-MIRA,17.21,17.21,0,,aece6b0e-0f92-5fa0-ad9f-1dba48608f90,0,0,0,False,1.41,74463,"So11111111111111111111111111111111111111112, 9pPsTA9aKGKG1v9Qbr5E8crvZMyMKfnrBe4CfEKLmkw3"
raydium-amm,WSOL-WLFI,0.63,0.63,0,,ee1df1ec-e95b-4c96-a42b-602bcd5be058,0,0,-0.45,False,0.15,74402,"So11111111111111111111111111111111111111112, Cq16t8jRSxtQDcPyANothLYemBDkN6SVKjqSDZ99pump"
raydium-amm,WSOL-AET,16.41,16.41,0,,6404d813-b059-573a-bb20-4fc6959bbe05,0,0,0,False,1.35,74400,"So11111111111111111111111111111111111111112, FNeUWqvd8Rexxo4PUgHBMzqHHkbSwCGfVzDm1HSBGout"
project-0,SOL,4.02904,4.02904,0,,e2e5d55b-9b27-59f5-bbaf-27945aef5229,-0.03121,-0.62605,0,False,0,74221,So11111111111111111111111111111111111111112
kamino-lend,BONK,0,0,0,,5ec252c6-cd6e-4d02-979d-64b8b2ad31f3,0,0,0,False,0,73998,DezXAZ8z7PnrnRJjz3wXBoRgixCa6xjnB7YaB1pPB263
raydium-amm,QNTM-WSOL,67.12,67.12,0,,9186a7f6-3854-461f-9023-4f74a99e3896,-11.97,-57.74,62.46,False,46.61,73795,"qntmuw54sn81ZawbbA7FwHZZQygBnfXUyHJeCCix5ag, So11111111111111111111111111111111111111112"
raydium-amm,WSOL-AERO,17.11,17.11,0,,f8787011-16a9-5c31-a47c-7538cf7f39bb,0,0,0,False,1.41,73619,"So11111111111111111111111111111111111111112, Gxq5V7VMABG3GkFJKhavTn5obALsTGj3HNw1Mj6gXYmc"
kamino-lend,KSOLBSOLORCA,0,0,0,,4d3b74b0-1a30-4ad4-9f9f-478f0f3ef3fe,0,0,0,False,0,73332,9HB4kAMLSYfGFfN142DKMyPyHyZQ8pXF8M1STbDudodY
raydium-amm,EFFECT-USDC,0.62,0.62,0,,34ec2d1c-3780-4a9b-87ba-af303a94cc04,0,-0.01,0,False,0.44,73291,"EFFECT1A1R3Dz8Hg4q5SXKjkiPc6KDRUWQ7Czjvy4H7E, EPjFWdd5AufqSSqeM2qN1xzybapC8G4wEGGkZwyTDt1v"
raydium-amm,WSOL-OIL,6.05,6.05,0,,759357a1-794f-44e5-8b1c-72991518b37d,-1.04,3.4,3.01,False,4.18,72921,"So11111111111111111111111111111111111111112, 5LS3ips7jWxfuVHzoMzKzp3cCwjH9zmrtYXmYBVGpump"
raydium-amm,WSOL-LINGO,0.79,0.79,0,,f898bba5-e6f3-46f0-abaf-df2f727423f9,-0.83,-0.03,0,False,0.47,72465,"So11111111111111111111111111111111111111112, GWZGj6AM4pkWxQW6bifE6JChSRf2hEQFWFkYC4REaL7H"
orca-dex,USDT-UGXC,0.00031,0.00031,0,,23dc459f-aa85-4cd6-af36-bdf4a7699baf,-0.00072,0.0001,-0.00524,False,0.24178,72426,"Es9vMFrzaCERmJfrF4H2FYD4KCoNkY11McCe8BenwNYB, HHhCwuB7UUrHB8T1WcEpG6bLRteNn4ixqqSkUeVSbeSy"
orca-dex,OOB-USDC,4.79305,4.79305,0,,8a6dc59c-f0a3-4487-94c7-dea29993d1de,-9.38925,-36.5751,-62.339,False,45.65565,72380,"oobQ3oX6ubRYMNMahG7VSCe8Z73uaQbAWFn6f22XTgo, EPjFWdd5AufqSSqeM2qN1xzybapC8G4wEGGkZwyTDt1v"
orca-dex,GEOD-SJ,7.10376,7.10376,0,,5edb9b66-9bbd-427a-9508-8e6327d7f8a4,1.43981,6.39111,-25.29461,False,4.09215,72364,"7JA5eZdCzztSfQbJvS8aVVxMFfd81Rs9VvwnocV1mKHu, FKU35pM9FujrBMkMDXM7QpZ1Xxcfodw64S1rcvY92mCq"
raydium-amm,WSOL-SCAM,0.72,0.72,0,,5a811d30-2af8-4629-96ab-4a7dfa4e752b,-0.25,0,0,False,0.57,72229,"So11111111111111111111111111111111111111112, 9mNjA6BizTwpvd4DS3o7BjwZ6aPM9DC2jLHS7JFGbonk"
raydium-amm,WSOL-TSOTCHKE,0.5,0.5,0,,5cfe916c-89f1-4adc-9226-41199e0695a6,0,-0.13,0,False,1.37,71951,"So11111111111111111111111111111111111111112, 4mbdysBik3jmzD7mt6FGPDsMxnYcxExSQRFjPucdpump"
raydium-amm,USEDCAR-WSOL,0.78,0.78,0,,b1b2eb0d-6d38-46b5-b072-0ed38cae46c6,0,-1.87,0,False,1.02,71907,"9gwTegFJJErDpWJKjPfLr2g2zrE3nL1v5zpwbtsk3c6P, So11111111111111111111111111111111111111112"
raydium-amm,WSOL-PILL,0.7,0.7,0,,5fd88f49-0288-47d7-b841-a23b31160d6b,0,0.1,-1.54,False,0.35,71801,"So11111111111111111111111111111111111111112, 5XqzzdodsNtAM8TtQyiqGVbD7GwLBBN7oVnRA3hLpump"
raydium-amm,WSOL-SCIHUB,0.61,0.61,0,,4fea9358-78ef-456c-b82e-a12f98e187bf,0,-1.96,-0.37,False,0.8,71791,"So11111111111111111111111111111111111111112, GxdTh6udNstGmLLk9ztBb6bkrms7oLbrJp5yzUaVpump"
raydium-amm,WINGS-USDC,0.63,0.63,0,,c4ee82ba-f2db-4ac4-a87c-6304b0ec018c,-0.51,-7,-3.05,False,5.78,71491,"WingsAYbfs4qnEgcw8jpSvetqp8XHM3GkKvow54WLcd, EPjFWdd5AufqSSqeM2qN1xzybapC8G4wEGGkZwyTDt1v"
raydium-amm,WSOL-HK1810,25.3,25.3,0,,f0947edf-b4e2-5d9a-8a34-a9d6398ae9ea,0,0,0,False,2.08,71459,"So11111111111111111111111111111111111111112, ARMZoAuoQiy14gMxgivkFfH7Ecohkwmcdt3tpuesMV1d"
gmtrade,WGMX-USDC,104.18885,104.18885,0,,e33571a8-9371-5133-820a-a07b087e7a6b,20.31184,56.83218,0,False,0,71416,"9wX6Qz1Y5YQe71dfnFYFfZYXZhKqjYKQwdqfrRkmYUSX, EPjFWdd5AufqSSqeM2qN1xzybapC8G4wEGGkZwyTDt1v"
orca-dex,ANSEM-USDC,232.68842,232.68842,0,,36b987ec-39b7-42f2-a8fb-1b9e28050583,-19.72726,-41.26859,0,False,370.40506,71146,"9cRCn9rGT8V2imeM2BaKs13yhMEais3ruM3rPvTGpump, EPjFWdd5AufqSSqeM2qN1xzybapC8G4wEGGkZwyTDt1v"
kamino-lend,SOL,4.62002,4.62002,0,,a842e5f2-c772-4c64-86b5-fa75e9726d46,0.5341,-2.19111,-2.40882,False,0,70816,So11111111111111111111111111111111111111112
orca-dex,MSOL-COINOMI,0.39334,0.39334,0,,22b7d52e-5967-47fb-82c6-ffa7f6a33e27,0.39334,-0.36176,-5.0392,False,0.5522,70688,"mSoLzYCxHdYgdzU16g5QSh3i5K3z3KZK7ytfqcJm7So, EHmZM5QD7NFpu6hm3o8yYSA6EhYYunHL21fzN2ucpump"
gmtrade,WGMX-USDC,3.00613,3.00613,0,,4f1a20fc-cd3d-45f8-ab2d-637d537e3a4b,-1.83812,-23.23036,-26.61596,False,0,70460,"9wX6Qz1Y5YQe71dfnFYFfZYXZhKqjYKQwdqfrRkmYUSX, EPjFWdd5AufqSSqeM2qN1xzybapC8G4wEGGkZwyTDt1v"
raydium-amm,WSOL-BEPE,61.23,61.23,0,,92649e07-621d-4909-99f6-4d0cdd958801,-89.89,-399.82,0,False,151.03,70459,"So11111111111111111111111111111111111111112, 61qNX1UoKDMypgDJzNGFra3Mb6DQPyUmf6zDayZ7bonk"
raydium-amm,WSOL-XMONEY,1.41,1.41,0,,8fb4d078-5d54-4c58-8813-ae4ff1ca4350,0.46,-0.02,-7.07,False,2.03,70117,"So11111111111111111111111111111111111111112, 5csfa95Xf8ebiCwP9joQ7mtC8KwFvnnejnYx5FbYpump"
raydium-amm,WSOL-FOREST,2.98,2.98,0,,724af70a-b751-43d2-85fa-f9236117dbfe,0,0,0,False,0.31,70107,"So11111111111111111111111111111111111111112, BoAQaykj3LtkM2Brevc7cQcRAzpqcsP47nJ2rkyopump"
raydium-amm,USD1-VALOR,9.49,9.49,0,,b0acc646-b5ae-42c1-aedb-78f7394e2ac2,-9.31,0,0,False,6.54,70035,"USD1ttGY1N17NEEHLmELoaybftRBUSErhqYiQzvEmuB, 3wPQhXYqy861Nhoc4bahtpf7G3e89XCLfZ67ptEfZUSA"
raydium-amm,SHIKOKU-WSOL,5.07,5.07,0,,34005d36-81e3-4ba6-8175-a48c5a0ce78f,-9.03,-2.87,-12.93,False,4.11,69972,"5Jng6jkLKU1o8BNrCzTEMXMFvPjNJZTpdWR3Hq4RHJb6, So11111111111111111111111111111111111111112"
project-0,DSOL,0,0,0,,8d6f5449-fcf4-4d53-aca8-acb3262cea0a,0,0,0,False,0,69830,Dso1bDeDjCQxTrWHqUUi63oBvV7Mdm6WaobLbQ7gnPQ
raydium-amm,MOODENG-SPX,5.62,5.62,0,,6e73ead6-0f33-4a65-b550-5f7d3687237e,1.54,-1.74,0,False,3.9,69654,"ED5nyyWEzpPPiWimP8vYm7sD7TD3LAt3Q3gRTWHzPJBY, J3NKxxXZcnNiMjKw9hYb2K4LUxgwB6t1FtPtQVsv3KFr"
raydium-amm,PIPE-USDC,0.04,0.04,0,,103578cd-888c-4124-8a8c-c7094f4a20b1,-0.02,-0.01,-6.08,False,0.05,69564,"7s9MoSt7VV1J3jVNnw2AyocsQDBdCkPYz5apQDPKy9i5, EPjFWdd5AufqSSqeM2qN1xzybapC8G4wEGGkZwyTDt1v"
raydium-amm,WSOL-WBTC,2.95,2.95,0,,6d5d1725-9b7e-4711-b26d-8295321f1435,-1.66,-0.66,-15,False,2.94,69506,"So11111111111111111111111111111111111111112, 3NZ9JMVBmGAqocybic2c7LQCJScmgsAZ6vQqTDzcqmJh"
kamino-liquidity,JTO-KYJTO,0,0,0,,4d927d80-e805-43ef-abc1-1bd73d5c7e2c,0,0,0,False,6e-05,69117,"jtojtomepa8beP8AuQc6eXt5FriJwfFMwQx2v2f9mCL, kyJtowDDACsJDm2jr3VZdpCA6pZcKAaNftQwrJ8KBQP"
raydium-amm,WSOL-ZEC,5.76,5.76,0,,9bb82c4b-511b-4d6f-9486-599a126691a7,0,0,0,False,2.71,69059,"So11111111111111111111111111111111111111112, A7bdiYdS5GjqGFtxf17ppRHtDKPkkRqbKtR27dxvQXaS"
raydium-amm,WSOL-SONIC,0.83,0.83,0,,9a26b19d-d1f9-4515-80ff-bf60bd350429,-0.42,-1.58,-1.77,False,0.97,68917,"So11111111111111111111111111111111111111112, SonicxvLud67EceaEzCLRnMTBqzYUUYNr93DBkBdDES"
raydium-amm,WSOL-BIAO,0.64,0.64,0,,b59d9c69-8a89-41b3-8c4d-ff3df8f6dde9,0,-1.44,-47.46,False,0.58,68793,"So11111111111111111111111111111111111111112, 2ru87k7yAZnDRsnqVpgJYETFgqVApuBcwB2xDb19pump"
raydium-amm,HNT-USDC,2.74,2.74,0,,202bcdc4-855f-4eb1-9955-c904ed6b13ec,0,-0.21,-24.64,False,8.14,68728,"hntyVP6YFm1Hg25TN9WGLqM12b8TQmcknKrdu1oxWux, EPjFWdd5AufqSSqeM2qN1xzybapC8G4wEGGkZwyTDt1v"
raydium-amm,SSHIB-WSOL,0.61,0.61,0,,7063837e-6d30-4832-9c75-4839df86cf49,0,0,0,False,0.19,68540,"6VHL2vMKgrF1YQFSv29Rs1pj9VCRK29bD11NtDqerqHA, So11111111111111111111111111111111111111112"
kamino-lend,WIF,0,0,0,,8ed4139d-3fee-4d62-9974-0bd1dda1cce7,0,0,0,False,0,68304,EKpQGSJtjMFqKZ9KQanSqYXRcF8fBopzLHYxdM65zcjm
orca-dex,SOL-BONK,6.02315,6.02315,0,,478bf104-2f78-4186-855d-791ee1ed93c9,-1.52026,-296.46227,2.93508,False,34.50548,68220,"So11111111111111111111111111111111111111112, DezXAZ8z7PnrnRJjz3wXBoRgixCa6xjnB7YaB1pPB263"
orca-dex,BRUV-USDC,0,0,0,,96494806-ab46-4aae-839e-61c5135fa440,-0.73365,0,0,False,0.10606,67991,"BRUV9DjBeDZRamtWjhzQEH5roosnBApPhfqS1HQ23Xgy, EPjFWdd5AufqSSqeM2qN1xzybapC8G4wEGGkZwyTDt1v"
raydium-amm,WSOL-R-SNOOFI,0.69,0.69,0,,858f32f1-f048-404c-a704-573ff6dc8287,0,-2.51,-0.63,False,1.83,67906,"So11111111111111111111111111111111111111112, 7M9KJcPNC65ShLDmJmTNhVFcuY95Y1VMeYngKgt67D1t"
raydium-amm,NBT-GDTC,0.6,0.6,0,,a31c53bb-0803-4471-ac35-971229b38866,-0.13,-0.04,0,False,0.4,67526,"6S8PhTWWmnAEfFWxoMJhRk9BVbvaztAr4uYrX6Zq2y8s, DVb1znJKBVJzcuzbgvcG3cSghf2i1YzdJqoJFb7ZdQuX"
raydium-amm,WSOL-ETF500,0.66,0.66,0,,ed991f06-b8c8-49e9-b344-2f6b642bf3ff,-0.37,-0.1,0,False,0.59,67511,"So11111111111111111111111111111111111111112, CWX6t6pGJ1zsnuywnyd2ZMZJ7inB2sWuPdsteoT6pump"
raydium-amm,WSOL-BITCOIN,7.43,7.43,0,,24d10918-a07c-4491-a6ba-c107d6f80a91,-25.87,-4.56,-51.92,False,15.85,67445,"So11111111111111111111111111111111111111112, CTgiaZUK12kCcB8sosn4Nt2NZtzLgtPqDwyQyr2syATC"
raydium-amm,WSOL-DEGEN,7.43,7.43,0,,36e09ed7-167e-4569-82ff-c5b5c6ea77d4,-1.46,1.72,-68.83,False,17.93,67195,"So11111111111111111111111111111111111111112, A7n89LqW67HJKzJkdWZa2xojuK4N5GBKHz3dfjATCZPz"
raydium-amm,WSOL-TEG,0.71,0.71,0,,7dcc127c-945b-4754-ad3b-7d0278e924e1,0,-0.27,-0.19,False,0.42,67099,"So11111111111111111111111111111111111111112, ByyMCyATC6j92DFYGCC45qnCinpbHpHVEPPQZf2ezST6"
raydium-amm,WSOL-JTO,20.86,20.86,0,,b941d4f0-a6dd-4cb1-8916-b922c740c101,-21.96,1.34,-67.46,False,28.02,66937,"So11111111111111111111111111111111111111112, jtojtomepa8beP8AuQc6eXt5FriJwfFMwQx2v2f9mCL"
raydium-amm,WSOL-APPLE,0.61,0.61,0,,85b2a03b-f942-4eda-934f-3e8a4e005e23,0,-0.08,0,False,0.54,66841,"So11111111111111111111111111111111111111112, H33XL6HHDReCVRgSApZpsXM7Hy7JGyLztRJaGxjapump"
save,JUP,0,0,0,,3000f672-47bc-42ac-abbe-d2c0d288dc59,0,-0.14,-0.76,False,0,66500,JUPyiwrYJFskUPiHa7hkeR8VUtAeFoSYbKedZNsDvCN
raydium-amm,WSOL-USDT,1.38,1.38,0,,ed42bb94-ba3d-4eb0-8a12-a1bb17d8e7a4,-4.6,0.22,-12.77,False,5.45,66491,"So11111111111111111111111111111111111111112, Es9vMFrzaCERmJfrF4H2FYD4KCoNkY11McCe8BenwNYB"
raydium-amm,BIO-SPINE,0.97,0.97,0,,fbca1072-0c3a-4811-a54b-704ad26e9e36,-0.86,0,-0.67,False,0.63,66272,"bioJ9JTqW62MLz7UKHU69gtKhPpGi1BQhccj2kmSvUJ, spinezMPKxkBpf4Q9xET2587fehM3LuKe4xoAoXtSjR"
raydium-amm,WSOL-ABC,4.09,4.09,0,,42cca691-f37b-4ff0-9fac-5e6fd703fefb,-12.32,-9.66,0,False,5.26,66258,"So11111111111111111111111111111111111111112, 6LELxafvM58iXhLwzmkFVHS4fFzs6CZJADUUidb1tguN"
raydium-amm,WSOL-ROCKY,0.56,0.56,0,,7520136c-066d-49c4-9da8-e270b30d2135,0,0,-1.26,False,0.38,66139,"So11111111111111111111111111111111111111112, BVG3BJH4ghUPJT9mCi7JbziNwx3dqRTzgo9x5poGpump"
raydium-amm,WSOL-PEANUT,0.69,0.69,0,,3bdabc30-4afa-49f7-b512-96393160f0ea,0,0,0,False,0.15,66058,"So11111111111111111111111111111111111111112, bGxHNbsacaVL35pkYWae5PYQDZXSpuQb3QDyW31pump"
kamino-liquidity,KMNO-JUPSOL,5.45667,5.45667,0,,15802f03-83bf-498f-ae6a-6f0c14de6c6a,-2.87411,-15.9341,-57.57223,False,7.93102,65934,"KMNo3nJsBXfcpJTVhZcXLW7RmTwTt4GVFE7suUBo9sS, jupSoLaHXQiZZTSfEWMTRRgpnyFm8f6sZdosWBjx93v"
raydium-amm,WSOL-IKUN,2.47,2.47,0,,9458dcde-b780-415c-8e5e-7b2891a55676,0,1.76,0,False,0.42,65854,"So11111111111111111111111111111111111111112, AtortPA9SVbkKmdzu5zg4jxgkR4howvPshorA9jYbonk"
raydium-amm,X2C-USDC,5.01,5.01,0,,a42f4305-e888-41fa-bc96-e1eb71749efb,0,0,0,False,0.93,65837,"X2CKb4so3xu5hey7nmMGio8nk3zUH8kywborbQ8nSB3, EPjFWdd5AufqSSqeM2qN1xzybapC8G4wEGGkZwyTDt1v"
raydium-amm,WSOL-TSLAX,51.57,51.57,0,,53162d28-dfd0-46d4-b42e-9c761abf3272,-87.56,39.43,-5.99,False,41.73,65795,"So11111111111111111111111111111111111111112, XsDoVfqeBukxuZHWhdvWHBhgEHjGNst4MLodqsJHzoB"
kamino-liquidity,PYUSD-PRIME,0,0,0,,611bcb70-2103-458e-ba0f-7e536bb22390,0,0,-0.20816,False,0.55826,65711,"2b1kV6DkPAnxd5ixfnxCpjxmKwqjjaYmCZfHsFu24GXo, 3b8X44fLF9ooXaUm3hhSgjpmVs6rZZ3pPoGnGahc3Uu7"
kamino-lend,JUP,0,0,0,,c4a41937-f938-4f53-9827-4893187e6886,0,0,0,False,0,65625,JUPyiwrYJFskUPiHa7hkeR8VUtAeFoSYbKedZNsDvCN
raydium-amm,WSOL-GLORP,3.49,3.49,0,,276e1286-ac5c-4379-90d1-5a6949d388bf,1.77,2.24,1.49,False,1.66,65521,"So11111111111111111111111111111111111111112, FkBF9u1upwEMUPxnXjcydxxVSxgr8f3k1YXbz7G7bmtA"
save,HSOL,0,0,0,,2d2f5d4b-3f48-43ff-be76-895da12be0ca,0,0,0,False,0,65322,he1iusmfkpAdwvxLNGV8Y1iSbj4rUy6yMhEA3fotn9A
orca-dex,SOL-ANSEM,127.9398,127.9398,0,,c88dee93-cc91-5993-b2bb-9620b0e868f3,0.71682,-128.79388,0,False,212.52545,65278,"So11111111111111111111111111111111111111112, 9cRCn9rGT8V2imeM2BaKs13yhMEais3ruM3rPvTGpump"
raydium-amm,SUPPOMAN-WSOL,2.18,2.18,0,,97a4ef27-ac82-4183-85bf-788470f04fe7,-0.05,0.55,0.6,False,1,65256,"8XkvLLFHBJvkmCQkHfK4pEymsiZkCXdouSCRpZw5Sbj8, So11111111111111111111111111111111111111112"
raydium-amm,CATVAX-WSOL,0.73,0.73,0,,98ebce17-9ec7-4928-b2bc-e32e6104cddc,-3.01,-1.81,-3.71,False,4.1,65219,"EVDoPXkWNRMc7fQirg7emNdc17KNqsCyzVi4mWPmDvni, So11111111111111111111111111111111111111112"
orca-dex,POPCAT-COINOMI,1.62139,1.62139,0,,d01a684d-438b-4f52-a994-d30db69ee880,-1.27766,-0.75023,-98.53608,False,2.00286,65207,"7GCihgDB8fe6KNjn2MYtkzZcRjQy3t9GHdC8uHYmW2hr, EHmZM5QD7NFpu6hm3o8yYSA6EhYYunHL21fzN2ucpump"
raydium-amm,WSOL-SHEGEN,0.72,0.72,0,,8be88e25-7eea-448d-9c52-4844394963d6,0,0,0,False,0.09,65139,"So11111111111111111111111111111111111111112, 2KgAN8nLAU74wjiyKi85m4ZT6Z9MtqrUTGfse8Xapump"
raydium-amm,WSOL-TENCENT,29.16,29.16,0,,06329ba1-fe23-5126-bbb9-b90a397b5689,0,0,0,False,2.4,64980,"So11111111111111111111111111111111111111112, D4GpZtaxmw2tretcno2nC6HwqTf5ksYJ1FhcjZozGcAC"
kamino-liquidity,WFRAGSOL-JITOSOL,0,0,0,,e54ab09e-d3c9-4e7d-8251-544f26d7fb3c,0,0,0,False,0,64968,"WFRGSWjaz8tbAxsJitmbfRuFV2mSNwy7BMWcCwaA28U, J1toso1uCk3RLmjorhTtrVwY9HJ7X8V9yYac6Y7kGCPn"
orca-dex,BSOL-JITOSOL,0.41235,0.32529,0.08706,BLZEEuZUBVqFhj8adcCFPJvPVCiCyVmh3hkJMrU8KuJA,65671223-620d-40c0-913e-9b395dd42895,-0.28,0.14888,-0.73622,False,0.26453,64941,"bSo13r4TkiE4KumL71LsHTPpL2euBYLFx6h9HP3piy1, J1toso1uCk3RLmjorhTtrVwY9HJ7X8V9yYac6Y7kGCPn"
raydium-amm,WSOL-CATANA,4.85,4.85,0,,d8c3db32-47c2-4487-b90c-740355bddadb,2.66,3.97,3.72,False,0.99,64937,"So11111111111111111111111111111111111111112, GmbC2HgWpHpq9SHnmEXZNT5e1zgcU9oASDqbAkGTpump"
raydium-amm,WSOL-SPCXUSD1,29.71,29.71,0,,67cdec2e-9f7d-57a9-82c8-725e1e83594b,0,0,0,False,2.74,64632,"So11111111111111111111111111111111111111112, BoMbRXmBvjFHtU9f3XyVCRdwGMc56K64xu7jTmhsniiV"
raydium-amm,WSOL-ALPHA,1.5,1.5,0,,5a1e93b7-a401-4c44-92ff-c3bb3fcbd5a7,-2.54,-3.69,0,False,0.95,64541,"So11111111111111111111111111111111111111112, 2sCUCJdVkmyXp4dT8sFaA9LKgSMK4yDPi9zLHiwXpump"
raydium-amm,WSOL-JMONEY,4.93,4.93,0,,944955ee-7611-40a0-8e0a-ed1e9098d90a,0,0,0,False,0.76,64534,"So11111111111111111111111111111111111111112, HZNnmhAY6xfq2iKRyBTEvTVeoTYJzpkK8mfnfG8Ppump"
raydium-amm,MARU-WSOL,0.62,0.62,0,,5e2943c2-9fc0-49d0-b83f-04a9ce071b35,-0.6,-0.06,0,False,0.14,64487,"maru4DtHRrPytGBgRk81qBLby8f72t23u4Xi3EgPPgJ, So11111111111111111111111111111111111111112"
gmtrade,SHIB-USDC,48.63845,48.63845,0,,faa368ee-ff96-47c3-a359-2899d892cd2e,9.04997,33.55723,28.9783,False,0,64333,EPjFWdd5AufqSSqeM2qN1xzybapC8G4wEGGkZwyTDt1v
raydium-amm,USDI-USDC,0.03,0.03,0,,2da9134d-a95e-4e18-8878-2f3fd75d4458,-0.02,0,-0.17,True,0.23,64263,"CXbKtuMVWc2LkedJjATZDNwaPSN6vHsuBGqYHUC4BN3B, EPjFWdd5AufqSSqeM2qN1xzybapC8G4wEGGkZwyTDt1v"
raydium-amm,COST-WSOL,0.62,0.62,0,,afc28926-8578-4459-b73b-b671f9355f84,-0.66,0,-2.7,False,1.11,64141,"Av6qVigkb7USQyPXJkUvAEm4f599WTRvd75PUWBA9eNm, So11111111111111111111111111111111111111112"
raydium-amm,WSOL-G,2.26,2.26,0,,b8487343-d197-438d-9aa7-6a7e689e7dab,1.55,0,0,False,0.91,64028,"So11111111111111111111111111111111111111112, AXNgt2tyXdoNR3VaXqtN8E91m9ZwKCJrVHAX6r7Dpump"
raydium-amm,WSOL-VANCE,9.42,9.42,0,,d14ad591-c89c-4b5a-afc8-4a05cf80ccc2,8.34,8.72,0,False,1.36,64005,"So11111111111111111111111111111111111111112, CQeLUzZktFcDa5kJfa844kxK51X7BzxorVDGqLvpump"
raydium-amm,WSOL-SURGE,5.82,5.82,0,,0f686cd6-51aa-49bf-bb5b-fb3df5bbde44,-0.53,-3.75,-0.47,False,3.54,63934,"So11111111111111111111111111111111111111112, 3z2tRjNuQjoq6UDcw4zyEPD1Eb5KXMPYb4GWFzVT1DPg"
orca-dex,WFRAGSOL-JITOSOL,0.00884,0.00884,0,,988a317f-1af0-42d2-80bb-76e660cb1c34,8e-05,-0.07964,-0.01074,False,0.51177,63869,"WFRGSWjaz8tbAxsJitmbfRuFV2mSNwy7BMWcCwaA28U, J1toso1uCk3RLmjorhTtrVwY9HJ7X8V9yYac6Y7kGCPn"
project-0,USDS,3.05257,3.05257,0,,6ecb8df1-51a2-59ea-bab0-c4dfe85bff32,-0.83043,-0.44226,0,True,0,63700,USDSwr9ApdHk5bvJKMjzff41FfuX8bSxdKcR81vTwcA
raydium-amm,IO-USDC,23.98,23.98,0,,1f031321-4350-47dc-b9ba-4dc305945847,1.75,-8.08,-58.13,False,15.78,63668,"BZLbGTNCSFfoth2GYDtwr7e4imWzpR5jqcUuGEwr646K, EPjFWdd5AufqSSqeM2qN1xzybapC8G4wEGGkZwyTDt1v"
raydium-amm,WSOL-AET,12.76,12.76,0,,a0e7f7a9-df65-5e92-80bd-8bab9770441a,0,0,0,False,1.05,63664,"So11111111111111111111111111111111111111112, DKfTT1aTfWTdooTvscUAMnYMaH5HdQSR1TGofGeq1HMG"
raydium-amm,SPCX-SPCXX,8.98,8.98,0,,dd3a85f8-0963-40d1-bf6e-fa3a5c9f9507,-2.6,5.58,-47.07426,False,6.64,63655,"SPCXxcqXj6e5dJDVNovHN8744zkbhM2bYudU45BimGb, Xs3oZwbHvqis4NYcf4YKWmEia2eC84wSiVrcYcTqpH8"
raydium-amm,AAPLX-USDC,2.81,2.81,0,,9462784c-c0e5-4539-914e-ac006e5b3097,-6.3,0.02,-93.71,False,3.37,63468,"XsbEhLAtcf6HdfpFZ5xEMdqW8nfAvcsP5bdudRLJzJp, EPjFWdd5AufqSSqeM2qN1xzybapC8G4wEGGkZwyTDt1v"
orca-dex,EUROC-USDT,0.00021,0.00021,0,,4474f0d2-912b-51e0-b23e-4dc9558c0191,0,0,0,True,3e-05,63421,"12Vq2XMyoKy1FPbzdqqrEbZgh7SeDxQcPHDhTwddrjMq, Es9vMFrzaCERmJfrF4H2FYD4KCoNkY11McCe8BenwNYB"
orca-dex,STSOL-USDC,0.72334,0.72334,0,,60d3a90c-cb3f-44f1-8ccb-269d90aa768d,-1.68559,-0.1262,-13.74232,False,2.27259,63407,"7dHbWXmci3dT8UFYWYZweBLXgycu7Y3iL6trKn1Y7ARj, EPjFWdd5AufqSSqeM2qN1xzybapC8G4wEGGkZwyTDt1v"
raydium-amm,WSOL-BGG1,4.26,4.26,0,,e4762e2f-ce45-442c-8647-7795f020247d,-0.9,2.85,2.55,False,1.35,63375,"So11111111111111111111111111111111111111112, 62CsquahdQ3J286G9UTqV6whxryfihdV4yg7kSJnpump"
raydium-amm,WSOL-DEEPSEEKAI,3.02,3.02,0,,bb0e94e2-0476-4bdb-bb00-1c061b066c92,0,1.6,0.16,False,0.68,63362,"So11111111111111111111111111111111111111112, 9A2jUbgoDY97fruKHXvDd7eQiq4xvnW3By1BfH1Bwn9Y"
raydium-amm,WSOL-MOMO,7.34,7.34,0,,12ad1531-505d-460a-9d29-7e05a309c007,2.63,-1.3,-67.94,False,4.11,63337,"So11111111111111111111111111111111111111112, G4zwEA9NSd3nMBbEj31MMPq2853Brx2oGsKzex3ebonk"
raydium-amm,TRC20-USDT-USDC,8.54,8.54,0,,adf8cdff-3892-599d-903a-a9734dc8e7bb,0,0,0,False,0.7,63020,"D4spqu978S4wxE3q9B5VdwGXu8ZizmE6NyLr873Lier7, EPjFWdd5AufqSSqeM2qN1xzybapC8G4wEGGkZwyTDt1v"
save,USDC,0.59,0.59,0,,12a0aba6-8d08-4233-90c7-3868e88a7094,0,-0.03,-0.06,True,0,62821,EPjFWdd5AufqSSqeM2qN1xzybapC8G4wEGGkZwyTDt1v
raydium-amm,PIO-WSOL,0.7,0.7,0,,2d098690-1741-4fb7-831f-e5117a1dec1a,0,0,0,False,0.58,62771,"AgEhy2wX5NhBiHEUoQKmFhmoNxDDYwMK8i6pE6ZxStLk, So11111111111111111111111111111111111111112"
raydium-amm,WSOL-ECOR,0.77,0.77,0,,8b966247-df72-4af0-90f4-b7b1951f9aad,0,0,-2.58,False,0.32,62581,"So11111111111111111111111111111111111111112, 6wQDzAZT17HYABu7rNXBDUSgNzDeGUUUzY2cS8wpEGAc"
raydium-amm,WSOL-UNITY,4.66,4.66,0,,0dde9304-b937-4e15-8e29-1937445c2fe8,0.23,3.61,2.8,False,2.42,62345,"So11111111111111111111111111111111111111112, EdhTCqUxXRWQcUd5Fonyz9rapHAB6mABAuVkmPrtpump"
raydium-amm,STB-USDC,2.45,2.45,0,,0c439742-a72f-4821-863f-556e116e598f,1.14,1.48,1.88,False,0.66,62342,"7SDDWS8cEUp1qYWCA7RnR4FdH4neDAi9itm5R3stoSTB, EPjFWdd5AufqSSqeM2qN1xzybapC8G4wEGGkZwyTDt1v"
orca-dex,ASTRALIS-PHY,0.14724,0.14724,0,,1ade3ae6-1b3f-4f50-8633-6c0dda9c7889,0.073,0,0,False,0.12763,62101,"ASTRALvKjGK2xk2pamjMBU5dav5cEQa6zpKCP6FZ7BAJ, EswgBj2hZKdgovX2ihWSUDnuBg9VNbGmSGoH5yjNsPRa"
raydium-amm,SPCXX-USDC,2.87,2.87,0,,47bbece2-bdd9-4f46-a454-6fad32577f51,-4.68,0,0,False,1.55,62051,"Xs3oZwbHvqis4NYcf4YKWmEia2eC84wSiVrcYcTqpH8, EPjFWdd5AufqSSqeM2qN1xzybapC8G4wEGGkZwyTDt1v"
orca-dex,MSOL-USDC,0.532,0.532,0,,dc32fe78-dc53-4736-9364-446efa9101d5,-1.19324,-0.18124,-8.32408,False,1.69463,62039,"mSoLzYCxHdYgdzU16g5QSh3i5K3z3KZK7ytfqcJm7So, EPjFWdd5AufqSSqeM2qN1xzybapC8G4wEGGkZwyTDt1v"
raydium-amm,TRC20-USDT-USDC,7.77,7.77,0,,67d6648f-9d99-524d-988b-06e423ce7acf,0,0,0,False,0.64,62031,"5ng3hARqFY5gh8Gbota5uBmSbtNA2GXKd8SWybfGK9VA, EPjFWdd5AufqSSqeM2qN1xzybapC8G4wEGGkZwyTDt1v"
kamino-liquidity,BSOL-JITOSOL,0,0,0,,6593bf91-4154-458d-b16e-3e072826910c,0,0,0,False,0,61778,"bSo13r4TkiE4KumL71LsHTPpL2euBYLFx6h9HP3piy1, J1toso1uCk3RLmjorhTtrVwY9HJ7X8V9yYac6Y7kGCPn"
raydium-amm,GST-USDC,6.63,6.63,0,,e124a01c-4284-408e-8e56-0a3cda7d99c5,-7.72,1.31,0.69,False,14.19,61765,"AFbX8oGjGpmVFywbVouvhQSRmiW2aR1mohfahi4Y2AdB, EPjFWdd5AufqSSqeM2qN1xzybapC8G4wEGGkZwyTDt1v"
omnipair,OMFG-USDC,4.85601,4.85601,0,,65f4234c-8918-4209-b05c-409fa476a338,0.02267,1.96395,1.52158,False,0,61705,"omfgRBnxHsNJh6YeGbGAmWenNkenzsXyBXm3WDhmeta, EPjFWdd5AufqSSqeM2qN1xzybapC8G4wEGGkZwyTDt1v"
raydium-amm,WSOL-TENCENT,23.34,23.34,0,,66a59201-6abf-5400-8fa5-cbd99decb971,0,0,0,False,1.98,61547,"So11111111111111111111111111111111111111112, DktHhwUpKe6UmzYokcvveWShHkTGAovn9CjeCsq66ueC"
raydium-amm,WSOL-RONNIE,7.11,7.11,0,,1d8a5512-9d96-464e-9db9-c67407c1009e,-9.72,4.04,0,False,3.88,61312,"So11111111111111111111111111111111111111112, FnYJv5yaNwiQAPmwXuiVtwCcRwNcVVWvbmujZXKUWray"
orca-dex,SOL-XORCA,4.59965,4.59965,0,,14b563b7-04f1-4d1b-b3f3-5952147ae839,-7.28127,1.20994,-32.79792,False,7.56412,61134,"So11111111111111111111111111111111111111112, xorcaYqbXUNz3474ubUMJAdu2xgPsew3rUCe5ughT3N"
raydium-amm,SWAG-WSOL,11.62,11.62,0,,458476eb-47cc-44cd-bd64-373316ddd6ec,8.93,10.93,0,False,3.28,61004,"FaxYQ3LVXP51rDP2yWGLWVrFAAHeSdFF8SGZxwj2dvor, So11111111111111111111111111111111111111112"
raydium-amm,WSOL-SPCXUSD1,20.67,20.67,0,,a5ba3dd5-410c-557e-bde6-4e0eceffd9a2,0,0,0,False,1.7,60642,"So11111111111111111111111111111111111111112, 7FvaFRUicYsSzGeYRcvE2XrygPwhpNbC9mPpeownXnXE"
raydium-amm,WSOL-PXK,6.65,6.65,0,,1a43d81f-73ea-4d66-bd98-9f203da05b35,0,-5.63,5.22,False,1.31,60578,"So11111111111111111111111111111111111111112, GMTXVdP5Uc9Eqn8MJYhC8Tg18T1unAWaN1Qf4BuES5Cb"
raydium-amm,WSOL-DEVIN,2.28,2.28,0,,78a16e5d-af22-4617-943b-782190513c27,-2.54,1.24,0,False,0.75,60524,"So11111111111111111111111111111111111111112, 7gbEP2TAy5wM3TmMp5utCrRvdJ3FFqYjgN5KDpXiWPmo"
raydium-amm,$GARY-WSOL,0.76,0.76,0,,10efaecb-71d2-47a6-8cd1-252d95b5e89d,0,-0.99,0,False,0.98,60282,"8c71AvjQeKKeWRe8jtTGG1bJ2WiYXQdbjqFbUfhHgSVk, So11111111111111111111111111111111111111112"
raydium-amm,RLUSD-USDC,32.94,32.94,0,,db060eb3-3428-5bec-be40-cc674e74db80,-0.53,0,0,True,11.16,60161,"CiVR644CaoqHZPZDdqiM5DhFxuEq83CeY3avYNY5NXcr, EPjFWdd5AufqSSqeM2qN1xzybapC8G4wEGGkZwyTDt1v"
save,SLND,0,0,0,,9e3d1f94-bc3a-4d30-a8b7-e979c2bd3e77,0,0,0,False,0,59978,SLNDpmoWTVADgEdndyvWzroNL7zSi1dF9PC3xHGtPwp
project-0,USDC,3.69254,3.69254,0,,cc90a542-e694-5964-bc44-dab0ce525dc4,0,0.4274,0,True,0,59852,EPjFWdd5AufqSSqeM2qN1xzybapC8G4wEGGkZwyTDt1v
raydium-amm,REMILIO-WSOL,0.79,0.79,0,,49c1cb57-68bf-45aa-8fd8-ec14df2508f6,0,0,0,False,0.13,59838,"remiG7sGaHWgrY7o6SXJW5CYi5A7kmKutyJz6x6hUsp, So11111111111111111111111111111111111111112"
raydium-amm,WSOL-JLP,1.48,1.48,0,,007d7343-c6a1-4fd2-8c61-eb1291e99f7b,-1.43,-0.39,-9.57,False,1.66,59785,"So11111111111111111111111111111111111111112, 27G8MtK7VtTcCHkpASjSDdkWWYfoqT6ggEuKidVJidD4"
loopscale,USDC,1.19011,1.19011,0,,8359cf89-2cd5-4fd9-be27-8ff81c9679ea,2e-05,0.00404,0.12497,True,0,59734,EPjFWdd5AufqSSqeM2qN1xzybapC8G4wEGGkZwyTDt1v
project-0,SUSD,0,0,0,,a16d8967-12a0-458e-9b9f-7e9bd5fed450,0,0,0,True,0,59693,susdabGDNbhrnCa6ncrYo81u4s9GM8ecK2UwMyZiq4X
raydium-amm,3056.HK-USDT,5.66,5.66,0,,2d27e9a1-4d38-4855-a528-dd402c17df5d,0,-0.82,0,False,2.28,59572,"FtUCRrJPCAXs3hJksduogAPbdjUH4PekdjyAHEjU6izr, HBiHPHC6JFCE3cfCrERiFnJUVTzGErhZm9RmsTtzDJUb"
orca-dex,LEAF-USDC,0,0,0,,e744850c-aca2-4cba-8bcb-66b4d9772872,0,0,-0.02329,False,0,59395,"LEAFqNixpTuk8UCfrxvs2r3MQRB5xEh6Gw9YjMTt6WB, EPjFWdd5AufqSSqeM2qN1xzybapC8G4wEGGkZwyTDt1v"
raydium-amm,WSOL-KM,0.8,0.8,0,,bf033a46-020f-4174-af17-3eec4c85155e,0,0,0,False,0.23,59206,"So11111111111111111111111111111111111111112, HuAncxDEsakCDgZS2Yfo9xJbHmtHXMnxxkT9jqdXnHhm"
raydium-amm,WSOL-AGIALPHA,7.84,7.84,0,,3085f5d6-1d30-4e67-9fad-a90b03213cf8,0,0,0,False,1.85,59178,"So11111111111111111111111111111111111111112, tWKHzXd5PRmxTF5cMfJkm2Ua3TcjwNNoSRUqx6Apump"
raydium-amm,WSOL-PISTA,0.8,0.8,0,,695894b0-021f-4980-bd85-ec28896d3251,0,-0.16,-1.23,False,0.31,58977,"So11111111111111111111111111111111111111112, 9CaQUthsVMugZzMvskrrvcHXyjFqHGdNtGkPT8QSRACE"
raydium-amm,USD1-WAR,1.31,1.31,0,,f5bcd1f4-c7ca-4151-9591-6847a6624236,-1.08,0.16,-0.11,False,0.73,58738,"USD1ttGY1N17NEEHLmELoaybftRBUSErhqYiQzvEmuB, 8opvqaWysX1oYbXuTL8PHaoaTiXD69VFYAX4smPebonk"
orca-dex,RBMHK-USDT,0.00124,0.00124,0,,ce01d238-adf5-5dea-acae-161ba19fa60b,0,0,0,False,0.00023,58610,"5BMwYjYonGgHKZZBxtvq6FY3tTbb3PKmPvR3dmkZqwcm, Es9vMFrzaCERmJfrF4H2FYD4KCoNkY11McCe8BenwNYB"
raydium-amm,WSOL-E-ACC,7.54,7.54,0,,149c6727-dc26-4100-8b26-f2af50f4429b,3.67,0,0,False,1.56,58539,"So11111111111111111111111111111111111111112, GqmEdRD3zGUZdYPeuDeXxCc8Cj1DBmGSYK97TCwSpump"
raydium-amm,WSOL-CANDLE,0.6,0.6,0,,163ce29e-da3b-48a7-8168-03823454e267,0,0,0,False,0.06,58466,"So11111111111111111111111111111111111111112, 6iFUKWGDksVvmnSYJUGYnsu168xstni8xJkTF7QrpPAu"
orca-dex,XSDC-USDT,0.00079,0.00079,0,,60c09ee4-2196-5baf-a4f4-9388f2ef7faa,0,0,0,False,0.00044,58365,"ESj2igDPXqgaM1U6vmnc6sDFhexoL9mFmzx4zkQtZDnm, Es9vMFrzaCERmJfrF4H2FYD4KCoNkY11McCe8BenwNYB"
raydium-amm,WSOL-$SITCOM,0.73,0.73,0,,98163c05-c60b-499d-be94-094ea343d71b,-0.96,0,-1.45,False,0.21,58229,"So11111111111111111111111111111111111111112, AK9yVoXKK1Cjww7HDyjYNyW5FujD3FJ2xbjMUStspump"
raydium-amm,WSOL-SBF,0.85,0.85,0,,6fc33c9c-737c-4bac-ba68-f28e6ee95bff,-1.24,0,-2.36,False,0.36,57987,"So11111111111111111111111111111111111111112, 9Nuzd5BZMfeiP2TSXXGqYcrtqYEyFkGoEbm39CB3pump"
raydium-amm,WSOL-NEET,13.87,13.87,0,,f9fd7ee7-6cec-42ad-9634-22e3e53af927,-3.24,6.04,4.2,False,6.92,57665,"So11111111111111111111111111111111111111112, Ce2gx9KGXJ6C9Mp5b5x1sn9Mg87JwEbrQby4Zqo3pump"
project-0,PYTH,0.40374,0.40374,0,,2409a462-a569-4fd4-bef1-bb50105db47d,-0.00312,0.0337,0.10023,False,0,57466,HZ1JovNiVvGrGNiiYvEozEVgZ58xaU3RKwX8eACQBCt3
raydium-amm,WSOL-KWIF,0.74,0.74,0,,56f9f60e-fc7b-4976-86f5-18afdcfd00b6,-1.57,-1.73,-22.3,False,1.02,57391,"So11111111111111111111111111111111111111112, 6Rwcmkz9yiYVM5EzyMcr4JsQPGEAWhcUvLvfBperYnUt"
kamino-liquidity,POPCAT-SOL,71.85502,71.85502,0,,127bda87-3c16-4e96-ad58-6dc8a5f6472f,40.8493,45.42534,-294378.3926,False,37.61159,57366,"7GCihgDB8fe6KNjn2MYtkzZcRjQy3t9GHdC8uHYmW2hr, So11111111111111111111111111111111111111112"
raydium-amm,WSOL-LMN,0.65,0.65,0,,e5e8e3f0-a179-48ce-8410-59668463abf0,0,-1.62,0,False,0.73,57139,"So11111111111111111111111111111111111111112, 7dLb6vBgu8Nmn4WteDH2maHApVha9kgfbWoM1yurrJhB"
raydium-amm,WSOL-PONS,34.2,34.2,0,,c09c90ef-a0a9-5cba-be48-43011021cfa6,0,0,0,False,3.14,56960,"So11111111111111111111111111111111111111112, cZUzdVT9jFDjFmjsMea8QrhNcwaXZSBeJwogi86WsVR"
kamino-liquidity,SOL-JTO,70.0505,70.0505,0,,865256ef-0cf0-443a-ac46-1e799f62877b,70.0505,70.0505,30.73138,False,41.01464,56913,"So11111111111111111111111111111111111111112, jtojtomepa8beP8AuQc6eXt5FriJwfFMwQx2v2f9mCL"
orca-dex,MOT-USDC,1.52387,1.52387,0,,c88756c5-ee96-474e-9ae9-f2404827bb9d,-1.97456,-0.09812,-10.72841,False,2.74069,56852,"motN8Tg6xBp7ZnHuqdBPxqCBhQTjzKrWaauqb8pBizt, EPjFWdd5AufqSSqeM2qN1xzybapC8G4wEGGkZwyTDt1v"
raydium-amm,FCOD-WSOL,2.46,2.46,0,,947a8fe2-8fd2-4969-a2d7-b013486923b8,0.09,-0.46,-0.97,False,1.68,56697,"9NiHcbT8EohKJid1RdU3232tATmM1CvYemTeCP5iwro, So11111111111111111111111111111111111111112"
raydium-amm,WSOL-BARSIK,0.75,0.75,0,,718ed37d-7a6d-4e9a-ad32-cbd89398064c,0,0,0,False,1.08,56628,"So11111111111111111111111111111111111111112, 7ZqzGzTNg5tjK1CHTBdGFHyKjBtXdfvAobuGgdt4pump"
raydium-amm,WSOL-FARTGIRL,1.08,1.08,0,,64d47699-ce1b-42ef-9c97-6fe76ddf1abc,0.11,0.28,0,False,0.4,56433,"So11111111111111111111111111111111111111112, Cjrrc595e9R47EZ3gkbUmL6ZZpLSxiXg16v2Y3Aapump"
raydium-amm,WSOL-OBOT,0.75,0.75,0,,e23b55fd-2aee-4791-b9c3-b13e73dab2b0,0,0,0,False,0.14,56432,"So11111111111111111111111111111111111111112, 7yZFFUhq9ac7DY4WobLL539pJEUbMnQ5AGQQuuEMpump"
raydium-amm,WSOL-OPTIMUS,5.45,5.45,0,,07066fc3-1733-4e92-a418-7b3684c64686,-0.86,4.32,-10.92,False,3.73,56284,"So11111111111111111111111111111111111111112, 9fURVh8YkzXDch2KmiBK7YT1zPYGC9UcWfXATvcupump"
raydium-amm,WSOL-HOLY,0.87,0.87,0,,cbb663b5-bdd0-45e7-a9d2-cff6abe5518f,0,0,-10.12,False,0.79,56265,"So11111111111111111111111111111111111111112, BSXFKLVsyrYckSF4SGXu9DRfMb3Fos7tRF9zMXgRCUsP"
kamino-liquidity,SOL-JLP,0,0,0,,4ddec5b5-bc86-4897-bd32-917bd63a52fe,0,0,-6.63049,False,2.55952,56264,"So11111111111111111111111111111111111111112, 27G8MtK7VtTcCHkpASjSDdkWWYfoqT6ggEuKidVJidD4"
save,JLP,0,0,0,,5773be7f-d0d3-4838-bc85-8d06570794ee,0,0,0,False,0,56230,27G8MtK7VtTcCHkpASjSDdkWWYfoqT6ggEuKidVJidD4
raydium-amm,WSOL-VOID,1.04,1.04,0,,794c10fc-08b6-47a2-a310-aba5ada7a53e,-1.1,-0.38,-0.42,False,1.77,56187,"So11111111111111111111111111111111111111112, 6gh8b2mqUrVb6Ew8Mwt89tNyN9keCDNstzT5cdp5pump"
project-0,SOL,5.09335,5.09335,0,,9ae983a6-0527-58ab-8cea-b39592ea1237,0.67548,-1.31254,0,False,0,56136,So11111111111111111111111111111111111111112
raydium-amm,LIKE-USDC,1.12,1.12,0,,823963f6-c722-4154-9a90-14fd6cdba621,0.08,-0.3,0,False,0.68,56005,"3bRTivrVsitbmCTGtqwp7hxXPsybkjn4XLNtPsHqa3zR, EPjFWdd5AufqSSqeM2qN1xzybapC8G4wEGGkZwyTDt1v"
raydium-amm,WSOL-SPK,1.81,1.81,0,,d3b38733-bdd6-4185-9074-fc323e760153,0,0,-3.37,False,0.52,55932,"So11111111111111111111111111111111111111112, DGNjYDB8pAJ6VSotNjkfQkWLNoMfMxiuJzmm1GuV1Ron"
gmtrade,AVAX-USDC,58.87418,58.87418,0,,a84faf57-b8e7-4223-9aec-9f937fe36e01,-4.63025,4.52056,7.67086,False,0,55920,EPjFWdd5AufqSSqeM2qN1xzybapC8G4wEGGkZwyTDt1v
raydium-amm,WSOL-LEA,0.85,0.85,0,,c8a8ff54-9d8e-495e-add8-6019ecf37d79,0,0,0,False,0.16,55828,"So11111111111111111111111111111111111111112, 8SpPaFLycx897D6sowPZkEkcNdDahzRZb5itr6D8pump"
raydium-amm,BRETT-WSOL,0.7,0.7,0,,e89ddf5e-b16f-4b06-9258-e204f45e3766,0,0,0,False,0.24,55743,"DxtssVdyYe4wWE5f5zEgx2NqtDFbVL3ABGY62WCycHWg, So11111111111111111111111111111111111111112"
kamino-lend,JTO,0.00042,0.00042,0,,180d2715-2cd4-41f6-bffc-6c16a6a28ee9,0,-1e-05,-3e-05,False,0,55714,jtojtomepa8beP8AuQc6eXt5FriJwfFMwQx2v2f9mCL
raydium-amm,UHDC-USDT,0.03,0.03,0,,495d6432-92e2-5bf4-b422-67c40fdb0f6e,0,-0.18,0,False,0.05,55517,"EAAwdCwMLAE9pWdjkJGRbVP7Y5PUgPbvyPu2GpfdG14x, Es9vMFrzaCERmJfrF4H2FYD4KCoNkY11McCe8BenwNYB"
raydium-amm,UKDC-USDT,0.04,0.04,0,,6592389e-2dab-5b68-9111-d740594254e9,0,0,0,False,0.02,55515,"CuRLmERq5aGywqfXHTSYk2nUwzSpsWTgXEQnKk21LTmq, Es9vMFrzaCERmJfrF4H2FYD4KCoNkY11McCe8BenwNYB"
raydium-amm,UEDC-USDT,0.27,0.27,0,,16f374e9-c12a-5f1e-802d-0b829e8d3709,0,0,0,False,0.03,55513,"31NX1fMFfVXmkm4kbR2CbKvdnaVDjBTmeJK4QhyEanqq, Es9vMFrzaCERmJfrF4H2FYD4KCoNkY11McCe8BenwNYB"
raydium-amm,UEDC-USDT,0.47,0.47,0,,6ba129b7-0cf0-5710-b83b-b4c5b26ac933,0,0.02,0,False,0.07,55513,"oDUkX5zHTUoYiypT9Dbu6vm8upqwUSjWqFWuViGwTFo, Es9vMFrzaCERmJfrF4H2FYD4KCoNkY11McCe8BenwNYB"
raydium-amm,USDT-UUDC,0.02,0.02,0,,78a31bf6-4a87-548a-9566-d8c9355f704d,0,0,0,False,0,55511,"Es9vMFrzaCERmJfrF4H2FYD4KCoNkY11McCe8BenwNYB, FrmghaomRZSvJApfXvYi9SgrqnnnePveaQ9WVhh4GVxz"
raydium-amm,UUDC-USDT,0.14,0.14,0,,c8067cc1-e3ca-531c-9733-8edb37b3eee1,0,0,0,False,0.01,55502,"9SaHa83JTd2cu4GLZsz7bXaDzm4jyhReoxgfxwr81SNM, Es9vMFrzaCERmJfrF4H2FYD4KCoNkY11McCe8BenwNYB"
raydium-amm,UKDC-USDT,0.06,0.06,0,,0e7bf438-4909-54bf-8ac1-a6793139048a,-0.11,0,0,False,0.01,55493,"85HgC1XyVQ3LnfM6YgP3sLk3stABWy5DE56hpkebjWZj, Es9vMFrzaCERmJfrF4H2FYD4KCoNkY11McCe8BenwNYB"
orca-dex,FARTCOIN-USDC,35.11684,35.11684,0,,07e5704f-19cd-44df-a776-1aeba2b1ae4f,-18.97073,-0.17074,-1953.28832,False,69.10924,55270,"9BB6NFEcjBCtnNLFko2FqVQBq8HHM13kCyYcdQbgpump, EPjFWdd5AufqSSqeM2qN1xzybapC8G4wEGGkZwyTDt1v"
raydium-amm,MXNA-USDC,1.67,1.67,0,,ff10bd5b-1f37-4254-adf1-584e5e8a028f,-2.01,0.26,-1.38,False,0.79,55267,"MXNAd34eptyPhNYhZvihHcoz5EtDSfqwzr2DfdqndqF, EPjFWdd5AufqSSqeM2qN1xzybapC8G4wEGGkZwyTDt1v"
save,INF,0.49,0.49,0,,c360091d-3166-4359-afb6-aa7683843218,-0.01,-0.01,-0.04,False,0,54868,5oVNBeEEQvYi1cX3ir8Dx5n1P7pdxydbGF2X4TxVusJm
orca-dex,SOL-ZEC,10.87074,10.87074,0,,c8bf60a1-b470-4584-8bae-c027d7452ec9,10.87074,-7.73258,5.34743,False,15.40517,54797,"So11111111111111111111111111111111111111112, A7bdiYdS5GjqGFtxf17ppRHtDKPkkRqbKtR27dxvQXaS"
raydium-amm,COK-WSOL,3.11,3.11,0,,dc5e10fe-794c-4a9e-ad4d-023c7a978871,1.42,0,1.45,False,0.95,54781,"Dnb9dLSXxAarXVexehzeH8W8nFmLMNJSuGoaddZSwtog, So11111111111111111111111111111111111111112"
raydium-amm,WSOL-TLOOP,33.44,33.44,0,,81965fa3-d8ee-4aa1-bdba-816b71091cd9,-13.37,19.66,-4.9,False,29.61,54743,"So11111111111111111111111111111111111111112, 8XBLvrhz2mnFSq7koFdkgRSeATb3cJ38GofTQmhf2QRi"
kamino-lend,BBSOL,0.00028,0.00028,0,,eb127bda-eff3-4985-82b3-364ed96ad35d,0,-1e-05,-2e-05,False,0,54684,Bybit2vBJGhPF52GBdNaQfUJ6ZpThSgHBobjWZpLPb4B
jupiter-lend,LBTC,0,0,0,,b9f8f1ba-b146-4048-8dde-13c2a656de24,0,0,0,False,0,54550,LBTCgU4b3wsFKsPwBn1rRZDx5DoFutM6RPiEt1TPDsY
jupiter-lend,LBTC,0,0,0,,ba5b128f-b830-4564-b43d-df6ef26cb71f,0,0,0,False,0,54544,LBTCgU4b3wsFKsPwBn1rRZDx5DoFutM6RPiEt1TPDsY
raydium-amm,WSOL-VAL,0.74,0.74,0,,e992124a-0004-47f0-9b3e-c6187fbf49ad,-0.97,-1.21,0,False,0.89,54402,"So11111111111111111111111111111111111111112, DtwN3PHiKEpK1MSekViVC8QifdRJCkML6HG16sXHpump"
save,GC,0,0,0,,a52f52f2-aea5-4ff4-89f2-0f0894758865,0,0,0,False,0,54274,7HbF3n6uj639XKk2fwZXHAY7tXrW38Qx4xw9LrKuZhoV
raydium-amm,WSOL-NAKMAK,0.97,0.97,0,,7ac2f108-8d79-436c-8382-06854d197928,0,0,0,False,0.75,54073,"So11111111111111111111111111111111111111112, FNwboWtLX8vj4qb22ZmL7YaeCf4e7KpqvpxT6qxiZHEo"
raydium-amm,WSOL-ILY,0.72,0.72,0,,0aa76eab-1d2e-418c-a79f-736871cabb16,0,-0.79,0,False,0.17,53964,"So11111111111111111111111111111111111111112, GJLiErro8cbWeDngDMWJug9dkwwckYZg4Lvb79F3pump"
raydium-amm,WSOL-ANON,3.32,3.32,0,,aa86891c-b44d-4d0f-9ab9-59fefa055583,0,0,0,False,0.6,53815,"So11111111111111111111111111111111111111112, 9McvH6w97oewLmPxqQEoHUAv3u5iYMyQ9AeZZhguYf1T"
raydium-amm,WSOL-SPINE,1.1,1.1,0,,8d7beac6-2d43-45a5-9774-87b5bca04fe1,-1.02,0,-0.92,False,0.73,53755,"So11111111111111111111111111111111111111112, spinezMPKxkBpf4Q9xET2587fehM3LuKe4xoAoXtSjR"
raydium-amm,WSOL-SOLX,1.12,1.12,0,,f0a64a7f-0a14-47d1-9e26-abe840870916,0,0,-0.63,False,0.32,53742,"So11111111111111111111111111111111111111112, Cf2LnRpmcUxY8qkAyiaaPpgAtUHgzkH3tPhMAevE9zLg"
orca-dex,AUDIO-USDC,0.14572,0.14572,0,,442c9d1e-7337-43b5-8f56-ac39e1890eb6,-0.36954,-2.28898,-2.42122,False,0.39409,53636,"9LzCMqDgTKYz9Drzqnpgee3SGa89up3a247ypMj2xrqM, EPjFWdd5AufqSSqeM2qN1xzybapC8G4wEGGkZwyTDt1v"
project-0,HELIUS,0,0,0,,84680e62-e503-594c-8dcb-e271376df612,0,0,0,False,0,53618,2k79y8CApbU9jAvWhLS2j6uRbaVjpLJTUzstBTho9vGq
save,MSOL,0.09,0.09,0,,1e8f1858-f60b-489d-ad5b-a954cd07c557,0,0,-0.01,False,0,53612,mSoLzYCxHdYgdzU16g5QSh3i5K3z3KZK7ytfqcJm7So
raydium-amm,WSOL-AET,7.57,7.57,0,,048acb4e-1c4b-5596-b280-65195cf2a8a6,0,0,0,False,0.62,53586,"So11111111111111111111111111111111111111112, za7eib1bcaLTu5mfKYt8F6bCrrwkw1SGeb8KJ86NsPv"
gmtrade,MELANIA-USDC,0.80686,0.80686,0,,42aef15f-eb39-496e-8be0-46c751abce34,-1.13566,-38.71243,-72.51377,False,0,53266,EPjFWdd5AufqSSqeM2qN1xzybapC8G4wEGGkZwyTDt1v
orca-dex,EORU-USDT,0.00028,0.00028,0,,cd2c446a-dd3e-5589-ab4a-e127cd0875e8,0,0,0,False,4e-05,53172,"8mjPj1qgjP1LVibkf7eFZznY8qaD7Pvv6A7ivF2TYrYL, Es9vMFrzaCERmJfrF4H2FYD4KCoNkY11McCe8BenwNYB"
raydium-amm,LONG-WSOL,0.7,0.7,0,,f5e0a87d-3b6f-457e-a417-c72e4536779a,0,-0.39,0,False,0.4,53157,"AYABiqKuTh9Va5Aqc6AujFevHwDGmECGQiFmKW5g3K4Z, So11111111111111111111111111111111111111112"
project-0,CASH,3.48619,3.48619,0,,cfdd49aa-aa15-5ba4-a7bd-80b7d4911081,-0.01742,0.4826,0,True,0,53125,CASHx9KJUStyftLFWGvEVf59SGeG9sh5FfcnZMVPCASH
raydium-amm,WSOL-YURU,1.6,1.6,0,,9d619eac-edd6-4b53-a1d9-386ddc516c4c,-0.2,-4.87,-4.28,False,1.81,53073,"So11111111111111111111111111111111111111112, mm7g78aMJZv8QB4Q15qbsM3UQJZWof85vwC2NSxRh2Q"
orca-dex,SOL-ZEUS,99.47742,99.47742,0,,1bf575be-09e6-4c00-aef9-70f9b7aa582b,28.46868,0.97906,-96.49011,False,210.11591,53050,"So11111111111111111111111111111111111111112, ZEUS1aR7aX8DFFJf5QjWj2ftDDdNTroMNGo8YoQm3Gq"
raydium-amm,WSOL-REVS,0.89,0.89,0,,ef1ecd34-7045-4147-90e9-7c0b6bfa23e6,0,0,0,False,0.27,53033,"So11111111111111111111111111111111111111112, 9VxExA1iRPbuLLdSJ2rB3nyBxsyLReT4aqzZBMaBaY1p"
raydium-amm,KOKOK-WSOL,0.9,0.9,0,,cfdfb163-44e4-4755-96da-f830a66e423f,0,-3.42,0,False,0.87,52981,"5HkhVG2bSb5PGjhX5QHm9urUquD7tx5eAau5Fonq78zc, So11111111111111111111111111111111111111112"
kamino-lend,KYSOL,0,0,0,,ff55543d-6821-402a-82b8-f1ec3b817626,0,0,0,False,0,52980,kySo1nETpsZE2NWe5vj2C64mPSciH1SppmHb4XieQ7B
raydium-amm,WSOL-CUPSEY,7.41,7.41,0,,50bc6862-86e1-4453-b6b4-0ec5c93b093f,6.05,0,2.53,False,1.29,52928,"So11111111111111111111111111111111111111112, 5PsnNwPmMtsGZgG6ZqMoDJJi28BR5xpAotXHHiQhpump"
raydium-amm,USDS-JITOSOL,2.67,2.67,0,,b5ffd007-fd73-4a6f-b9c1-48fd0505bf1a,-2.9,-0.73,0,False,2.88,52851,"USDSwr9ApdHk5bvJKMjzff41FfuX8bSxdKcR81vTwcA, J1toso1uCk3RLmjorhTtrVwY9HJ7X8V9yYac6Y7kGCPn"
kamino-lend,CASH,3.63559,3.63559,0,,91d6ed2f-b69e-4d7b-8d56-ab3256fbe1f5,0.00729,0.39883,-0.37608,True,0,52814,CASHx9KJUStyftLFWGvEVf59SGeG9sh5FfcnZMVPCASH
raydium-amm,WSOL-BANK,18.62,18.62,0,,0b6d4878-8804-547e-94b4-8e87e8ae8c1b,0,0,0,False,1.53,52785,"So11111111111111111111111111111111111111112, 3Xj2kHrGCVKxyraQAwBtn67z4bKYFWpDmt66hqmXD3tV"
raydium-amm,WSOL-STORK,19.16,19.16,0,,3f2098c5-d898-5119-84be-3889a15669fe,0,0,0,False,1.57,52749,"So11111111111111111111111111111111111111112, 2VtdXvbCvWon2Zo4agsT6hU2B9no4rZMLHz85CJfo96H"
raydium-amm,TITS-WSOL,0.97,0.97,0,,f3a92c8b-6c49-4b31-b3e7-fb6561737893,0,0,0,False,0.36,52726,"23CTZMjEYNNZUE4itfn3iv6kgM4xn7X7dx1kVX1Gr8Xi, So11111111111111111111111111111111111111112"
kamino-liquidity,BSOL-MSOL,0,0,0,,13af328d-7ba4-49ca-a44b-01142af41a9e,0,0,0,False,0,52628,"bSo13r4TkiE4KumL71LsHTPpL2euBYLFx6h9HP3piy1, mSoLzYCxHdYgdzU16g5QSh3i5K3z3KZK7ytfqcJm7So"
orca-dex,SOL-MENPAM,0.34373,0.34373,0,,ff8a73c5-ab50-5306-aa69-27449154a9b1,0,0,0,False,0.0491,52618,"So11111111111111111111111111111111111111112, 5rySkmezte1VRoMHtEF7boNTaFWJBn9dfmbRzNGdAqdd"
raydium-amm,CC-USDC,9.68,9.68,0,,c3a3ffa8-7cd3-58b6-b8a1-756f48b86ff3,0,0,0,False,2.24,52555,"6WX5i6QByJmRyb1niwzpFybGVkuZts9FZtQRmjpva9Z, EPjFWdd5AufqSSqeM2qN1xzybapC8G4wEGGkZwyTDt1v"
orca-dex,EORU-USDT,0.00024,0.00024,0,,8bdb330c-5f0d-5772-adff-ffbe6c16ccf0,0,0,0,False,3e-05,52521,"ApPrxFNiRPqosD8snUR4RoMYAkc7eUAuQQGYpXyjcU3s, Es9vMFrzaCERmJfrF4H2FYD4KCoNkY11McCe8BenwNYB"
kamino-liquidity,USDS-JITOSOL,0,0,0,,536f8c49-8380-400a-aa94-d826bada5400,0,0,0,False,0,52520,"USDSwr9ApdHk5bvJKMjzff41FfuX8bSxdKcR81vTwcA, J1toso1uCk3RLmjorhTtrVwY9HJ7X8V9yYac6Y7kGCPn"
orca-dex,TUTU-USDC,0.07337,0.07337,0,,bf93af28-f05a-5c53-a452-525ca36e5aef,0,0,0,False,0.01048,52435,"5bEngtxmJX2JV3ehx46kKMf1FyLWWwCNQjfiZLcWYXYf, EPjFWdd5AufqSSqeM2qN1xzybapC8G4wEGGkZwyTDt1v"
raydium-amm,USDC-FOGO,2.17,2.17,0,,296aceac-7291-476f-9837-504fae84198d,-0.25,0.35,-11.94,False,1.21,52429,"EPjFWdd5AufqSSqeM2qN1xzybapC8G4wEGGkZwyTDt1v, FogoWVkKbu7K5TE23B7VvpuSNbjV2HKpBm8hNaVY6Rkg"
raydium-amm,ATLAS-USDC,6.55,6.55,0,,406deff6-e35e-4cfc-9b5e-e12c31b912c5,-1.67,-167.41,-4.63,False,15.84,52363,"ATLASXmbPQxBUYbxPsV97usA3fPQYEqzQBUHgiFCUsXx, EPjFWdd5AufqSSqeM2qN1xzybapC8G4wEGGkZwyTDt1v"
loopscale,MXNE,0.30998,0.30998,0,,5391fc91-9789-47a5-81ba-89d224abfb70,0,0,-0.49022,False,0,52359,6zYgzrT7X2wi9a9NeMtUvUWLLmf2a8vBsbYkocYdB9wa
orca-dex,SOL-ZEC,33.05125,33.05125,0,,e4eb5e57-6f82-4dac-9ce5-f7d9bcf013fd,-11.09658,26.84137,-66.47241,False,26.28751,52330,"So11111111111111111111111111111111111111112, A7bdiYdS5GjqGFtxf17ppRHtDKPkkRqbKtR27dxvQXaS"
save,USDT,0,0,0,,39befb5d-7613-4412-8528-9a38f5cf751d,0,0,0,True,0,52099,Gjmv6mrX2WWs9vbab3KXueqfrfDRJSdjdqqGVX8ZWGvm
raydium-amm,WSOL-DMAGA,0.93,0.93,0,,9dbf5f3d-217f-4607-be2c-5252882d5d40,-1.4,-0.33,0,False,0.42,52010,"So11111111111111111111111111111111111111112, 7D7BRcBYepfi77vxySapmeqRNN1wsBBxnFPJGbH5pump"
raydium-amm,$LANDLORD-WSOL,1.28,1.28,0,,8e16920a-98a6-49aa-8c62-a9a7b30b90f4,0,0,0,False,0.13,51971,"43uhykFm8Y9gLvHrWs7r7w1HCKu6vikDi7j394FaSfNz, So11111111111111111111111111111111111111112"
raydium-amm,WSOL-GYAT,0.67,0.67,0,,5b71739e-0366-4b08-a9c5-5adc5fc58c99,0,-0.91,0,False,0.25,51942,"So11111111111111111111111111111111111111112, EfgEGG9PxLhyk1wqtqgGnwgfVC7JYic3vC9BCWLvpump"
orca-dex,USDC-IRRADIMUS,0.07398,0.07398,0,,f497a34e-2df8-50b2-b0af-0d0077c63706,0,0,0,False,0.01057,51941,"EPjFWdd5AufqSSqeM2qN1xzybapC8G4wEGGkZwyTDt1v, FqTN1cJX8pEafHrx37TurHJjbwjwjpEhE51qMkcN19q8"
raydium-amm,WSOL-HIBER,0.92,0.92,0,,f8ff75e7-512a-461b-a552-d707c83edd06,0,0,0,False,0.24,51830,"So11111111111111111111111111111111111111112, FHKiJEg2zmhv9DEeaXMSZa7R4P8BPFX5VTRrzrtJpump"
raydium-amm,WSOL-KEFEN,0.76,0.76,0,,99d91f0f-430f-4770-a673-ebb6d836028c,0,0,0,False,0.34,51763,"So11111111111111111111111111111111111111112, ENKgL1FhsHsYChFGJPgoAyxxK6EUt1VP99LnMce2pump"
save,JLP,0,0,0,,7d644b08-05f6-4f06-b3a6-5bb4c6a3729a,0,0,0,False,0,51759,27G8MtK7VtTcCHkpASjSDdkWWYfoqT6ggEuKidVJidD4
raydium-amm,WSOL-JIMOTHY,8.54,8.54,0,,d31f0648-ad58-5f08-bfb2-d06a2949a9ca,0,0,0,False,3.3,51758,"So11111111111111111111111111111111111111112, Ge87EtsjwRQbHaqQmKRno69RFTwh9bfSsm99XNxTpump"
raydium-amm,SRM-USDC,1.71,1.71,0,,316d02c4-90b3-47a5-a066-556c993c8b66,-0.51,-3.46,-62.5,False,1.88,51755,"SRMuApVNdxXokk5GT7XD5cUUgXMBCoAz2LHeuAoKWRt, EPjFWdd5AufqSSqeM2qN1xzybapC8G4wEGGkZwyTDt1v"
raydium-amm,WSOL-EAI,4.11,4.11,0,,b5541839-b482-4cca-9e2c-2450e639aa8a,-0.83,1.29,2.64,False,1.8,51691,"So11111111111111111111111111111111111111112, 7a8JSTTMnynE689y1AvxHTywdQVFdpfdE61rPvgzpump"
kamino-liquidity,JTO-JITOSOL,13.15422,13.15422,0,,e603d205-1efb-4e45-bdc5-9669b056934b,-7.84348,0.11325,-7.26838,False,24.40646,51661,"jtojtomepa8beP8AuQc6eXt5FriJwfFMwQx2v2f9mCL, J1toso1uCk3RLmjorhTtrVwY9HJ7X8V9yYac6Y7kGCPn"
raydium-amm,WSOL-UPONLY,1.45,1.45,0,,fc11e8ae-6dbb-4b79-8c18-4a05ee0d1de5,0,-0.11,-34.4,False,0.17,51657,"So11111111111111111111111111111111111111112, 5SKLS8gvhJgAtmtmRr7SQg7NjoehutwK3vAzYPAYpump"
project-0,BULKSOL,0.11227,0.11227,0,,2962a15d-3634-4237-a378-1620af130b89,-0.00058,0.01042,0.11131,False,0,51651,BULKoNSGzxtCqzwTvg5hFJg8fx6dqZRScyXe5LYMfxrn
orca-dex,TESOURO-BRZ,0,0,0,,4605440d-7ba0-42be-8c47-56fbe4f849fe,0,0,-0.41659,False,0,51636,"BRNTNaZeTJANz9PeuD8drNbBHwGgg7ZTjiQYrFgWQ48p, BRZbFNQDcWLfcdHmAkqEVnLHCAWKTRf6eHyEaWdZp3JN"
raydium-amm,WSOL-FORK,77.5,77.5,0,,05c35043-0c9a-449a-9576-95035f0e4d8d,17.04,36.05,69.48,False,40.71,51452,"So11111111111111111111111111111111111111112, EiQFPuw5zgXQpLk5XSqvMtKTWjf5xiLRZdHftseDpump"
raydium-amm,WSOL-CHIRP,1.17,1.17,0,,25bb8fc2-d7f3-4688-a835-8a3e3f75f3da,0.05,0.05,0,False,0.63,51353,"So11111111111111111111111111111111111111112, Cy7rUZ5rK2ukitsAVVfK5Kn8t35TR417RRuURPWoRBAF"
raydium-amm,MAG-WSOL,1.22,1.22,0,,85a27b93-97bc-4bfc-9059-ff610eaca6c4,0,0,0,False,0.48,51323,"HPm64oG8eoCKuPj2MaHc1ruqdZ4Pe71UEGiUET1MtJAu, So11111111111111111111111111111111111111112"
gmtrade,TRX-USDC,62.9092,62.9092,0,,1e2a3e56-4092-4a7b-9709-b09e9503345f,11.60446,53.29011,51.57913,False,0,51158,EPjFWdd5AufqSSqeM2qN1xzybapC8G4wEGGkZwyTDt1v
raydium-amm,WSOL-52-HERTZ,0.71,0.71,0,,95e6a262-8b03-4864-a6fc-75a2510db3ea,0,-0.59,0,False,0.32,51013,"So11111111111111111111111111111111111111112, 9E4Z4iqCh68xq2MKSS5XKy3kspyS5DkssYXHVSHLq1eX"
orca-dex,TESU-USDT,0.00035,0.00035,0,,e8d54a84-e543-5029-8e5d-1cffd4e73e6b,0,0,0,False,5e-05,50994,"B1hVA1uBgDTLv9ATbgojg6QoXqmym31dc3aoXMixgfTC, Es9vMFrzaCERmJfrF4H2FYD4KCoNkY11McCe8BenwNYB"
orca-dex,USDT-NOGD,0.00097,0.00097,0,,dd6c462e-6b37-5b18-8db9-3340d53d4b0e,0,0,0,False,0.00014,50970,"Es9vMFrzaCERmJfrF4H2FYD4KCoNkY11McCe8BenwNYB, GcDSqemZUETy3FSBuBNtspbMVV4JHZy3rNVkp6Q5s55K"
raydium-amm,BORG-CLR,3.44,3.44,0,,19878a41-b2f6-4af2-9948-fa6a82534f2b,0,-3.33,0,False,1.78,50967,"3dQTr7ror2QPKQ3GbBCokJUmjErGg8kTJzdnYjNfvi3Z, CE11ARyXsqrw5ncLfPf6ZVbsqKjofF3CmUnoKNo2giia"
raydium-amm,PEPE-USDC,0.78,0.78,0,,fa0f8440-4434-47ea-89ce-3cc5dd729aec,0,0,0,False,0.1,50909,"F9CpWoyeBJfoRB8f2pBe2ZNPbPsEE76mWZWme3StsvHK, EPjFWdd5AufqSSqeM2qN1xzybapC8G4wEGGkZwyTDt1v"
raydium-amm,WSOL-ASV,17.4,17.4,0,,c5a6fdd7-5d3c-476e-8893-adb59e96d318,15.41,14.99,13.75,False,3.77,50902,"So11111111111111111111111111111111111111112, AxaTJdRuuc3626FtPWdQCMcWPH6yzgxXKWbFCZN3TMgy"
raydium-amm,WSOL-TRADEBOT,0.9,0.9,0,,7369a69c-cfbd-4f49-8cc8-2a13881d6ae9,0,0,0,False,0.37,50893,"So11111111111111111111111111111111111111112, GaRph5BcLZZ4sRh6EXKS6V7dicVanhcwa5iWEE6AbEYR"
orca-dex,ADBU-USDT,0.00724,0.00724,0,,c66deea9-94e9-5066-881d-6e05588d6731,0,0,0,False,0.00103,50890,"5LoGMk7da3iWs9c5JsDEAKN6vyBfiY3mR74RKLYF62dT, Es9vMFrzaCERmJfrF4H2FYD4KCoNkY11McCe8BenwNYB"
raydium-amm,WSOL-CHATTY,0.76,0.76,0,,386e9efe-6b09-49f1-b729-aba8d8ab5235,-0.59,0,0,False,0.24,50880,"So11111111111111111111111111111111111111112, 9EwutmiMiLHoH5hj5aCLMDJUdsLZVg926ZmDdr8Ppump"
raydium-amm,TRC20-USDT-USDC,45.43,45.43,0,,a168e263-2f78-5ea3-a4af-e0e9262a6129,7.04,0,0,False,17.39,50871,"E6Vg8HPjsqCtAdsZadbHaphHucEUFaPDTamVMn11B7ri, EPjFWdd5AufqSSqeM2qN1xzybapC8G4wEGGkZwyTDt1v"
kamino-liquidity,JLP-USDC,6.48203,6.48203,0,,a7eab2e5-91ce-4a5f-ba6e-d478ee5d391b,4.52224,-7.27062,-15.83002,False,8.81314,50806,"27G8MtK7VtTcCHkpASjSDdkWWYfoqT6ggEuKidVJidD4, EPjFWdd5AufqSSqeM2qN1xzybapC8G4wEGGkZwyTDt1v"
raydium-amm,WSOL-AET,16.22,16.22,0,,9d80aa0b-28f2-5e16-8805-621fd6e42dbf,0,0,0,False,1.33,50714,"So11111111111111111111111111111111111111112, 8oTGj75zvanYFfHp17thc4YVYcm8J1ukh4ozPUU1krF8"
orca-dex,LTC-USDT,0.00145,0.00145,0,,ded0c6a0-59c0-584f-93b4-9087c890cfab,0,0,0,False,0.00021,50337,"A8PwrLnuX7pvSMEQNxnX4LgEyFbYd1sk3eB8k2uCys5c, Es9vMFrzaCERmJfrF4H2FYD4KCoNkY11McCe8BenwNYB"
raydium-amm,WSOL-OPUS,1.02,1.02,0,,1141e2f0-dc9e-4c19-8a64-53f753cc4a1e,0,0,0,False,0.29,50319,"So11111111111111111111111111111111111111112, 9JhFqCA21MoAXs2PTaeqNQp2XngPn1PgYr2rsEVCpump"
raydium-amm,WSOL-SBR,0.88,0.88,0,,96fe40f5-34f6-4794-9f38-38a4998c0806,-1.16,0,0,False,0.39,50302,"So11111111111111111111111111111111111111112, 2HHgCLfKA5Rd1Fn9xAxfYzS3XoR5NnuxKDYz2EmWpump"
raydium-amm,WSOL-∅,1.62,1.62,0,,11cecb7c-c7d6-4c9b-83ca-90aa3d56a9ba,0.73,0.6,-38.47,False,0.72,50267,"So11111111111111111111111111111111111111112, J2bUGZDxRDpsVfjZqKwn6yYCUKFmqzHgt8UajhGtpump"
raydium-amm,USDC-XMR,24.67,24.67,0,,339282e2-374b-5bb3-92f3-bdb20d5634f8,0,0,0,False,2.88,50215,"EPjFWdd5AufqSSqeM2qN1xzybapC8G4wEGGkZwyTDt1v, EPmf8G567T7fUjZ7LdoYf1czyQGLjnvXoZfL92cmdRTt"
kamino-liquidity,SOL-USDT,0,0,0,,afed73ea-c61f-44a4-931b-c36168772425,-3.30888,0,0,False,7.05893,50196,"So11111111111111111111111111111111111111112, Es9vMFrzaCERmJfrF4H2FYD4KCoNkY11McCe8BenwNYB"
raydium-amm,XMR-USDC,23.31,23.31,0,,6f9cb9aa-2a9f-5fbc-bddf-1d0762e8e013,3.16,0,0,False,2.08,50158,"5kvNrqiodahyAEtSPC1kWvSm1MLhTeaVnTKtZ15JXgaj, EPjFWdd5AufqSSqeM2qN1xzybapC8G4wEGGkZwyTDt1v"
orca-dex,-USDT,0.00044,0.00044,0,,2363f561-643e-59ae-9ecd-1e832eb5711c,0,0,0,False,6e-05,50094,"6EAjWADcza47cAq6yFV5RowRiihF4DrGaxzksnCTfGHD, Es9vMFrzaCERmJfrF4H2FYD4KCoNkY11McCe8BenwNYB"
raydium-amm,XMR-USDC,8.97,8.97,0,,1dac12ff-e1ef-5df1-b158-20fe6515cc2c,0,0,0,False,0.74,50039,"92TsGfwXjCn8PtF1J2RpKcuwdasHFPZ5DuZp6Vd1GzBP, EPjFWdd5AufqSSqeM2qN1xzybapC8G4wEGGkZwyTDt1v"
raydium-amm,XLM-USDC,24.64,24.64,0,,eecc66b5-2c68-56b6-afce-c3667955dbab,0,-0.71,0,False,4.61,50034,"75XGvQssDnKPgW9mhWpFYKwEjDcHghQRVN5KFxvksag2, EPjFWdd5AufqSSqeM2qN1xzybapC8G4wEGGkZwyTDt1v"
orca-dex,MƆ-USDC,0.07672,0.07672,0,,a7317b98-2261-5945-a061-37f1c8d7317f,0,0,0,False,0.01096,50033,"2HAqMSoC72cvTX98EiC8NB7ofq6FUN4YLaw7SrMi3fXT, EPjFWdd5AufqSSqeM2qN1xzybapC8G4wEGGkZwyTDt1v"
raydium-amm,USDC-XMR,3.65,3.65,0,,986272e5-c8b6-5910-b6ac-3b6b9a1f7489,0,0,0,False,0.3,50026,"EPjFWdd5AufqSSqeM2qN1xzybapC8G4wEGGkZwyTDt1v, G3qP648K1Qz4CL5XcbmbM7C1uFRUHVSbighU8xp1KB8x"
raydium-amm,SOL-USDT-USDC,31.99,31.99,0,,37c314ba-4670-55c1-8002-5f7e8ec9601a,0,8.42,0,False,6.1,50024,"DJHaWMXwHhsASSNfJuabMhwKfcNRoRi4a34fuDtpr5SN, EPjFWdd5AufqSSqeM2qN1xzybapC8G4wEGGkZwyTDt1v"
raydium-amm,WSOL-FAT,1,1,0,,ca268346-f7bf-4ac8-9ddd-d4e624e7bf6c,0,0,-0.53,False,0.15,50007,"So11111111111111111111111111111111111111112, 5LJMJyR8MtAkbtpf8kFUV7S9oFG3xaGDdcnFxYt9pump"
raydium-amm,RLUSD-USDC,27.94,27.94,0,,4710f68c-1e6e-5856-a0a8-b820bcb180aa,0,4.36,0,True,7.2,49998,"7YX36jWsT7xWnGNvZipqcsUX8T8FUau4eLzA7S7DMdCn, EPjFWdd5AufqSSqeM2qN1xzybapC8G4wEGGkZwyTDt1v"
raydium-amm,XMR-USDC,25.51,25.51,0,,e65f8e7a-78c0-515b-bfe9-8e8190773f09,0,0,0,False,2.7,49997,"9kL5N4siabiLWsNKwH6whFhDygk4yvaJsWepyreqDqRe, EPjFWdd5AufqSSqeM2qN1xzybapC8G4wEGGkZwyTDt1v"
raydium-amm,CARDS-USDC,5.1,5.1,0,,8592cef9-efea-492b-8b9a-e46d640d871e,0,-26.89,-725.52,False,11.21,49947,"CARDSccUMFKoPRZxt5vt3ksUbxEFEcnZ3H2pd3dKxYjp, EPjFWdd5AufqSSqeM2qN1xzybapC8G4wEGGkZwyTDt1v"
raydium-amm,POLIS-RAY,4.07,4.07,0,,c2a7faa7-b923-4565-ae56-a45354212291,-2.04,-48.87,-5.85,False,8.81,49751,"poLisWXnNRwC6oBu1vHiuKQzFjGL4XDSu4g9qjz9qVk, 4k3Dyjzvzp8eMZWUXbBCjEvwSkkk59S5iCNLY3QrkX6R"
raydium-amm,WSOL-VLAD,6.93,6.93,0,,88c6933f-ed03-5f2e-a99d-f32b2da530f0,0,0,0,False,0.57,49648,"So11111111111111111111111111111111111111112, BtrTyjmF75EEM17r2vvKgdinup4LJfNHBmk9jFVsvWE8"
raydium-amm,WSOL-WOOLLY,0.83,0.83,0,,9e4385bd-7317-44cc-9c55-394b651b72f0,-1.03,-0.89,-16.6,False,0.59,49542,"So11111111111111111111111111111111111111112, 47NF9q76FaLAbZQmBaHeeUWYsEn4Rt4qjmh1oACipump"
raydium-amm,WSOL-KOLIN,0.95,0.95,0,,50afd3ac-c00b-4f10-9def-dfb627e9dc61,0,0,0,False,0.16,49516,"So11111111111111111111111111111111111111112, 4q3Z58YxrZEAVMLtMwnm7eHtodSD3LSpSNt3pDnqpump"
raydium-amm,RCODE-WSOL,13.35,13.35,0,,32e48e38-5201-4c0c-97b0-7620a086a0b9,0,9.84,-2352.09,False,3.69,49434,"rcVn9kGpyoFThqX8kUPUB3gNSrKdevvh9zT643tWTWh, So11111111111111111111111111111111111111112"
raydium-amm,WSOL-NOHAT,2.38,2.38,0,,201a05a6-6395-445d-b3e1-8165adaf9d02,0,0,0,False,0.2,49319,"So11111111111111111111111111111111111111112, 5BKTP1cWao5dhr8tkKcfPW9mWkKtuheMEAU6nih2jSX"
raydium-amm,WSOL-WINTER,2.54,2.54,0,,386fb2b7-ea24-4887-8fa0-df73352ce506,-5.76,-0.87,0,False,1.29,49312,"So11111111111111111111111111111111111111112, 4j2gUEmfbSAacvSSd6yXo8yEzXCAUVeoXrqLVV3apump"
raydium-amm,RAY-SRM,1.09,1.09,0,,e9ba99bb-2911-4df6-a459-20106fd97a3b,-1.05,-4.32,-51.94,False,1.8,49306,"4k3Dyjzvzp8eMZWUXbBCjEvwSkkk59S5iCNLY3QrkX6R, SRMuApVNdxXokk5GT7XD5cUUgXMBCoAz2LHeuAoKWRt"
raydium-amm,WSOL-AGIXT,3.04,3.04,0,,9651e8a4-228c-4a29-a7a4-ad050236f7c9,0,0,0,False,0.32,49250,"So11111111111111111111111111111111111111112, F9TgEJLLRUKDRF16HgjUCdJfJ5BK6ucyiW8uJxVPpump"
orca-dex,PLONK-SOL,0,0,0,,115c5a17-d208-4bd2-9702-2e59b6854e02,0,0,0,False,0,49109,"PLKeBs17gbBKAbp9rjMMhP8rs6dKA3KWpvxbEdZyiTB, So11111111111111111111111111111111111111112"
raydium-amm,WSOL-ZODS,1.35,1.35,0,,20e46f45-4c9e-4098-a9ec-1967b5a5c457,-6.35,-4.67,0,False,4.11,49096,"So11111111111111111111111111111111111111112, J1ow1c3ExcJYQmgNFRPfCp1LMYRf6P3A33isDcBmpump"
raydium-amm,WSOL-DOGSHIT2,1.5,1.5,0,,3dfa3893-8625-438e-b9ff-3ab327cd31b3,-1.5,-0.36,-0.92,False,0.46,49023,"So11111111111111111111111111111111111111112, BXebtR4k2WiaZ1HJmxcZkoCdxSBx1g1xnEpVra9Ppump"
raydium-amm,WSOL-ORG,1.59,1.59,0,,5fe9a75b-a77a-46ee-a2c0-e9eaa09c5821,-2.43,-1.32,0.07,False,1.69,49018,"So11111111111111111111111111111111111111112, DuXugm4oTXrGDopgxgudyhboaf6uUg1GVbJ6jk6qbonk"
orca-dex,BCH-USDT,1.84421,1.84421,0,,6907ab39-e72b-5f5e-b257-e077f2b3c6c1,0,0,0,False,0.26346,49014,"DmZTqn4zANeNr21RLdu5xLvfwtKQaDSrRKv8v4b75UDL, Es9vMFrzaCERmJfrF4H2FYD4KCoNkY11McCe8BenwNYB"
raydium-amm,WSOL-GROKCOIN,0.83,0.83,0,,6b88ee87-9038-486b-bd18-3b6789b92248,-0.67,0,-1.53,False,0.38,49002,"So11111111111111111111111111111111111111112, 3MadWqcN9cSrULn8ikDnan9mF3znoQmBPXtVy6BfSTDB"
orca-dex,HSUSD-USDC,0.00101,0.00101,0,,d99f9fd7-2560-48c4-918d-619fcea23923,-0.00234,-0.0147,-0.00381,True,0.0101,48963,"4FVaHEubcqws8hKwJSiW8f8CmKGUyMsBxTKUytcGdRvd, EPjFWdd5AufqSSqeM2qN1xzybapC8G4wEGGkZwyTDt1v"
raydium-amm,WSOL-SHITCOIN,0.95,0.95,0,,9d01b552-1770-4f73-b889-d336becf7e1a,0,-1.9,0,False,0.75,48885,"So11111111111111111111111111111111111111112, 42PZx7bPF1EMnP9L7vcjihTx7Nryxh81GG9Xs6fdpump"
orca-dex,JUP-USDC,3.81755,3.81755,0,,dc885455-2ca1-4103-8a09-9491169610fd,-5.11383,-5.49186,-52.60665,False,8.46671,48744,"JUPyiwrYJFskUPiHa7hkeR8VUtAeFoSYbKedZNsDvCN, EPjFWdd5AufqSSqeM2qN1xzybapC8G4wEGGkZwyTDt1v"
raydium-amm,WSOL-QBIO,0.95,0.95,0,,ccb4bc2e-d81b-4280-98a6-18219b5beffc,-0.88,0,0,False,0.82,48626,"So11111111111111111111111111111111111111112, qbioCGDnUBGX5qcK1Fc4zg19GaQEPmxHFMPMZQm4LZ8"
raydium-amm,WSOL-GOKU,0.89,0.89,0,,9123030a-4443-4631-ac5c-099ebee89a8e,0,-1.11,0,False,0.6,48605,"So11111111111111111111111111111111111111112, 6W8FHYE6jnw1dktabRRiZpQRQFPSFhTeLczdvBNPzVeo"
raydium-amm,WSOL-BOP,28.64,28.64,0,,3fb5961f-6e0c-4717-80d8-85887c0b28f0,16.14,-1.45,25.73,False,5.18,48460,"So11111111111111111111111111111111111111112, F5hqdbykXuksp8P78CAZenSvpPShAYKrP2U2MiZMdgFN"
orca-dex,COONCOIN-USDC,0,0,0,,79074837-9229-511f-977d-130e86b3170a,0,0,0,False,0.33217,48396,"7PD4cK33diebdvARGhmzXJJmTwnJVk2p9UpwVjNESodU, EPjFWdd5AufqSSqeM2qN1xzybapC8G4wEGGkZwyTDt1v"
raydium-amm,WSOL-GRINCH,1,1,0,,5c3eb65e-fea5-4ee0-9ef2-afb2ffef78a3,0,-0.49,-2.89,False,1.17,48272,"So11111111111111111111111111111111111111112, F2JLbzaA8tavGNpJSYGinXth3JEB8xrPXDwJ78sTpump"
gmtrade,TRUMP-USDC,63.70542,63.70542,0,,77e80a85-874c-4fb0-8903-61052a65feba,-4.44716,44.36228,11.05978,False,0,48241,EPjFWdd5AufqSSqeM2qN1xzybapC8G4wEGGkZwyTDt1v
orca-dex,CBAY-CCC,0,0,0,,959b812f-76c3-4fc2-bccc-bcc9811aca3a,0,0,0,False,0,48178,"8cFj6QHhoXPC6UpCHXewQFfTCJGAyWdiqWAFu1s3YSau, EdemxjodDCT7qAfUHean215Kqag5MKAHr9HwvHGCWB9W"
raydium-amm,AVEN-USDT,1.14,1.14,0,,86581a15-c8db-526b-9170-7b9cfb192df1,0,0,0,False,0.49,48100,"gCMY7ydkBAfAdG3FQsMacdXFU3e5UPBuchxRm4JAVEN, Es9vMFrzaCERmJfrF4H2FYD4KCoNkY11McCe8BenwNYB"
orca-dex,MOUSE-USDC,0.07988,0.07988,0,,58009d07-ae11-5333-a9c7-a17a786eab87,0,0,0,True,0.01141,48020,"EAwehzZws9sgFkxmrzcveFguXF7LfBQfXyju4N2ZTUwt, EPjFWdd5AufqSSqeM2qN1xzybapC8G4wEGGkZwyTDt1v"
orca-dex,NEURON-USDC,0.08073,0.08073,0,,36ed9db6-d9a8-5444-9404-986e49ab7787,0,0,0,True,0.01153,47636,"AcVdN4Vd1S2AhpqWPjvvTfEF4kYiYCqRFfrgh7QLJTVN, EPjFWdd5AufqSSqeM2qN1xzybapC8G4wEGGkZwyTDt1v"
orca-dex,ㅤ-USDC,0.08059,0.08059,0,,f94683e1-0bb1-5ad8-a76f-4a6a0e1b2e74,0,0,0,False,0.01151,47599,"3JVvMisp5xQw12qrNTSNLZYd81C1Hm99nTuFkWvXZjUQ, EPjFWdd5AufqSSqeM2qN1xzybapC8G4wEGGkZwyTDt1v"
raydium-amm,WSOL-MOSS,1.03,1.03,0,,1c91df5f-6ab9-49de-a482-19a010bd75fb,0,0,0,False,0.56,47529,"So11111111111111111111111111111111111111112, 9bNUjxEvygayUE2ZRN5zh9Hhjh6cN6GPK4zoHzXXpump"
raydium-amm,SPDR-WSOL,1.06,1.06,0,,8e146cda-f789-4f34-9129-531c09dec990,0,-0.38,-0.56,False,0.7,47526,"AT79ReYU9XtHUTF5vM6Q4oa9K8w7918Fp5SU7G1MDMQY, So11111111111111111111111111111111111111112"
raydium-amm,WSOL-KNOT,6.92,6.92,0,,e125bef3-d038-4876-bd3a-35f2debb1aeb,-2.83,-1.73,-7.06,False,3.57,47450,"So11111111111111111111111111111111111111112, 7RDvypx3p9EWq4nZZKux1ZQAc7DUWXpHTVKxCCnupump"
orca-dex,SOL-GRASS,61.09916,61.09916,0,,4dea25ec-019b-4843-b7aa-bc12b4b0af95,-47.10389,-57.13784,-564.09171,False,110.91724,47409,"So11111111111111111111111111111111111111112, Grass7B4RdKfBCjTKgSqnXkqjwiGvQyFbuSCUJr3XXjs"
raydium-amm,WSOL-IDX,7.48,7.48,0,,11a6e4f6-ef5b-4f06-9c69-8175214837bc,-25.24,-19.84,-1.44,False,16.19,47313,"So11111111111111111111111111111111111111112, BKzTtgn5th95fAF6m6XcDq211kzaUqwCnsqtWrE2gFWX"
raydium-amm,WSOL-MAIL,1.08,1.08,0,,12498dc9-c1b6-425b-a671-645b98e3fdab,0,0,0,False,0.39,47256,"So11111111111111111111111111111111111111112, C8cNX2D1y3jqKpMFkQhP1gGbfvTEdeckZXLBKSN5z5KF"
raydium-amm,WSOL-VIBE,1.07,1.07,0,,ba72e1d8-52e7-49b4-8543-8e1f8433e9b3,0,-2.53,-0.79,False,1.83,47088,"So11111111111111111111111111111111111111112, 8tSeXYSXzFvaDX1nbWrEFFaFuPHuWqpzksKYxQPvpump"
kamino-liquidity,JUP-BONK,14.80925,14.80925,0,,3a00c58b-bb16-46d3-a2de-1559c014f4c1,5.26375,-469.9932,-23.63378,False,20.67516,47021,"JUPyiwrYJFskUPiHa7hkeR8VUtAeFoSYbKedZNsDvCN, DezXAZ8z7PnrnRJjz3wXBoRgixCa6xjnB7YaB1pPB263"
kamino-lend,HUBSOL,0,0,0,,18958c66-ce44-4a60-a7c0-4c8a8fa3c51c,0,0,0,False,0,46985,HUBsveNpjo5pWqNkH57QzxjQASdTVXcSK7bVKTSZtcSX
orca-dex,CSDNCIJSND-USDC,0,0,0,,a656fbb2-280b-503a-a9c5-03236fb31966,0,-0.00035,0,False,0.34528,46883,"wd8JMXiAzUyh5BPu1naB7VUj37USdLGT8FMzxeSgjw6, EPjFWdd5AufqSSqeM2qN1xzybapC8G4wEGGkZwyTDt1v"
raydium-amm,WSOL-AET,3.28,3.28,0,,2af40b0b-70c0-526a-abd2-c223346b86f1,0,0,0,False,0.27,46816,"So11111111111111111111111111111111111111112, AmumBRYnqKQNRUJJF6M7dnZxSc1ZjZSMnPcMJWwv8W8A"
raydium-amm,MSOL-USDT,0.96,0.96,0,,e37b896b-e9a9-4e12-90a4-3e412bb862f7,-0.97,-0.28,-8.68,False,1,46812,"mSoLzYCxHdYgdzU16g5QSh3i5K3z3KZK7ytfqcJm7So, Es9vMFrzaCERmJfrF4H2FYD4KCoNkY11McCe8BenwNYB"
raydium-amm,WSOL-SOBA,0.91,0.91,0,,e3b4728f-78c7-442a-8a2f-c55a4a082f90,-1.82,0,0,False,0.8,46781,"So11111111111111111111111111111111111111112, 25p2BoNp6qrJH5As6ek6H7Ei495oSkyZd3tGb97sqFmH"
orca-dex,SOL-VCHF,0,0,0,,151f7d8b-8eff-49f5-9acb-a572213dfebe,0,0,0,False,0,46754,"So11111111111111111111111111111111111111112, AhhdRu5YZdjVkKR3wbnUDaymVQL2ucjMQ63sZ3LFHsch"
orca-dex,IRRADIMUS-USDC,0,0,0,,4327c5dc-1a6e-5869-ac7d-eaf8da315a53,-0.0019,0,0,False,0.34639,46584,"AJBn9f5q3KjWZ9JrnPCef2RT5oYCvf8eEj7cjZtXD1RQ, EPjFWdd5AufqSSqeM2qN1xzybapC8G4wEGGkZwyTDt1v"
raydium-amm,PLTRX-USDC,3.52,3.52,0,,d3d573d4-6dc6-48e2-8ec7-685e55e0f48d,-12.88,-4.57,-105.82,False,16.29,46562,"XsoBhf2ufR8fTyNSjqfU71DYGaE6Z3SUGAidpzriAA4, EPjFWdd5AufqSSqeM2qN1xzybapC8G4wEGGkZwyTDt1v"
loopscale,USX,6.07287,6.07287,0,,446ac7d7-ee2b-47f1-a478-65fd0ba604fd,0.04431,0.37689,0.42588,True,0,46541,6FrrzDk5mQARGc1TDYoyVnSyRdds1t4PbtohCD6p3tgG
raydium-amm,BINGUS-WSOL,0.85,0.85,0,,d7739c51-d0c6-42c6-ba59-688757b991d3,0,-0.34,0,False,2.31,46533,"AQuuQ4xktyzGBFnbKHnYsXHxsKVQetAoiPeCEG97NUJw, So11111111111111111111111111111111111111112"
orca-dex,FOMO-USDC,5e-05,5e-05,0,,6b65f95c-068a-59c3-bc2e-e68e912e75be,-0.08249,0,0,False,0.0118,46432,"7ddQPTjcgDfhB9RBFoXMEfdMBEVnRBDQHqMHbnNfHisY, EPjFWdd5AufqSSqeM2qN1xzybapC8G4wEGGkZwyTDt1v"
kamino-lend,CDCSOL,0,0,0,,2a7e3d6c-26c0-4d71-b904-97a30bb723f2,0,0,0,False,0,46426,CDCSoLckzozyktpAp9FWT3w92KFJVEUxAU7cNu2Jn3aX
orca-dex,USDC-ㅤ,0.08315,0.08315,0,,621c5003-91f5-5ff7-97f0-4a89a3cbbf2f,0,0,0,False,0.01188,46409,"EPjFWdd5AufqSSqeM2qN1xzybapC8G4wEGGkZwyTDt1v, HJ1KAdwYxeHcB9tHJoL3koRqDN9qkypSywXakFc9LgQq"
orca-dex,SOL-EURC,1.6032,1.6032,0,,cd55f932-83ba-47be-a882-dbaa9f99cd84,-32.90133,1.6032,-301.90295,False,11.26153,46383,"So11111111111111111111111111111111111111112, HzwqbKZw8HxMN6bF2yFZNrht3c2iXXzpKcFu7uBEDKtr"
raydium-amm,WSOL-GM,0.97,0.97,0,,7253cf09-7ab1-4563-aa44-47ad35d172ea,-1.2,0,-1.93,False,0.29,46339,"So11111111111111111111111111111111111111112, 4aL5GLRuzsnJjJWNdXK7TPTVpGhP6PyV4ZhyQiyxpump"
raydium-amm,WSOL-MUNDI,1.61,1.61,0,,34d2ef92-9159-4e8f-926c-2396380f5102,0.47,0,-0.04,False,0.47,46330,"So11111111111111111111111111111111111111112, 4BBjpGwLgGmUxtT82YFK9xMhcvyy3zgf3HpxTRip1YoU"
kamino-lend,USDC,6.23015,6.23015,0,,90cbffae-8113-4ebe-ac60-c71278849f77,-0.02378,6.04877,6.23015,True,0,46326,EPjFWdd5AufqSSqeM2qN1xzybapC8G4wEGGkZwyTDt1v
omnipair,OMFG-STORE,4.55308,4.55308,0,,9e4cbf77-c7ed-4f36-8a11-616998f8511a,0.19271,0.34334,1.06422,False,0,46184,"omfgRBnxHsNJh6YeGbGAmWenNkenzsXyBXm3WDhmeta, storenSbvkfzircixnaosc5CbzNZVrHJ6S3EKrS1yqR"
raydium-amm,ELGATO-WSOL,1.05,1.05,0,,dcc78bd0-39fa-48ce-809e-8bb1269d73e0,0,0.1,0,False,0.93,46153,"F47vvwFYuLioQsqEVAjqdY6Yihc8wVRiUcfHGcBR9XUs, So11111111111111111111111111111111111111112"
raydium-amm,WSOL-WALTER,1.02,1.02,0,,6dbbdb18-c269-4fbb-bb86-53e427cd487b,0,0,0,False,0.21,46123,"So11111111111111111111111111111111111111112, FV56CmR7fhEyPkymKfmviKV48uPo51ti9kAxssQqTDLu"
orca-dex,MƆ-USDC,0.08354,0.08354,0,,bc73866c-a1b3-5ddc-9309-09fae5cfa700,0,0,0,False,0.01193,46035,"4MySRZtF1Tdc3FGPdGrnyCEFJZVZVUXnrq8D1CgP7br4, EPjFWdd5AufqSSqeM2qN1xzybapC8G4wEGGkZwyTDt1v"
raydium-amm,WSOL-AET,3.66,3.66,0,,f1a9757f-14d2-56ce-996c-2b7e57edad7d,0,0,0,False,0.3,46005,"So11111111111111111111111111111111111111112, 98UhxvsTyJYBWTi8TGkSPCJM3qBAcQMYUN3cSK1fpcEB"
raydium-amm,WSOL-BWT,1.17,1.17,0,,174eb27c-e40f-498c-8f42-f57238d3f7ec,0,0,0,False,0.16,45690,"So11111111111111111111111111111111111111112, EmBBhcqgm2acaXv9dXQFyDZDkhL4YMoWnGdHaMQJpump"
raydium-amm,WSOL-DRUGS,7.15,7.15,0,,e6a52eeb-1c9e-415a-8b18-8cf68fbbf879,0.61,0,4.6,False,3.06,45659,"So11111111111111111111111111111111111111112, CX9YDTED9TWgVXVoFy8JL9gSSAEWcTv4mzjLSv17LQsj"
orca-dex,DEUS-USDC,11.47727,11.47727,0,,98da3cf1-544a-4484-aac7-607d1259a2b9,10.02887,5.08987,-215.19797,False,29.85118,45574,"7JoGUTeaXkjcMGa6xJP2idYNYiLreto1WnsACHnpw3Gd, EPjFWdd5AufqSSqeM2qN1xzybapC8G4wEGGkZwyTDt1v"
raydium-amm,GINNAN-WSOL,0.77,0.77,0,,dd77dc5e-0091-4f5e-b164-97937af5986f,0,-0.48,-0.9,False,0.45,45553,"GinNabffZL4fUj9Vactxha74GDAW8kDPGaHqMtMzps2f, So11111111111111111111111111111111111111112"
raydium-amm,MOO-WSOL,7.58,7.58,0,,d221a76e-1fb8-488d-b694-6789331cb995,0.27,5.81,-6.92,False,3.63,45443,"JJ4QpqUYzs9LUPrF6uJKQbkA4ofSnvkwQ3RBcVLFSjd, So11111111111111111111111111111111111111112"
raydium-amm,JUP-PYTH,8.29,8.29,0,,8b8043de-52f3-4c1f-bee6-20a2e02cd603,0.16,-7.42,0,False,7.67,45402,"JUPyiwrYJFskUPiHa7hkeR8VUtAeFoSYbKedZNsDvCN, HZ1JovNiVvGrGNiiYvEozEVgZ58xaU3RKwX8eACQBCt3"
raydium-amm,KVAI-USDC,18.78,18.78,0,,9c0cfd87-e74c-4206-8ebf-6016bec4ac50,0.22,9.82,0.87,True,6.61,45384,"KVAiNjgNza7Kw8KmQ6TBFcYDfBfKwcUBrLmsG3vNYXN, EPjFWdd5AufqSSqeM2qN1xzybapC8G4wEGGkZwyTDt1v"
raydium-amm,WSOL-MIMANY,0.8,0.8,0,,c0602644-c308-4937-a297-e814f73d1c6b,0,-0.72,0,False,0.59,45335,"So11111111111111111111111111111111111111112, 3Rcc6tMyS7ZEa29dxV4g3J5StorS9J1dn98gd42pZTk1"
raydium-amm,WSOL-KOLSCAN,1.16,1.16,0,,371ee7e0-da51-41f5-9ea2-54abfe744451,0,0,0,False,0.22,45259,"So11111111111111111111111111111111111111112, 6jTQCFZR8JwvvenVGa3RzGM3a5YEagk9kQXDpHHdpump"
orca-dex,SOL-SAC,0,0,0,,4709a739-840f-451c-b67c-d51e74828cee,-0.13616,-0.18889,0,False,3.30593,45033,"So11111111111111111111111111111111111111112, Fntdgqhz4tbX1RNKKk47uEBrhnzvJsMYi4DHCu9utJu9"
raydium-amm,WSOL-BRUV,1.14,1.14,0,,8307871d-c6f2-45e2-b196-635278055271,0,-3.67,-0.61,False,2.25,44888,"So11111111111111111111111111111111111111112, nFXLang7pEKP9gyEmkuVhGTByhPd3Soa1pA7Q8Lpump"
raydium-amm,WSOL-PIZZA,0.91,0.91,0,,d6d848fb-9117-4a04-a48c-4c5d54c6dad1,-1.19,0,0,False,0.59,44871,"So11111111111111111111111111111111111111112, 4AkCN6KLeCmUDjWLg4XyQpuZuWtwBdPcbtBQjsA2pump"
raydium-amm,KAMA-WSOL,6.8,6.8,0,,47c61fd2-2e16-4f7d-9da7-861f3942d411,4.11,4.91,4.07,False,1.19,44819,"HnKkzR1YtFbUUxM6g3iVRS2RY68KHhGV7bNdfF1GCsJB, So11111111111111111111111111111111111111112"
raydium-amm,WBTC-TBTC,0.05,0.05,0,,4fd5c216-b77c-4e71-a861-22a4b1a8a7bc,-0.02,-0.26,0,False,0.08,44798,"3NZ9JMVBmGAqocybic2c7LQCJScmgsAZ6vQqTDzcqmJh, 6DNSN2BJsaPFdFFc1zP37kkeNe4Usc1Sqkzr9C9vPWcU"
gmtrade,WGMX-USDC,39.5304,39.5304,0,,7d1cb03b-ba8d-4db1-ad10-57b30fa368ee,4.87005,8.3577,32.08746,False,0,44791,"9wX6Qz1Y5YQe71dfnFYFfZYXZhKqjYKQwdqfrRkmYUSX, EPjFWdd5AufqSSqeM2qN1xzybapC8G4wEGGkZwyTDt1v"
orca-dex,SOL-FAMOY,2.33435,2.33435,0,,48f13604-60e5-5788-b2d2-95514e6176d7,0,0,0,False,0.33348,44773,"So11111111111111111111111111111111111111112, 6fyikqf6ti7Bk8D8bTwjRSe3CVgPQ3CDqVSWmVU17Ufu"
raydium-amm,WSOL-LOL,1.05,1.05,0,,053f1897-189b-4236-a735-0c3c54ab073f,0,0,0,False,0.47,44747,"So11111111111111111111111111111111111111112, LoL1RDQiUfifC2BX28xaef6r2G8ES8SEzgrzThJemMv"
raydium-amm,SEIGE-CHUD,4.18,4.18,0,,40e2f792-c8b1-48be-b5d6-351ccebb1d09,0,0,0,False,0.58,44695,"HipYKXiDh3Kjd1jb7ji6jCEsKQMSGWiFJMdtvH8yb5r, 6yjNqPzTSanBWSa6dxVEgTjePXBrZ2FoHLDQwYwEsyM6"
orca-dex,MOUSE-USDC,0.42952,0.42952,0,,675d031d-0baa-5807-9373-1861a73d8aa9,0,0,0,True,0.06136,44662,"6CKQWSsdCEYBjwJTss7GYYBj7KGENcLM1s33QwKQAJhC, EPjFWdd5AufqSSqeM2qN1xzybapC8G4wEGGkZwyTDt1v"
orca-dex,POPCAT-SJ,3.46427,3.46427,0,,92892385-4ba9-44ca-86c3-2a1268fca0d3,0.23762,1.02461,0,False,3.32944,44661,"7GCihgDB8fe6KNjn2MYtkzZcRjQy3t9GHdC8uHYmW2hr, FKU35pM9FujrBMkMDXM7QpZ1Xxcfodw64S1rcvY92mCq"
raydium-amm,HUND-WSOL,0.84,0.84,0,,73273f94-252e-4aca-81c9-818d1e944f90,0,-0.45,0,False,1.18,44653,"2XPqoKfJitk8YcMDGBKy7CMzRRyF2X9PniZeCykDUZev, So11111111111111111111111111111111111111112"
orca-dex,SOL-MON,67.07121,67.07121,0,,c1fd5822-df73-4241-8fbb-575a3325ffb8,3.60202,43.7862,-79.12248,False,95.87265,44574,"So11111111111111111111111111111111111111112, CrAr4RRJMBVwRsZtT62pEhfA9H5utymC2mVx8e7FreP2"
raydium-amm,WSOL-PIAI,1.16,1.16,0,,ec6994d4-816d-4441-b460-8e382b9b4049,0,0,-2.02,False,0.52,44526,"So11111111111111111111111111111111111111112, B7NPUGvxC8BUF5a8BdxurBNxCjV3HwyN6DaRivtqNAjB"
raydium-amm,CGPT-USDC,0.97,0.97,0,,84696d6a-5115-44ae-aef9-a37e63234224,-1.29,-0.23,-10.4,False,2.14,44406,"CCDfDXZxzZtkZLuhY48gyKdXc5KywqpR8xEVHHh8ck1G, EPjFWdd5AufqSSqeM2qN1xzybapC8G4wEGGkZwyTDt1v"
raydium-amm,WSOL-SCHIZO,1.33,1.33,0,,e7b57b83-2e40-4fbb-8ca6-1873dc4d0bcd,0,0,-0.41,False,0.19,44294,"So11111111111111111111111111111111111111112, 8sWKTMrh9bWUrvykK4H3jzEzGbEqvJNpS2f7joYKpump"
raydium-amm,WSOL-SOLMIX,9.35,9.35,0,,d31f7ee0-cca8-5c9c-ab69-f2d87fba0d6e,-3.11,8.22,0,False,5.41,44259,"So11111111111111111111111111111111111111112, 9EC42bkGbnANjn6J8F59Ku4guthztn69osyu2wtEsLzF"
raydium-amm,WSOL-BLINK,0.86,0.86,0,,2cb50648-a334-4b30-a580-4b3e49c565bf,0,-1.24,0,False,0.31,44250,"So11111111111111111111111111111111111111112, b1nkm6skdrwXoMku8CVx8Fk4LfC2jAqxV3m9VDNjYqz"
save,RAY,0,0,0,,0033f459-6353-4094-91bd-6998858a4d78,0,-0.17,-0.2,False,0,44220,4k3Dyjzvzp8eMZWUXbBCjEvwSkkk59S5iCNLY3QrkX6R
raydium-amm,WSOL-LOU,1.89,1.89,0,,743521e3-1104-4c5f-8216-d8c1b9bf6b63,-5.37,0.22,0,False,1.9,44122,"So11111111111111111111111111111111111111112, 5DQSDg6SGkbsbykq4mQstpcL4d5raEHc6rY7LgBwpump"
raydium-amm,PAJAMAS-WSOL,0.77,0.77,0,,d335a9bc-9038-42cb-8977-8ac7f2195797,0,0,0,False,0.14,43885,"FvER7SsvY5GqAMawf7Qfb5MnUUmDdbPNPg4nCa4zHoLw, So11111111111111111111111111111111111111112"
raydium-amm,WSOL-HK0700,1.46,1.46,0,,8588bb0f-aa9b-53ce-9db0-4814b208c6ba,0,0,0,False,0.12,43865,"So11111111111111111111111111111111111111112, 8LVJicDDKDGZ3XjhC4Uf34nBKy56qN9BWMKwpZ3cCPbD"
raydium-amm,WSOL-AET,1.34,1.34,0,,0de2d75f-2de9-5c05-bbe9-a0556c615654,0,0,0,False,0.11,43860,"So11111111111111111111111111111111111111112, E47eSTEeMDfk2HrvF5gNUUakebpMUR3PFBeVUXP8b7XW"
orca-dex,KING-USDC,0,0,0,,0477e1c5-a036-539a-b21d-08a0b01ba513,-2.63963,0,0,False,0.37709,43698,"4RZDh2Macy9xi5NQxFg7V6VszWvePKr6dyxvHKr6Hogp, EPjFWdd5AufqSSqeM2qN1xzybapC8G4wEGGkZwyTDt1v"
raydium-amm,WSOL-JIM,6.96,6.96,0,,b4644af7-c38b-4d51-a4bf-aabeeeb5a983,0,0,0,False,2.86,43695,"So11111111111111111111111111111111111111112, H9muD33usLGYv1tHvxCVpFwwVSn27x67tBQYH1ANbonk"
loopscale,HYUSD,6.0792,6.0792,0,,da576830-547b-4119-a0aa-6e837fcc5b47,-0.05672,-0.10393,3.67089,True,0,43693,5YMkXAYccHSGnHn9nob9xEvv6Pvka9DZWH7nTbotTu9E
orca-dex,USDC-NYAMITTO,0,0,0,,b5941a72-b454-5789-83da-9d5bcfcdb96e,0,0,0,False,0.00012,43692,"EPjFWdd5AufqSSqeM2qN1xzybapC8G4wEGGkZwyTDt1v, GFF5G4ZgxaNoExFETGybEbRMvP9miCHNtsUvzE7oFrmk"
orca-dex,MSOL-JLP,0.17903,0.17903,0,,9327e81f-81eb-4fd0-b8fb-a348b6c4f882,-0.48885,-0.03387,-2.84407,False,0.47582,43663,"mSoLzYCxHdYgdzU16g5QSh3i5K3z3KZK7ytfqcJm7So, 27G8MtK7VtTcCHkpASjSDdkWWYfoqT6ggEuKidVJidD4"
raydium-amm,WSOL-BASED,1.01,1.01,0,,112a96d8-cae7-4a95-8bef-87d6b7f16f8e,0,-0.37,0,False,0.49,43506,"So11111111111111111111111111111111111111112, Em4rcuhX6STfB7mxb66dUXDmZPYCjDiQFthvzSzpump"
raydium-amm,WSOL-TRI,6.83,6.83,0,,ce65e05b-87e2-5206-b7ba-8adfebe55e80,-11.82,1.19,0,False,3.61,43492,"So11111111111111111111111111111111111111112, 7DwgZ5gYsvau1v7seUJiV4Si5hjso16A7S5H1458i363"
raydium-amm,OUYI-USDT,0.89,0.89,0,,4179e4ab-1cd8-597b-ba21-99c86507aafb,0,0,0,False,0.07,43243,"7nJLUyGgBwmAqydtF9p55Fbp1gFAnFP61cNFrqyrwNMm, Es9vMFrzaCERmJfrF4H2FYD4KCoNkY11McCe8BenwNYB"
raydium-amm,CARDS-USDC,35.23,35.23,0,,e7e705f0-d69a-4da5-942e-99cc0286da5c,-43.61,-1.28,-111.46,False,28.81,43234,"CARDSccUMFKoPRZxt5vt3ksUbxEFEcnZ3H2pd3dKxYjp, EPjFWdd5AufqSSqeM2qN1xzybapC8G4wEGGkZwyTDt1v"
raydium-amm,WSOL-MAX,1.08,1.08,0,,060c43ab-f009-450f-a2b2-0c7d38b88b63,0,0,-0.87,False,0.27,43201,"So11111111111111111111111111111111111111112, oraim8c9d1nkfuQk9EzGYEUGxqL3MHQYndRw1huVo5h"
jupiter-lend,SYRUPUSDC,0,0,0,,63d5aee8-b211-41f7-b2df-d0fbb745daa2,0,0,0,True,0,43175,AvZZF1YaZDziPY2RCK4oJrRVrbN3mTD9NL24hPeaZeUj
raydium-amm,ETH-WSOL,0.99,0.99,0,,6dae3bdf-9d82-4a39-9a42-23dbb508bf81,-0.15,0,0,False,0.63,42953,"2FPyTwcZLUg1MDrwsyoP4D6s1tM7hAkHYRjkNb5w6Pxk, So11111111111111111111111111111111111111112"
raydium-amm,WINWIN-USDC,1.94,1.94,0,,0f7ce56b-0b89-5532-a0a9-0bd9ab40947c,0,0,0,False,0.21,42952,"3Yx7jMXNfUS6thbqWREy9SwrFxfWuEFFMtf542wiCaCe, EPjFWdd5AufqSSqeM2qN1xzybapC8G4wEGGkZwyTDt1v"
raydium-amm,USDC-ALEF,0.87,0.87,0,,4d78f104-ac37-4eb8-9777-b6d9a0a69ce9,0,-2.38,-3.85,False,1.8,42938,"EPjFWdd5AufqSSqeM2qN1xzybapC8G4wEGGkZwyTDt1v, FBHd9upXFkeWSwe9qEdcgRLa4Y6uzsLCSawrpfPkQZGg"
raydium-amm,WSOL-SPYX,13.94,13.94,0,,c8947f06-3856-4c9c-88de-1fd1b9f4db0b,-50.99,6.84,-27.66,False,21.7,42867,"So11111111111111111111111111111111111111112, XsoCS1TfEyfFhfvj8EtZ528L3CaKBDBRqRapnBbDF2W"
orca-dex,GOMINING-USDC,0,0,0,,e5d7b260-2f2f-415a-b14a-03b336202b6c,0,0,0,False,0,42843,"3KzAE8dPyJRgZ36Eh81v7WPwi6dm7bDhdMb8EAus2RAf, EPjFWdd5AufqSSqeM2qN1xzybapC8G4wEGGkZwyTDt1v"
orca-dex,ETHFI-USDT,1.00974,1.00974,0,,00cd4bbf-3e43-5849-a8a7-513f208c3ae9,0,0,0,False,0.14425,42839,"547dNXjwouYm9ad7VMKaML5fuwRMJ63XmFNtmhHrJRnB, Es9vMFrzaCERmJfrF4H2FYD4KCoNkY11McCe8BenwNYB"
orca-dex,SOL-XYO,4.64052,4.64052,0,,6241ac23-d6ee-465c-8b02-6ce290cb4b66,-0.39309,4.61198,-19.24479,False,4.56317,42787,"So11111111111111111111111111111111111111112, FCZKwHd9Qn1EQj8fFuNLB8dupAWCoJJNePbMqyHhS77b"
raydium-amm,WSOL-ZAILGO,2.02,2.02,0,,8ee7b93a-cfd5-4140-8857-6b46d8e95541,-0.76,0,0,False,0.38,42744,"So11111111111111111111111111111111111111112, GorvUUSkJGSzJUebM5W6berUkZ5pG8nmnn7tmk74pump"
raydium-amm,WSOL-SHRUB,1.58,1.58,0,,7b09e51c-d885-480a-8a25-e5a905bcda65,0.43,-42.99,0,False,1.92,42688,"So11111111111111111111111111111111111111112, GN78Djb7J2xc2ZLZaJLoGoF8FU6x7DnK3kUJFsnDpump"
raydium-amm,WSOL-KWEEN,1.1,1.1,0,,aa529642-0448-41be-be60-50d9a294706f,0,0,-0.95,False,0.42,42598,"So11111111111111111111111111111111111111112, DEf93bSt8dx58gDFCcz4CwbjYZzjwaRBYAciJYLfdCA9"
orca-dex,ELONIUS-USDC,0,0,0,,816451d2-9c09-5246-8679-13638f397129,-0.00068,0,0,False,0.39155,42589,"ofzqEk47dkDcHxmtEp9W8aDKxRrwDYZx9JXPPd5eG4w, EPjFWdd5AufqSSqeM2qN1xzybapC8G4wEGGkZwyTDt1v"
orca-dex,WFRAGJTO-JTO,1.01015,1.01015,0,,befed6fb-7c93-4ad9-b2d2-9b30fb3aeb82,-0.07302,1.01015,0.84856,False,0.29902,42584,"WFRGJnQt5pK8Dv4cDAbrSsgPcmboysrmX3RYhmRRyTR, jtojtomepa8beP8AuQc6eXt5FriJwfFMwQx2v2f9mCL"
raydium-amm,SILLY-WSOL,1.19,1.19,0,,ec893309-cf1a-4ae8-a2fe-ada4b7786b37,0,0,0,False,0.76,42520,"7EYnhQoR9YM3N7UoaKRoA44Uy8JeaZV3qyouov87awMs, So11111111111111111111111111111111111111112"
raydium-amm,WSOL-JAM,1.04,1.04,0,,bfbc71e1-1d0b-4dc2-a6cd-76a596258fdd,0,0,0,False,0.38,42511,"So11111111111111111111111111111111111111112, 51zudBR4NmATG35goida4dLQH5YPn9k8hVkLcizNpump"
orca-dex,SOL-BNB,12.37885,12.37885,0,,94a4944e-64b4-42c8-a42b-e3be15fc6207,-1.96708,-0.10455,-62.59679,False,17.14864,42452,"So11111111111111111111111111111111111111112, 9gP2kCy3wA1ctvYWQk75guqXuHfrEomqydHLtcTCqiLa"
raydium-amm,DITH-USDC,1.89,1.89,0,,4af0ded2-899f-4017-b725-1afb709b7574,-1.79,0.68,-11.29,False,1.4,42388,"E1kvzJNxShvvWTrudokpzuc789vRiDXfXG3duCuY6ooE, EPjFWdd5AufqSSqeM2qN1xzybapC8G4wEGGkZwyTDt1v"
raydium-amm,BSOL-JITOSOL,0.35,0.35,0,,44e35e48-d310-4605-a854-10bee2ece77e,-0.04,0.18,-0.16,False,0.11,42322,"bSo13r4TkiE4KumL71LsHTPpL2euBYLFx6h9HP3piy1, J1toso1uCk3RLmjorhTtrVwY9HJ7X8V9yYac6Y7kGCPn"
orca-dex,USDC-CASHCAT,2.6683,2.6683,0,,2f9d14ac-43ac-5880-b190-f1dd2b70ad2c,0,0,0,True,0.38119,42317,"EPjFWdd5AufqSSqeM2qN1xzybapC8G4wEGGkZwyTDt1v, H7uYCbYMJQhGQhwbrQQjLYnjR7aEjBtoPeCHrm4wi9bg"
raydium-amm,USD1-FAFO,0.86,0.86,0,,5704b772-d468-4793-a916-8258d63b8f16,0,0,0,False,0.3,42219,"USD1ttGY1N17NEEHLmELoaybftRBUSErhqYiQzvEmuB, DcUwezFD5HaRKupjxw82d91S7fh3Qn7gGagHZNKEbonk"
jupiter-lend,SYRUPUSDC,0,0,0,,094f690a-ba27-4131-bf0e-eefbe88f8766,0,0,0,True,0,42129,AvZZF1YaZDziPY2RCK4oJrRVrbN3mTD9NL24hPeaZeUj
orca-dex,WFRAGBTC-ZBTC,0.02658,0.02658,0,,73910ed8-1d94-4bac-a7fd-5acd2d50d3f9,-0.01278,-0.00272,0.01692,False,0.1361,42111,"WFRGB49tP8CdKubqCdt5Spo2BdGS4BpgoinNER5TYUm, zBTCug3er3tLyffELcvDNrKkCymbPWysGcWihESYfLg"
orca-dex,CRASHCAT-USDC,0.00089,0.00089,0,,463b2cdc-c494-5a35-958d-37cf73e21edf,0,0.00089,0,False,0.00038,42053,"BwS5j5LuJqUeyJ2kRLboGKvW8SLnQ9a483ybqvbxRPfu, EPjFWdd5AufqSSqeM2qN1xzybapC8G4wEGGkZwyTDt1v"
orca-dex,IMPCOIN-USDC,0,0,0,,698f21c8-804a-5426-b5f2-5dc3cf504d7c,0,-0.00026,0,False,0.38234,42047,"BXgUY2tMttJN1yfzrSsyppbXxR465MxB9mqMynsqZjVV, EPjFWdd5AufqSSqeM2qN1xzybapC8G4wEGGkZwyTDt1v"
loopscale,USDG,1.42009,1.42009,0,,ec85c0f8-b216-4217-8d8e-e11ff9e2ba9d,2e-05,0.00015,-0.00527,True,0,42028,2u1tszSeqZ3qBWF3uNGPFc8TzMk2tdiwknnRMWGWjGWH
orca-dex,UBDHK-USDT,0,0,0,,24026c3d-6743-5f66-ae4a-19a94cd3bc5f,-0.13895,0,0,False,0.0201,41974,"9UW139b6LzEiQYJDeGDYSbRTudxQGHmCNtgDpidLr357, Es9vMFrzaCERmJfrF4H2FYD4KCoNkY11McCe8BenwNYB"
raydium-amm,WSOL-CUBA,0.85,0.85,0,,76fa0e15-ab72-4095-9e58-3ebd270e0410,0,0,-2.56,False,0.15,41855,"So11111111111111111111111111111111111111112, 27T4BetBEXjxfqeUb7WWcCz8rKPUJuxNu2CGzApPpump"
raydium-amm,WSOL-RICH,1.21,1.21,0,,866c1a29-28ed-4749-bca5-a8f091bd4e83,0,0,0,False,0.39,41823,"So11111111111111111111111111111111111111112, GRFK7sv4KhkMzJ7BXDUBy4PLyZVBeXuW1FeaT6Mnpump"
raydium-amm,TZLA-USDC,1.13,1.13,0,,7392eefb-387f-4bb3-b6f5-2543ed6e49f2,0,0.16,-7.86,False,0.84,41806,"4tWMJCW6tdpVUkwDpX1NEQURbtuQDg7H9DfkjEpGnq5D, EPjFWdd5AufqSSqeM2qN1xzybapC8G4wEGGkZwyTDt1v"
project-0,SOL,5.08697,5.08697,0,,bb7adafd-a605-5c68-a80e-848b934dedcd,1.08955,-1.16244,0,False,0,41789,So11111111111111111111111111111111111111112
raydium-amm,WSOL-EDWIN,1.08,1.08,0,,d8a7f781-9cc0-48fa-95b5-54dc972b7a47,0,0,0,False,0.42,41785,"So11111111111111111111111111111111111111112, GPrg1CgbBvAJS2SCuf9gF7NmQYsWudfyfWy5SUzypump"
kamino-liquidity,BSOL-JITOSOL,0,0,0,,d6c3506c-f1d6-4bad-976a-e057f3232c4e,0,0,0,False,0,41692,"bSo13r4TkiE4KumL71LsHTPpL2euBYLFx6h9HP3piy1, J1toso1uCk3RLmjorhTtrVwY9HJ7X8V9yYac6Y7kGCPn"
project-0,CORVUSSOL,0,0,0,,1b211b86-a553-43e1-82f7-bb6e1f213d9e,0,0,0,False,0,41667,CorvuSSoLxPKLoXWXSfn8pFSMhCRHhe7Uwqe874cmwvg
raydium-amm,WSOL-FULLSEND,1.34,1.34,0,,7fde1dcd-9609-44a2-98b2-a32e1372fdbb,-0.2,0,0,False,0.39,41650,"So11111111111111111111111111111111111111112, AshG5mHt4y4etsjhKFb2wA2rq1XZxKks1EPzcuXwpump"
raydium-amm,WSOL-MEMECOIN,1.4,1.4,0,,6de4ca4c-0031-489a-a6f9-674e3f88a76f,-3.69,-0.48,-0.18,False,1,41637,"So11111111111111111111111111111111111111112, 4daoTLufDmV3ods48Zh8rymaZKBLtgEvuH9qALYLbonk"
orca-dex,USDU-USDT,0.00024,0.00024,0,,72009d79-439b-414f-988f-98507b91bcc0,-0.00146,-0.00232,-0.00218,True,0.00223,41527,"9ckR7pPPvyPadACDTzLwK2ZAEeUJ3qGSnzPs8bVaHrSy, Es9vMFrzaCERmJfrF4H2FYD4KCoNkY11McCe8BenwNYB"
raydium-amm,HOSICO-WSOL,4.84,4.84,0,,effeffc6-4d3f-45ac-89f6-504d49c8d7c3,-8.88,0.39,0,False,2.4,41509,"9wK8yN6iz1ie5kEJkvZCTxyN1x5sTdNfx8yeMY8Ebonk, So11111111111111111111111111111111111111112"
raydium-amm,URKO-USDT,0.05,0.05,0,,a59f9326-fa35-467b-94b4-59adcace403e,0,0,-0.11,False,0.03,41503,"AXGmqhcKcPC4bC7vNpxGtu5oEwoEEnyeQUdw9YwYWF1q, Es9vMFrzaCERmJfrF4H2FYD4KCoNkY11McCe8BenwNYB"
raydium-amm,WSOL-$SLOP,2.4,2.4,0,,a5bae1c6-936f-4dde-abb3-aa988b120b1e,-1.61,0,0,False,0.68,41332,"So11111111111111111111111111111111111111112, FqvtZ2UFR9we82Ni4LeacC1zyTiQ77usDo31DUokpump"
raydium-amm,UPDOG-WSOL,3.65,3.65,0,,2a4462c7-5e0d-49c0-90bf-60fbc9436b68,0,-4.1,-2.09,False,1.61,41328,"HJ39rRZ6ys22KdB3USxDgNsL7RKiQmsC3yL8AS3Suuku, So11111111111111111111111111111111111111112"
orca-dex,FARTCOIN-SJ,2.91283,2.91283,0,,deb8e369-6e09-46d5-aed0-5421306d4b8e,-1.72571,-1.14635,0,False,4.41032,41292,"9BB6NFEcjBCtnNLFko2FqVQBq8HHM13kCyYcdQbgpump, FKU35pM9FujrBMkMDXM7QpZ1Xxcfodw64S1rcvY92mCq"
orca-dex,ANSEM-USDC,70.68931,70.68931,0,,145b3850-9ed5-5f79-bdef-79847015ec9d,0,0,0,False,10.09847,41251,"9cRCn9rGT8V2imeM2BaKs13yhMEais3ruM3rPvTGpump, EPjFWdd5AufqSSqeM2qN1xzybapC8G4wEGGkZwyTDt1v"
kamino-liquidity,WFRAGBTC-ZBTC,0,0,0,,13623731-511e-46ba-a062-6598c266d932,0,0,0,False,0,41162,"WFRGB49tP8CdKubqCdt5Spo2BdGS4BpgoinNER5TYUm, zBTCug3er3tLyffELcvDNrKkCymbPWysGcWihESYfLg"
raydium-amm,WSOL-LOOK,1.11,1.11,0,,53376053-d2bb-4f8f-b162-982c356ffc01,0,0,0,False,0.14,41137,"So11111111111111111111111111111111111111112, BSqMUYb6ePwKsby85zrXaDa4SNf6AgZ9YfA2c4mZpump"
raydium-amm,MNGO-USDC,1.49,1.49,0,,82ca25bf-f63e-4baf-9bc6-c0dbd0f1280a,-2.53,-40.51,0,False,16.29,41091,"MangoCzJ36AjZyKwVj3VnYU4GTonjfVEnJmvvWaxLac, EPjFWdd5AufqSSqeM2qN1xzybapC8G4wEGGkZwyTDt1v"
raydium-amm,WSOL-旺柴,1.14,1.14,0,,ce8b1646-237a-44bf-9a42-1a25a5c614f4,0,-1.01,0,False,1.18,40991,"So11111111111111111111111111111111111111112, 83kGGSggYGP2ZEEyvX54SkZR1kFn84RgGCDyptbDbonk"
raydium-amm,WSOL-XNPCS,0.98,0.98,0,,e4f5ef9f-ca1e-41e8-b669-1a490247631b,-0.97,-0.4,0,False,0.81,40972,"So11111111111111111111111111111111111111112, xNPCScK5Hs9ywamnLNsDcxGG9bP3CKaGjcP8xE5KGNy"
raydium-amm,WSOL-BUCKY,1.15,1.15,0,,46bfdd00-ecdd-480e-b6d5-87b3a2840789,0,-0.14,0,False,0.56,40963,"So11111111111111111111111111111111111111112, 7hZmPPkBDYbFpvzQW54sX3DQHQjEVsVcCFRWsvCdbonk"
raydium-amm,WSOL-XYO,4.08,4.08,0,,8132c4f0-5f07-413d-8525-6ab270b85746,-1.71,0.32,-18.61,False,2.05,40929,"So11111111111111111111111111111111111111112, FCZKwHd9Qn1EQj8fFuNLB8dupAWCoJJNePbMqyHhS77b"
raydium-amm,WSOL-GRASSITO,0.89,0.89,0,,11b7f735-9f3d-4fa3-8af1-bfff555c33fe,0,0,0,False,0.22,40842,"So11111111111111111111111111111111111111112, GkeUTuaFB4oZADaqiCo3yauHNx9SxUNn8euHptEEbonk"
orca-dex,SOL-W,44.05104,44.05104,0,,552ae5bc-a915-4b98-8673-aafde2c8a60e,6.43588,27.38413,-71.33307,False,21.64449,40715,"So11111111111111111111111111111111111111112, 85VBFQZC9TZkfaptBWjvUw7YbZjy52A6mjtPGjstQAmQ"
raydium-amm,WSOL-YOUSIM,1.26,1.26,0,,c97500e4-8f01-48a1-92e3-69783d7c22de,0,0,0,False,0.57,40482,"So11111111111111111111111111111111111111112, 66gsTs88mXJ5L4AtJnWqFW6H2L5YQDRy4W41y6zbpump"
raydium-amm,LDZ-WSOL,2.12,2.12,0,,0f937433-de63-47a1-88e5-1161d260d5b2,0.04,0.92,-4.12,False,0.75,40469,"E5ZVeBMazQAYq4UEiSNRLxfMeRds9SKL31yPan7j5GJK, So11111111111111111111111111111111111111112"
orca-dex,LILBUB-USDC,0.09495,0.09495,0,,ee279bb9-40ec-5a54-8207-2dd112214822,0,0,0,False,0.01356,40435,"7aiacUfCaBXaKMYXNXDjGZW33br8GDh2TFhAC9h6191o, EPjFWdd5AufqSSqeM2qN1xzybapC8G4wEGGkZwyTDt1v"
orca-dex,SOL-ALEPH,0.56342,0.56342,0,,87ad7057-2a20-40e3-b21b-74dc6be22886,0,0,-2.32376,False,0.0815,40434,"So11111111111111111111111111111111111111112, 3UCMiSnkcnkPE1pgQ5ggPCBv6dXgVUy16TmMUe1WpG9x"
kamino-liquidity,SOL-WBTC,0,0,0,,24401423-abaa-48b0-82fa-bd6000bfd57d,0,0,-9.00613,False,1.78344,40418,"So11111111111111111111111111111111111111112, 3NZ9JMVBmGAqocybic2c7LQCJScmgsAZ6vQqTDzcqmJh"
orca-dex,META-META,4e-05,4e-05,0,,8d173ead-ad4b-40cc-9cc1-c2dc8945e95a,4e-05,-0.494,4e-05,False,0.04461,40409,"METADDFL6wWMWEoKTFJwcThTbUmtarRJZjRpzUvkxhr, METAwkXcqyXKy1AtsSgJ8JiUHwGCafnZL38n3vYmeta"
raydium-amm,BAG-WSOL,1.01,1.01,0,,362865c2-79c4-43a0-82f6-89efa9c3c8ea,-0.15,0,0,False,0.43,40378,"D8r8XTuCrUhLheWeGXSwC3G92RhASficV3YA7B2XWcLv, So11111111111111111111111111111111111111112"
raydium-amm,USD1-,1.22,1.22,0,,0e65185b-821f-4c16-9c8f-206b6b288506,0,0,-0.23,False,0.7,40356,"USD1ttGY1N17NEEHLmELoaybftRBUSErhqYiQzvEmuB, Av3cLhrHypqqh5VNqgmASeCGKbPGB8L2teNRuhH3bonk"
raydium-amm,WSOL-HYPER,1.89,1.89,0,,1a0e13f7-6bf1-4c17-b7ab-e0f3be23aeed,-3,-5.25,0,False,1.22,40326,"So11111111111111111111111111111111111111112, 8vBMibwpn8wpfYKbQ9xqzodymg3LjmYec2tSNGRy23K8"
orca-dex,XLM-USDC,0.00073,0.00073,0,,399ea4df-c49f-44fc-b24d-572be927ef42,0.00073,0,0.00073,False,0.0001,40224,"VxFSnNNmvifbwJtMK7etmAGB2aD3seGa7XHh7inog3B, EPjFWdd5AufqSSqeM2qN1xzybapC8G4wEGGkZwyTDt1v"
raydium-amm,USDC-CC,7.7,7.7,0,,b64c053c-fee7-5123-b471-d3f87933e13b,-3.05,0,0,False,2.92,40177,"EPjFWdd5AufqSSqeM2qN1xzybapC8G4wEGGkZwyTDt1v, HHj7pzMMSLeKgFBGQjnvtqiCusbXKVm47h5zK1y6LR1f"
orca-dex,XDC-USDC,0.00073,0.00073,0,,fc7eea74-bddd-480f-9b5f-8b03abe713b9,0.00073,0,0.00073,False,0.0001,40149,"CYM3wEWW1sQ2TbeDY8s8Abiis5KgdbhGBuXJSjL3zMcj, EPjFWdd5AufqSSqeM2qN1xzybapC8G4wEGGkZwyTDt1v"
raydium-amm,WSOL-VIBES,1.12,1.12,0,,2e5d4a37-3c78-4c89-bf36-bb3d61cbe5b5,0,-0.93,-4,False,1.12,40054,"So11111111111111111111111111111111111111112, Ed1yisBEAo8UXToSswvVFgzyJKpF48HEdq5kvz2zpump"
raydium-amm,BRK.BX-USDC,3.09,3.09,0,,b808f728-041d-4a95-aa63-9828625f1521,-6.15,-4.93,-11.05,False,2.05,39974,"Xs6B6zawENwAbWVi7w92rjazLuAr5Az59qgWKcNb45x, EPjFWdd5AufqSSqeM2qN1xzybapC8G4wEGGkZwyTDt1v"
gmtrade,PEPE-USDC,3.23523,3.23523,0,,056225f4-d5df-40e9-bf2d-a33de562395b,-4.21312,-50.07994,-48.10363,False,0,39910,EPjFWdd5AufqSSqeM2qN1xzybapC8G4wEGGkZwyTDt1v
raydium-amm,WSOL-LIMBO,1.14,1.14,0,,3d23b6e8-b9b6-425d-a4cc-14a42543883f,-0.17,0,0,False,0.11,39806,"So11111111111111111111111111111111111111112, 5UAMZkfNmuVcKzr2wo8Jqw4R1k8vfdAVJNN6h3bVpump"
raydium-amm,WSOL-IMOUT,2.78,2.78,0,,4d56326c-4141-4408-9e9a-e82fdafd4c8f,0,0,0,False,2.82,39771,"So11111111111111111111111111111111111111112, DACYVx34V5aQaehN3MZGYxPfoyQYHZSnFAFw3T2Vbonk"
raydium-amm,WSOL-MURAD,1.12,1.12,0,,f799f6f0-d85c-49b9-bf0d-a0a1b82f77a9,0,-0.37,0,False,0.68,39693,"So11111111111111111111111111111111111111112, FtPqJ2YTKmPyBxp3Npg18RE9Z77SQu9jrkRVYLzpump"
raydium-amm,WSOL-DERDAKU,1,1,0,,adfa03e6-750d-4dda-9151-92e6f1942e31,-1.41,0,0,False,1.21,39602,"So11111111111111111111111111111111111111112, HRiLLm6hYiSdniFGjvcSvQ7XJrA8YSoktcqFbWjmpump"
raydium-amm,WSOL-$PLAY,0.9,0.9,0,,2bbfea81-b7fb-47fa-9129-6bce03faa8b5,0,0,0,False,0.08,39567,"So11111111111111111111111111111111111111112, EvEFaj8bU5vNa4jc15GgRQrVMqu7Wzf9Kz6aKn3yeB1z"
raydium-amm,WSOL-GRRR,1.05,1.05,0,,95a66842-1ee1-4f68-b0ce-7e8031f84143,-0.7,-0.44,-6.9,False,1.64,39561,"So11111111111111111111111111111111111111112, DUhWgHD3KgHHmsYdQdJHDv359bySNzigYcqJ45Gcpump"
raydium-amm,WSOL-SATX,147.85,147.85,0,,661ef1a8-21a4-4cbf-8a38-7affb9709cb4,-110.84,-61.96,-542.72,False,221.75,39557,"So11111111111111111111111111111111111111112, 7U9idKvVHfSAevPe3AJPgHENFwT9cyawsA3RW3qzkwAz"
orca-dex,GP-USDC,0.18474,0.18474,0,,4c0f9743-4fff-4259-a0b1-d0e70b5cb1e5,-2.21067,-0.96656,-10.12015,False,4.72866,39415,"31k88G5Mq7ptbRDf3AM13HAq6wRQHXHikR8hik7wPygk, EPjFWdd5AufqSSqeM2qN1xzybapC8G4wEGGkZwyTDt1v"
orca-dex,PUBEK-USDT,0.00173,0.00173,0,,7366c736-9f38-55b5-aa4c-74bd61331277,0,0,0,False,0.00025,39361,"DHQExwG6gKwTeC3ZzEFS8CmACJJkzH9grN7T8TPkXJtg, Es9vMFrzaCERmJfrF4H2FYD4KCoNkY11McCe8BenwNYB"
raydium-amm,TOOKER-WSOL,0.88,0.88,0,,5ceeb990-88d1-4d57-ab0c-4ff83a2b3589,0,0,-0.88,False,0.15,39328,"9EYScpiysGnEimnQPzazr7Jn9GVfxFYzgTEj85hV9L6U, So11111111111111111111111111111111111111112"
raydium-amm,WSOL-BARRON,1.07,1.07,0,,f66458ae-194f-427e-b00b-e6e59eb17de2,0,-1.12,0,False,4.72,39323,"So11111111111111111111111111111111111111112, HmAgiwjjP9CXqK5wQNsHKtjAt2CH3Kv8Q7xH5kGL2nqZ"
orca-dex,SOL-EAT,4.74544,4.74544,0,,b37b60eb-ab9a-4b52-afb9-43f0df883fe2,-10.48983,-61.53028,-6.67399,False,10.04615,39319,"So11111111111111111111111111111111111111112, 375aiUqZERLrB9sHtsArKr4nuWCgBrtqibUDBMGeLvZC"
orca-dex,SOL-XSOL,41.32843,41.32843,0,,0af4c7b5-07f9-4bd8-be80-4f71dbb612e2,-102.13867,-150.27865,-143.47519,False,106.04675,39297,"So11111111111111111111111111111111111111112, 4sWNB8zGWHkh6UnmwiEtzNxL4XrN7uK9tosbESbJFfVs"
raydium-amm,GRUMPY-WSOL,1.21,1.21,0,,f984cd30-c660-4185-ac81-818b6aa56510,0,0,-0.67,False,0.76,39178,"GRUmPYbiTpq9ZPy5LAqBMMze7kErf5dEX2i9qYfwoSmR, So11111111111111111111111111111111111111112"
orca-dex,MUCOO-USDT,0.00029,0.00029,0,,70ff1bc8-1034-566c-8cf4-4b9db4338319,0,0,0,False,4e-05,39123,"7HfRhXSfs5vSkZqY9q8r9e99jjywmUQBgZt9knPGokyP, Es9vMFrzaCERmJfrF4H2FYD4KCoNkY11McCe8BenwNYB"
raydium-amm,SKID-WSOL,1.2,1.2,0,,2c78a14a-2626-4555-b7ac-7ffc165c2b78,0,0,0,False,0.27,39108,"9X2RHtKrBzw3SLYe9E88cBd1kz5RfU1f4JTSn4aRH43d, So11111111111111111111111111111111111111112"
raydium-amm,WSOL-FATGF,1.02,1.02,0,,fdde3e97-53f2-400d-83ab-c3a1a56ea074,-0.21,-0.62,-1.67,False,0.89,39090,"So11111111111111111111111111111111111111112, 4y9E3tJpGNzRr1592oWTPECgyp2VDSc1Bf3DqAm5FZsK"
raydium-amm,USD1-FKH,1.74,1.74,0,,d723e599-7fe9-466e-8998-46ab706bd2e1,0.32,0,-0.18,False,1.01,39049,"USD1ttGY1N17NEEHLmELoaybftRBUSErhqYiQzvEmuB, BCXpjsHYmgVpRKdv4EQv1RARhYagnnwPkJjYbvM6bonk"
orca-dex,KTB-USDC,0,0,0,,1564c155-0288-4665-9760-e0d93ab9a0e9,0,0,0,False,0.54264,39009,"KTBeXe7VMPMLxBsqDQu4KA9PdSajF3Hkw1y9qRsKqfL, EPjFWdd5AufqSSqeM2qN1xzybapC8G4wEGGkZwyTDt1v"
raydium-amm,WSOL-TATE,1.13,1.13,0,,e5041c8a-cd1a-4531-86f1-4c460bf614ef,-0.28,0.12,0,False,2.01,38987,"So11111111111111111111111111111111111111112, LX2mJPsutHkUc6iXNFgumSC6LVKyc66xpy2zDTZpump"
orca-dex,XAUT0-USDC,1.79562,1.79562,0,,78760781-3551-4c08-aaf8-26a6438c5ffd,-2.98456,0.08438,-0.94149,False,3.61692,38944,"AymATz4TCL9sWNEEV9Kvyz45CHVhDZ6kUgjTJPzLpU9P, EPjFWdd5AufqSSqeM2qN1xzybapC8G4wEGGkZwyTDt1v"
raydium-amm,WSOL-COBY,1.3,1.3,0,,440c4d9b-b699-4894-9ab8-f6f1314df526,-0.03,0,0,False,0.34,38668,"So11111111111111111111111111111111111111112, 8WnQQRbuEZ3CCDbH5MCVioBbw6o75NKANq9WdPhBDsWo"
raydium-amm,WSOL-BUIDL,1.16,1.16,0,,1f8d795e-ee42-4ca6-baa1-706e9105b900,0,-0.01,0,False,0.31,38623,"So11111111111111111111111111111111111111112, 3HfLqhtF5hR5dyBXh6BMtRaTm9qzStvEGuMa8Gx6pump"
raydium-amm,CGPT-USDC,1.06,1.06,0,,09effe13-568a-4a00-b6e9-804eecbd2908,-1.34,-0.21,-9.7,False,2.19,38551,"CCDfDXZxzZtkZLuhY48gyKdXc5KywqpR8xEVHHh8ck1G, EPjFWdd5AufqSSqeM2qN1xzybapC8G4wEGGkZwyTDt1v"
gmtrade,SOL-WSOL,19.52506,19.52506,0,,b67310fc-0719-4fb8-a6cb-82545b124a42,0.15276,0,19.4491,False,0,38510,So11111111111111111111111111111111111111112
raydium-amm,MSOL-USDC,2.64,2.64,0,,2c6919ec-0c77-468f-aa5d-e8ecdb1989fb,-2.32,-0.75,-19.06,False,2.1,38472,"mSoLzYCxHdYgdzU16g5QSh3i5K3z3KZK7ytfqcJm7So, EPjFWdd5AufqSSqeM2qN1xzybapC8G4wEGGkZwyTDt1v"
orca-dex,CBBTC-WHETH,0.91276,0.91276,0,,c39965e0-d0c0-4980-8865-9058ef5c9c77,-7.13599,-1.83753,-13.24267,False,5.56686,38464,"cbbtcf3aa214zXHbiAZQwf4122FBYbraNdFqgw4iMij, 7vfCXTUXx5WJV5JADk17DUJ4ksgau7utNKj4b963voxs"
raydium-amm,WSOL-ALT,2.41,2.41,0,,0a4a95d8-c58f-4dc8-a066-e3aeb1795697,0,0,0,False,0.75,38247,"So11111111111111111111111111111111111111112, Cdq1WR1d4i2hMrqKUWgZeUbRpkhamGHSvm1f6ATpuray"
raydium-amm,WSOL-GIL,7.69,7.69,0,,e1373414-1727-460d-9af6-37a1b2274912,6.03,0,0,False,2.91,38237,"So11111111111111111111111111111111111111112, CyUgNnKPQLqFcheyGV8wmypnJqojA7NzsdJjTS4nUT2j"
raydium-amm,WSOL-DRPAL,2.83,2.83,0,,77dab990-0239-4cdd-bc39-f9657aed0991,0.73,0.84,-0.18,False,1.06,38053,"So11111111111111111111111111111111111111112, H2814bJjmr8N6VrNAQkTsBscN3BSvDn4HDgSceTcpump"
raydium-amm,GLDX-IDLE,59.04,59.04,0,,d1226978-b13f-4723-be67-930560f2c775,-75.54,20.76,-27.59,False,49.95,38025,"Xsv9hRk1z5ystj9MhnA7Lq4vjSsLwzL2nxrwmwtD3re, BjcRmwm8e25RgjkyaFE56fc7bxRgGPw96JUkXRJFEroT"
orca-dex,JPDB-USDT,0.00087,0.00087,0,,a9656e90-f1ca-530b-a20b-f26e00c4ac72,0,0,0,False,0.00012,37965,"3htZ3qBkakcE572qBLcKQ228JukrtDvtxFeJMb46n7a6, Es9vMFrzaCERmJfrF4H2FYD4KCoNkY11McCe8BenwNYB"
orca-dex,JPDB-USDT,0.00089,0.00089,0,,4a3cb05b-cc66-5f00-99f5-68d61f43519b,0,0,0,False,0.00013,37965,"52EtZk4f1mc37HMJGt1vJVuxc7rAE1fCuYCxpFrj7ena, Es9vMFrzaCERmJfrF4H2FYD4KCoNkY11McCe8BenwNYB"
raydium-amm,WSOL-LUCIA,1.52,1.52,0,,58d7f9a3-d0d2-4b8b-9bb1-934c889a017a,-0.88,-2.11,-17.64,False,1.66,37925,"So11111111111111111111111111111111111111112, 2FcsqRrhvgSfYxJWh32xW873vyqBZ9jmMyXqYSPgNtuZ"
raydium-amm,WSOL-MARIO,1.47,1.47,0,,5f60f218-0cfa-4473-8ccb-4bc0803f7fb7,0,0,0,False,0.42,37867,"So11111111111111111111111111111111111111112, FprQaYuyA4CN1f7UtLd7Vd1NR9vyACBy91cE8tiGpump"
orca-dex,JSOL-JITOSOL,1.24595,1.24595,0,,791dd391-2dac-48cc-92fa-b39b8529c61c,1.23985,1.18234,1.18929,False,0.26019,37821,"7Q2afV64in6N6SeZsAAB81TJzwDoD6zpqmHkzi9Dcavn, J1toso1uCk3RLmjorhTtrVwY9HJ7X8V9yYac6Y7kGCPn"
raydium-amm,USDC-NKT,4.16,4.16,0,,17ed7219-f86b-5bb8-adb4-56e6c8045fb0,1.86,-3.37,0,False,1.86,37802,"EPjFWdd5AufqSSqeM2qN1xzybapC8G4wEGGkZwyTDt1v, GADUqR4eiPECXSX6ZVmuUNct5Lhyg1z5g7oeFnuUrJQN"
raydium-amm,WSOL-MEFAI,3.04,3.04,0,,3f62d9d7-9cf5-4f58-b99f-66797d917d9c,-0.41,1.97,0.48,False,1.27,37773,"So11111111111111111111111111111111111111112, 7gcoey4EXJcZ8u3iGYhgTBrh3JuhLWzV4Gs1zNaPtu3U"
raydium-amm,WSOL-RAY,2.67,2.67,0,,40630f2d-2f01-46c8-9c65-ec7a44ca59ef,-3.2,-18.86,0,False,60.7,37735,"So11111111111111111111111111111111111111112, 4k3Dyjzvzp8eMZWUXbBCjEvwSkkk59S5iCNLY3QrkX6R"
kamino-liquidity,KMNO-SOL,0,0,0,,59516770-597b-43d7-ad07-3007480688b4,0,0,0,False,0,37547,"KMNo3nJsBXfcpJTVhZcXLW7RmTwTt4GVFE7suUBo9sS, So11111111111111111111111111111111111111112"
raydium-amm,LSD-WSOL,1.3,1.3,0,,51b2b95c-fbe5-4619-9778-d25fb71b88ac,0,0,0,False,0.25,37542,"DDti34vnkrCehR8fih6dTGpPuc3w8tL4XQ4QLQhc3xPa, So11111111111111111111111111111111111111112"
orca-dex,CASHCAT-USDC,124.31719,124.31719,0,,ea7875db-2680-5012-8559-3dd1a0303e5a,-198.27221,-11767.17328,0,True,625.3576,37433,"CashcatZMRn4Jv8sPQZUSsbTLi2PcPe1ssqbHcnaJqSS, EPjFWdd5AufqSSqeM2qN1xzybapC8G4wEGGkZwyTDt1v"
raydium-amm,WSOL-AUTISM,1.29,1.29,0,,0bf833d9-f021-497c-b43c-9ccae4a46b33,0,0,0,False,0.21,37417,"So11111111111111111111111111111111111111112, BkVeSP2GsXV3AYoRJBSZTpFE8sXmcuGnRQcFgoWspump"
raydium-amm,PCLDV-USDT,1.62,1.62,0,,9e723ec6-f8e3-4ecc-952c-06f95244f3c6,0.03,-3.05,0,False,0.97,37381,"6B1Bj5NBYyFsQdryghi3UqUB5w4DdthzR2BMdT4AXLcc, Es9vMFrzaCERmJfrF4H2FYD4KCoNkY11McCe8BenwNYB"
raydium-amm,WSOL-GDIG,2.06,2.06,0,,0825aff6-7a7a-4da2-9e6a-1efefa1ff4a5,0,0,0,False,1.89,37348,"So11111111111111111111111111111111111111112, H2eWtG57do5krGxpZdzs6sDddHLz5Nny7797YhR4pump"
orca-dex,SOL-ORCA,0.54587,0.54587,0,,256c3155-3dbd-4ad1-bb4d-c521020c62c6,-0.64203,0.34676,-3.43966,False,1.29318,37267,"So11111111111111111111111111111111111111112, orcaEKTdK7LKz57vaAYr9QeNsVEPfiu6QeMU1kektZE"
raydium-amm,JAPAN-USDT,4.81,4.81,0,,71c4eed2-a1cc-5d0b-a9be-97d7358e67fb,0,0,0,False,0.4,37260,"819CWf47mBahba1YwZMSVieHbyuUR96TGEeoUAqHooU6, Es9vMFrzaCERmJfrF4H2FYD4KCoNkY11McCe8BenwNYB"
raydium-amm,USDC-ANSEM,7.11,7.11,0,,a53654ba-501d-4610-8ab2-c79642c97748,0,2.81,-22.95,False,2.91,37216,"EPjFWdd5AufqSSqeM2qN1xzybapC8G4wEGGkZwyTDt1v, HAs8hvTB8ZH6dBG26KQGik4fxitNYi41jnYd49bvtime"
raydium-amm,WSOL-SEEK,1.51,1.51,0,,c0671365-c4bf-45f6-b628-214d2c7c973a,0,-0.35,0,False,1.27,37193,"So11111111111111111111111111111111111111112, 8FqXr6dw5NHA2TtwFeDz6q9p7y9uWyoEdZmpXqqUpump"
raydium-amm,USDC-USDT,0.05,0.05,0,,c0d96860-cee9-44ee-8332-790a23532886,-0.04,-0.22,-0.48,True,0.06,37023,"EPjFWdd5AufqSSqeM2qN1xzybapC8G4wEGGkZwyTDt1v, Es9vMFrzaCERmJfrF4H2FYD4KCoNkY11McCe8BenwNYB"
jupiter-lend,JITOSOL,0,0,0,,50cca68b-c9d7-48b3-83e3-68b04328f31e,0,0,0,False,0,36923,J1toso1uCk3RLmjorhTtrVwY9HJ7X8V9yYac6Y7kGCPn
raydium-amm,WSOL-KEKIUS,1.25,1.25,0,,513661e0-cc6e-40b6-8926-da6748ec70ba,0,0,0,False,0.46,36864,"So11111111111111111111111111111111111111112, XC78JjRHnSqaysrHiTrhR8eRngFbvX3rrHyRjWEpump"
orca-dex,CBBTC-ZEC,24.00071,24.00071,0,,341c3c9f-1c61-478a-b71f-c129a61e95ec,-14.55544,0.61353,0,False,37.4495,36848,"cbbtcf3aa214zXHbiAZQwf4122FBYbraNdFqgw4iMij, A7bdiYdS5GjqGFtxf17ppRHtDKPkkRqbKtR27dxvQXaS"
raydium-amm,POPDOG-WSOL,1.26,1.26,0,,8ea3b2f6-3886-4865-9484-c2320c1182fd,-1.72,0,0,False,0.61,36787,"EATGZHJViJsk7nEKkrdJicwNbfpkJfAtmrEmrjXR8NBj, So11111111111111111111111111111111111111112"
orca-dex,SCATMAN-USDC,0,0,0,,ccb1dcc4-700a-5890-b5b2-e407a32f6443,0,-0.00042,0,False,0.44038,36762,"DoAPrmntoDLhp1UnstuQ2ZMg89N47JUxnSyJUKNJKyBJ, EPjFWdd5AufqSSqeM2qN1xzybapC8G4wEGGkZwyTDt1v"
orca-dex,MNDE-MSOL,8.85766,8.85766,0,,d184c364-de60-4dd0-8d10-37275e39cd64,-20.1517,-49.67166,-8.02219,False,8.08606,36723,"MNDEFzGvMt87ueuHvVU9VcTqsAP5b3fTGPsHuuPA5ey, mSoLzYCxHdYgdzU16g5QSh3i5K3z3KZK7ytfqcJm7So"
raydium-amm,WSOL-CRED,1.82,1.82,0,,492b65bb-5636-5b71-899f-1580e07c350e,0,-5.07,0,False,2.35,36690,"So11111111111111111111111111111111111111112, CREPxqrmH6DCvzkRBXMirfTaS7QaNLFWG38hFpUxize7"
raydium-amm,WSOL-YE,1.33,1.33,0,,e03358af-b222-4068-b228-571f75ef1f00,0,0,-2.48,False,0.73,36689,"So11111111111111111111111111111111111111112, 7BNwDrLsyiQmGN7PKMUPtVCRMetuG6b6xLRiAhdZpump"
raydium-amm,WSOL-BRAINLET,1.43,1.43,0,,86432a6d-5bf2-474a-aba2-a9c6a7f51be8,0,0,-3.9,False,0.43,36605,"So11111111111111111111111111111111111111112, 8NNXWrWVctNw1UFeaBypffimTdcLCcD8XJzHvYsmgwpF"
kamino-liquidity,USDC-EURC,0,0,0,,7f64cdf7-2afe-422b-aaba-a55d4dc8570d,0,0,0,True,0,36467,"EPjFWdd5AufqSSqeM2qN1xzybapC8G4wEGGkZwyTDt1v, HzwqbKZw8HxMN6bF2yFZNrht3c2iXXzpKcFu7uBEDKtr"
jupiter-lend,XBTC,0,0,0,,832610b6-865d-4af4-bd4c-ed5af7098f04,0,0,0,False,0,36373,CtzPWv73Sn1dMGVU3ZtLv9yWSyUAanBni19YWDaznnkn
raydium-amm,WSOL-XING,2.26,2.26,0,,1f7c1bd6-c7da-472f-9e2b-c279ee4164df,0,0,-1.26,False,0.91,36353,"So11111111111111111111111111111111111111112, 5JcdnWEwuHh1v3SAARq8zH9tEwDQGpaHzBrZ81m4pump"
raydium-amm,WSOL-BALL,2.27,2.27,0,,79566460-90b8-44b3-99be-ca6c251d8172,-3,0,0,False,2.61,36325,"So11111111111111111111111111111111111111112, BALLrveijbhu42QaS2XW1pRBYfMji73bGeYJghUvQs6y"
raydium-amm,WSOL-TULSA,13.35,13.35,0,,8c8dfa12-bac7-4778-b43c-af652f0c3f0b,-26.14,10.34,9.2,False,8.7,36324,"So11111111111111111111111111111111111111112, 8TVr3U85V3Uazkxd5DJbmzdUWaxhQdEGNNGJ7eNTpump"
save,JTO,0,0,0,,b6aea4dd-ade4-4282-83cc-4965f040b1e0,0,-0.74,-0.95,False,0,36167,jtojtomepa8beP8AuQc6eXt5FriJwfFMwQx2v2f9mCL
raydium-amm,DGLN-USDC,1.3,1.3,0,,a66e9678-4e4e-4d76-893a-5980ef6ca207,0,-0.15,0,False,0.63,36120,"E6UU5M1z4CvSAAF99d9wRoXsasWMEXsvHrz3JQRXtm2X, EPjFWdd5AufqSSqeM2qN1xzybapC8G4wEGGkZwyTDt1v"
raydium-amm,WSOL-XENCAT,1.27,1.27,0,,dc16811e-7d43-41d1-ab28-e926a3aec459,0,-0.04,0,False,0.44,36016,"So11111111111111111111111111111111111111112, 7UN8WkBumTUCofVPXCPjNWQ6msQhzrg9tFQRP48Nmw5V"
loopscale,ZENZEC,0,0,0,,08058ca5-77c1-4337-885f-73087cd05c54,0,0,0,False,0,35967,JDt9rRGaieF6aN1cJkXFeUmsy7ZE4yY3CZb8tVMXVroS
raydium-amm,WSOL-CAPY,1.27,1.27,0,,90d97e8e-576b-4d77-bed8-c44d2408be3b,-3.36,-11.76,-5.93,False,2.64,35923,"So11111111111111111111111111111111111111112, 7VENy6wCjBChAMGpjPQCPYJDeYJGFr5NZUxk7uQ7bonk"
raydium-amm,OZA-WSOL,1.31,1.31,0,,b01c0d50-6e12-4d44-a9c0-106a4c989d18,0,0.02,0,False,0.62,35877,"67iVSrbgQKiPjttU9uXx9CXUoS1Si3XUhrXeiNAUUZSR, So11111111111111111111111111111111111111112"
loopscale,XSOL,6.88351,6.88351,0,,035a1b2c-17b5-4563-bf22-ca4018a55052,-0.0234,0.22343,4.87588,False,0,35845,4sWNB8zGWHkh6UnmwiEtzNxL4XrN7uK9tosbESbJFfVs
raydium-amm,WSOL-67,0.94,0.94,0,,0d84f0ff-c3bd-4152-b24e-6bfe25c6f503,0,-4.36,0,False,0.67,35843,"So11111111111111111111111111111111111111112, 76rTxzztXjJe7AUaBi7jQ5J61MFgpQgB4Cc934sWbonk"
orca-dex,JUHN-USDC,0,0,0,,c5f1d466-7bff-5818-b2ef-46bd209d56cc,0,0,0,False,0.00014,35604,"7vkD39zreqjviubg6fCgjXko92beH4VTM1xpXA2CKbgc, EPjFWdd5AufqSSqeM2qN1xzybapC8G4wEGGkZwyTDt1v"
kamino-liquidity,NX8-USDC,0,0,0,,93d1ae5f-b295-40e9-bf40-7a39146d70d6,0,0,-4.71357,False,0.88812,35588,"NX8DuAWprqWAYDvpkkuhKnPfGRXQQhgiw85pCkgvFYk, EPjFWdd5AufqSSqeM2qN1xzybapC8G4wEGGkZwyTDt1v"
raydium-amm,USD1-DARKHORSE,1.3,1.3,0,,773ad7b1-d969-4b5e-8dff-08122826ab70,0,0,0,False,0.11,35465,"USD1ttGY1N17NEEHLmELoaybftRBUSErhqYiQzvEmuB, 3JjfgaXzhN6xr6WYJ4wBVoS19etj3ChLWaKz6TBXbonk"
raydium-amm,WSOL-AI16Z,68.82,68.82,0,,29ebe526-2c66-45ff-93b8-50094caffd52,67.25,62.85,58.13,False,15.1,35393,"So11111111111111111111111111111111111111112, HeLp6NuQkmYB4pYWo2zYs22mESHXPQYzXbB8n4V98jwC"
raydium-amm,WSOL-NVDAX,20.26,20.26,0,,9347eff9-909c-435d-8fb2-1dced04f5831,-26.45,-0.13,-341.45,False,25.15,35372,"So11111111111111111111111111111111111111112, Xsc9qvGR1efVDFGLrVsmkzv3qi45LTBjeUKSPmx9qEh"
raydium-amm,WSOL-DOGEFATHER,1.34,1.34,0,,754566f7-02e5-4815-9328-4d046c5bd469,0,0,0,False,0.22,35319,"So11111111111111111111111111111111111111112, EcYK2XNG4wWr2vDg2M2Hrts6SrU2QB4NzXLBf888pump"
orca-dex,SOL-VMARE,0.57422,0.57422,0,,51c3df43-41ad-531d-b529-5e801cb71ce8,0,0,0,False,0.08203,35286,"So11111111111111111111111111111111111111112, 6iEAnNwPHbWppCaPeMi6yt2D8o45vZnqqULKkjjq5AYN"
raydium-amm,USDC-DMT-NAT,12.36,12.36,0,,201dc809-5752-47e0-ad71-b37bc9f149e4,-9.29,-4.31,-31.54,False,17.35,35282,"EPjFWdd5AufqSSqeM2qN1xzybapC8G4wEGGkZwyTDt1v, FbKRaqBzupLry3V7QujpNghwrHgxutB4MY11M8aeyVa1"
raydium-amm,SLA-WSOL,1.07,1.07,0,,a15631cb-3ba3-4616-acbc-563e42f05033,0,-1.25,0,False,0.25,35250,"SLAMG93vQPmhfDCbT5NpDg6f8E7VNDs9FxBxhvdUwcX, So11111111111111111111111111111111111111112"
raydium-amm,WSOL-EOM,1.31,1.31,0,,e7d01c9d-02c0-4b75-afd8-754703b3481e,0,0,0,False,0.17,35226,"So11111111111111111111111111111111111111112, eomHLbgKjnNnDYF5MiSTbw93AxTLzp1DEtPLQDdt6kf"
raydium-amm,WSOL-SANTAHAT,1.44,1.44,0,,2b751612-c9a7-43d3-b157-637deeec7ee7,0,0,0,False,0.34,35196,"So11111111111111111111111111111111111111112, 7S37Wv8v9BLQ7bCBTSmCgpCHEb7ae9ZVV7YGwDSepump"
kamino-liquidity,SOL-ORE,0,0,0,,102d988b-1033-447f-8f6a-52c4f184286d,0,0,0,False,2.55999,35097,"So11111111111111111111111111111111111111112, oreoU2P8bN6jkk3jbaiVxYnG1dCXcYxwhwyK9jSybcp"
kamino-lend,PYUSD,7.51138,7.51138,0,,f045a512-0ec5-4b28-9f4c-f3754e2d7bb0,0,2.57426,1.98629,True,0,35047,2b1kV6DkPAnxd5ixfnxCpjxmKwqjjaYmCZfHsFu24GXo
raydium-amm,WSOL-PANDU,1.38,1.38,0,,9d79e6fa-0803-4a90-868b-4bcc1d0bd82e,-1.12,0,-11.2,False,1.73,35046,"So11111111111111111111111111111111111111112, 4NGbC4RRrUjS78ooSN53Up7gSg4dGrj6F6dxpMWHbonk"
raydium-amm,WSOL-DANK,1.17,1.17,0,,e5874f7b-4c3c-4add-8c11-094ad0dc80c3,-1.32,0,-1.51,False,1.5,34981,"So11111111111111111111111111111111111111112, GPwwihLa1w9Qsz27SmNrj7aLVnE7pr2cAvHe6aVVpump"
raydium-amm,WSOL-TMC,1.41,1.41,0,,8aff49b3-5ac8-484c-b43f-8e108c2e1f55,-0.81,0,0,False,0.42,34938,"So11111111111111111111111111111111111111112, 3QTcwugiAGA7HnzcNf7qaHt7XakdscMxJ1TE5Wnspump"
raydium-amm,WSOL-MOG,16.45,16.45,0,,d029e4b4-9861-4ac5-9b55-4185e05c2b02,7.98,11.33,8.03,False,6.16,34917,"So11111111111111111111111111111111111111112, 26VfKb7jjtdEdvfovoBijScoZmJbWWasFZkgfUD5w7cy"
raydium-amm,WSOL-WEALTH,1.19,1.19,0,,e5f1fad2-25ec-4c2e-b2ba-a95d003ee96b,-0.96,0,0,False,0.43,34910,"So11111111111111111111111111111111111111112, GFRxeCdpomjJaYQEuwPDAPghyBD3H9zqnWY2HJPjpump"
raydium-amm,WSOL-JAK,1.21,1.21,0,,b3b5d474-3d8f-4a60-9146-946959b25ebe,-0.4,-2.8,-0.97,False,0.62,34908,"So11111111111111111111111111111111111111112, FBbnzHwJ1WHYwP425cqMNb2t7o7sm6AXQjsQ3sZRpump"
raydium-amm,WSOL-COOK,1.5,1.5,0,,818e14b1-67f8-4740-bf03-ded67872c562,0,0,0,False,0.36,34905,"So11111111111111111111111111111111111111112, G8Vy25NzjRmuQtnN35xF7j3X2Z1TrV39XijZu8Mg4w8n"
raydium-amm,MYRA-WSOL,1.29,1.29,0,,3741057b-e105-4ad2-9a69-92fb7db4d865,0,0,0,False,0.13,34867,"H1aN3vcvB68eaFPbMkoAss3vnfi4AhP5C2dpnrZzdBc7, So11111111111111111111111111111111111111112"
orca-dex,SOL-POKT,232.37166,109.77614,122.59552,6CAsXfiCXZfP8APCG6Vma2DFMindopxiqYQN4LSQfhoC,b9977b8b-e977-4c25-a23a-df92433229dc,25.24317,38.10792,89.51077,False,57.65851,34818,"So11111111111111111111111111111111111111112, 6CAsXfiCXZfP8APCG6Vma2DFMindopxiqYQN4LSQfhoC"
orca-dex,BONK-USDC,1.65851,1.65851,0,,a5a6014e-ddda-4edf-975d-7a04a6ed167e,-1.40882,-11.49139,-5.84956,False,5.93872,34769,"DezXAZ8z7PnrnRJjz3wXBoRgixCa6xjnB7YaB1pPB263, EPjFWdd5AufqSSqeM2qN1xzybapC8G4wEGGkZwyTDt1v"
raydium-amm,WSOL-SAFE,1.53,1.53,0,,31722182-d9b7-4c6c-aa01-38f2d13d7043,-1.13,-0.68,0,False,2.6,34654,"So11111111111111111111111111111111111111112, F8upQDP6QhdCUubd3WEBZRNViwkCqxw8Fmi4iNHv7tiy"
orca-dex,SPYX-USDC,2.28571,2.28571,0,,ef82f1ee-dde1-42f4-a334-5ce5aee642b9,-7.32264,-3.97974,-12.00203,False,25.19501,34654,"XsoCS1TfEyfFhfvj8EtZ528L3CaKBDBRqRapnBbDF2W, EPjFWdd5AufqSSqeM2qN1xzybapC8G4wEGGkZwyTDt1v"
save,USDT,0,0,0,,00c4faf1-fba1-4cf5-87bc-a68f1e5c2aab,0,0,0,True,0,34649,5yxVY1yX5M1Q2iNbsNUS52csTLS67dRd5S5yePXZ64be
raydium-amm,WSOL-SOY,1.11,1.11,0,,852eca47-b64c-4772-b86f-40735c280a86,0,-3.08,0,False,2.76,34624,"So11111111111111111111111111111111111111112, 4G3kNxwaA2UQHDpaQtJWQm1SReXcUD7LkT14v2oEs7rV"
jupiter-lend,JUP,0,0,0,,542f00f6-ade6-4e20-9cda-4de6385f2b18,0,0,0,False,0,34588,JUPyiwrYJFskUPiHa7hkeR8VUtAeFoSYbKedZNsDvCN
raydium-amm,XIN-USDT,1.49,1.49,0,,8095ff21-6c62-41a3-a7d9-df72768a1734,-0.12,0,-2.36,False,0.7,34529,"4s4H5v4TXpmS4Ss66nxcCLgxrU5nunuwtkQceinZfGuw, HBiHPHC6JFCE3cfCrERiFnJUVTzGErhZm9RmsTtzDJUb"
raydium-amm,NOM-WSOL,1.48,1.48,0,,9f8c8598-f94a-4a03-8261-ad69fa17c610,0,-0.03,0,False,3.44,34418,"2MDr15dTn6km3NWusFcnZyhq3vWpYDg7vWprghpzbonk, So11111111111111111111111111111111111111112"
raydium-amm,WSOL-JASON,1.35,1.35,0,,8e323888-9cac-45ff-ae0b-77bd88ea3583,0,-0.03,-2.9,False,0.71,34318,"So11111111111111111111111111111111111111112, 6SUryVEuDz5hqAxab6QrGfbzWvjN8dC7m29ezSvDpump"
raydium-amm,WSOL-REST,1.52,1.52,0,,997f636e-188e-4d28-bc2e-a8f5dfe28eca,-0.36,-1.67,-6.91,False,1.66,34285,"So11111111111111111111111111111111111111112, ERpXkEafaKuKEARBCFsVnLZA1GARWUjBBbQCukXpbonk"
orca-dex,NENEM-USDC,0,0,0,,c9e5400e-040e-523c-a1c3-33d849ab1198,0,-3.27708,0,False,0.46841,34258,"8pyi1uAEVgBjdUWaPDzE3T9EUesU5yUjJViK2u3TFBzg, EPjFWdd5AufqSSqeM2qN1xzybapC8G4wEGGkZwyTDt1v"
orca-dex,QQQX-SPYX,5.04404,5.04404,0,,e186b05e-e897-5490-9e75-1fadf086a98e,0,2.6317,0,False,5.49252,34128,"Xs8S1uUs1zvS2p7iwtsG3b6fkhpvmwz4GYU3gWAmWHZ, XsoCS1TfEyfFhfvj8EtZ528L3CaKBDBRqRapnBbDF2W"
raydium-amm,WSOL-XD,1.35,1.35,0,,d9adab01-1465-4e43-9477-94af88bacf29,0,0,0,False,0.21,34024,"So11111111111111111111111111111111111111112, DEJiPKx5GActUtB6qUssreUxkhXtL4hTQAAJZ7Ccw8se"
raydium-amm,WSOL-🧲,1.46,1.46,0,,286e195c-6a03-4d45-8cb6-b30f635c40b4,0,0,0,False,0.54,34018,"So11111111111111111111111111111111111111112, 8iWsK2WH3AGviQwAnt43zvc8yLy6QMUSuv8PK2A7pump"
raydium-amm,WSOL-LMT,28.25,28.25,0,,7d4a8fb0-779a-40e3-afb2-1b33e6c9e7bb,0,0,0,False,2.39,33972,"So11111111111111111111111111111111111111112, 86t88w3MKT38HChTBKBwEeb1RW1MeTceaW68qY2Vpump"
raydium-amm,USDC-USDT,0.28,0.28,0,,23766269-29f8-42ce-9426-815de07fc3c1,-0.22,-0.09,-0.6,True,0.2,33945,"EPjFWdd5AufqSSqeM2qN1xzybapC8G4wEGGkZwyTDt1v, HBiHPHC6JFCE3cfCrERiFnJUVTzGErhZm9RmsTtzDJUb"
raydium-amm,ORC-WSOL,1.33,1.33,0,,ed60bdda-88e8-4d65-b98b-40f7241a5ce9,0,0,0,False,0.26,33940,"CzywqyWnzACqc7nphTAPHC8cb2h7ou6U9TehBrVnzJKx, So11111111111111111111111111111111111111112"
gmtrade,QQQ-USDC,39.65945,39.65945,0,,954f95a5-2156-4e9d-b67d-9adce8159c68,-7.05094,-8.69025,17.48477,False,0,33859,EPjFWdd5AufqSSqeM2qN1xzybapC8G4wEGGkZwyTDt1v
raydium-amm,WSOL-DORAE,3.18,3.18,0,,d89a5dcf-020c-449b-927c-7bb772b86b5d,-0.59,-2.17,-13.49,False,2.06,33836,"So11111111111111111111111111111111111111112, F6s6hxSW6yWF4h5YBbW28JHLFEGXKYbEmungaTPtpump"
raydium-amm,NNN-WSOL,1.77,1.77,0,,d3369ac1-18e1-4939-bd7e-30d118365f1b,-0.18,0,-1.14,False,0.87,33806,"2DHtHTYWiUmxBHcdVJbSfRft6mkWeXDKLjze2RexQmns, So11111111111111111111111111111111111111112"
save,FLAME,0,0,0,,7df81fea-4ac3-464e-a134-245c288bed7e,0,0,0,False,0,33771,CTfvdpwLSxhpXdT2FyWEu5FiATmKCaDmGsRMWwuuox7k
raydium-amm,WSOL-WPOND,92.4,92.4,0,,a070bd21-262d-4847-ae17-a6fa7c7f2a54,-47.35,30.1,-141.97,False,74.19,33760,"So11111111111111111111111111111111111111112, 3JgFwoYV74f6LwWjQWnr3YDPFnmBdwQfNyubv99jqUoq"
raydium-amm,SPYX-STONK,716.72,716.72,0,,93f4aaea-5905-52ab-8e2b-926490246614,-709.41,0,0,False,633.44,33680,"XsoCS1TfEyfFhfvj8EtZ528L3CaKBDBRqRapnBbDF2W, 6GmAFSYs4gk3FDao5FzzySQpPZaWsa4rUJHacpMpUNgx"
raydium-amm,WSOL-JAM,1.62,1.62,0,,86e285b3-5845-454e-a3dd-7f06709bdac1,0,-7.89,-11.89,False,6.56,33624,"So11111111111111111111111111111111111111112, D5KojYsUGd53bFiGVpKnGEyCLQcnPPVr4mgco44Mo6fk"
orca-dex,TREMP-USDC,3.36004,3.36004,0,,eee08d87-b487-5819-8bfc-a66adc2ac0e7,0,0,0,False,0.48001,33618,"AKQUXoMGdQmLaqX2K9tsCNnr1FUwWKuWQucAZVPNWFkE, EPjFWdd5AufqSSqeM2qN1xzybapC8G4wEGGkZwyTDt1v"
raydium-amm,WSOL-JAIL,1.53,1.53,0,,18cbc0b0-6d9c-4de6-a94a-05f56f6c640a,0.08,0.04,0,False,0.5,33472,"So11111111111111111111111111111111111111112, 8cNmp9T2CMQRNZhNRoeSvr57LDf1kbZ42SvgsSWfpump"
orca-dex,LMDA-USDC,2.02239,2.02239,0,,1735602f-b228-4f80-894d-1adcd6451999,0,0,0,False,0.4329,33383,"LMDAmLNduiDmSiMxgae1gW7ubArfEGdAfTpKohqE5gn, EPjFWdd5AufqSSqeM2qN1xzybapC8G4wEGGkZwyTDt1v"
raydium-amm,WSOL-DOLLAR,1.25,1.25,0,,dbb9b22f-041e-4a53-80da-d9e8d2914b39,0,0,0,False,0.42,33309,"So11111111111111111111111111111111111111112, 5AnPDx9GposBi9jSW2dFfE5QQD3FmXbudoquMNDxpump"
raydium-amm,WSOL-FLORK,1.37,1.37,0,,ef858491-bf6d-47d8-8c1e-971a2fbda7f6,0,-0.85,0,False,1.03,33200,"So11111111111111111111111111111111111111112, CnGb7hJsGdsFyQP2uXNWrUgT5K1tovBA3mNnUZcTpump"
raydium-amm,WSOL-GAYCOIN,1.42,1.42,0,,176077dd-9fb2-4ea1-9bcb-8e1e5046391e,0,0,0,False,0.36,33199,"So11111111111111111111111111111111111111112, AnGzGiQ6ddzdqWDuWy6vmibqDv8rsT2QKhcgDrwTpump"
raydium-amm,WSOL-SCANAI,1.48,1.48,0,,c3807a89-6037-486d-8dee-ed54fe1db0fd,-0.39,-0.61,0,False,1.12,33185,"So11111111111111111111111111111111111111112, BqLQq6yXT4i9W2geFiq5aaPks67FywEnXEbdFG9fpump"
orca-dex,SOL-ACC,0,0,0,,0f0e42f7-6bae-427f-97c4-aef5974b5c34,0,0,0,False,0,33136,"So11111111111111111111111111111111111111112, CFTyvm52gRGRRx2LZK22XivaYgm3xKCw7PUpNDvmXhhV"
raydium-amm,WSOL-$HACHI,61.56,61.56,0,,0db48cb3-ab64-455b-bd57-fc59b97b6d22,-9.76,16.3,0.54,False,27.65,33122,"So11111111111111111111111111111111111111112, x95HN3DWvbfCBtTjGm587z8suK3ec6cwQwgZNLbWKyp"
orca-dex,SOL-CEARC,0.36797,0.36797,0,,379c5bbf-46ae-5193-a092-e0a96ae71ab0,0,0,0,False,0.05257,33102,"So11111111111111111111111111111111111111112, 8BSSWRH6ir7GbwxVR7vXwKyQbfjjBD3PAtJyu8mULqCT"
raydium-amm,WSOL-DUNA,1.43,1.43,0,,726fabdb-2553-4d96-ba76-6704ed40bdf5,0,0,0,False,0.3,33076,"So11111111111111111111111111111111111111112, 9re9eKMd39Aaanm8wgFKmLXNVX3ukS5gK4J5aCJepump"
raydium-amm,WSOL-MEGUSTA,1.58,1.58,0,,67a2aa83-8dac-4938-bdeb-6ba35c36c18d,-0.52,0.49,0,False,3.06,33064,"So11111111111111111111111111111111111111112, 9WAdURmxA9Xr2HwdwkKbAnkv368eTgxMvwnD7XDnzyk8"
orca-dex,STSOL-USDT,0.00024,0.00024,0,,1b5ad515-da0f-4155-a393-80014bd92e40,-0.00173,-0.00086,-0.00379,False,0.00218,33043,"7dHbWXmci3dT8UFYWYZweBLXgycu7Y3iL6trKn1Y7ARj, Es9vMFrzaCERmJfrF4H2FYD4KCoNkY11McCe8BenwNYB"
raydium-amm,WSOL-PENGU,1.02,1.02,0,,82f8dccf-cf55-4abd-8fec-f511745a3ff9,-0.35,-2.72,-1.94,False,1.02,32964,"So11111111111111111111111111111111111111112, 2zMMhcVQEXDtdE6vsFS7S7D5oUodfJHE8vd1gnBouauv"
raydium-amm,WSOL-OPAIUM,2.11,2.11,0,,a0ff04dd-10d3-4a0f-a1df-b9374cec7b7a,-2.2,0,0,False,8.35,32932,"So11111111111111111111111111111111111111112, 4HuSTfcJruukNbhrF9sc5iKrMeGxNBs6XpQ1L2hUpump"
gmtrade,AMZN-USDC,30.65872,30.65872,0,,3d99a2b1-ca5b-4fc5-9e4c-112382b7bcc9,-18.44692,-13.04549,9.83211,False,0,32866,EPjFWdd5AufqSSqeM2qN1xzybapC8G4wEGGkZwyTDt1v
cube,SOL-USDC-CBBTC,16.49209,16.49209,0,,ee80dc2e-1b1b-4ee1-b1bc-835ba83576a3,1.83775,1.50868,16.03165,False,18.94128,32784,"So11111111111111111111111111111111111111112, EPjFWdd5AufqSSqeM2qN1xzybapC8G4wEGGkZwyTDt1v, cbbtcf3aa214zXHbiAZQwf4122FBYbraNdFqgw4iMij"
kamino-liquidity,MNDE-MSOL,10.38867,10.38867,0,,79e2e168-ad4d-46b5-814b-300e5718cb51,-2.57971,-13.57855,-59.81965,False,4.88573,32640,"MNDEFzGvMt87ueuHvVU9VcTqsAP5b3fTGPsHuuPA5ey, mSoLzYCxHdYgdzU16g5QSh3i5K3z3KZK7ytfqcJm7So"
orca-dex,PENGU-JITOSOL,6.90466,6.90466,0,,af33406c-43f1-4bcd-ba42-e7993e5b0427,1.44019,-9.19117,-2.78833,False,9.57653,32637,"2zMMhcVQEXDtdE6vsFS7S7D5oUodfJHE8vd1gnBouauv, J1toso1uCk3RLmjorhTtrVwY9HJ7X8V9yYac6Y7kGCPn"
kamino-liquidity,SOL-PYTH,0,0,0,,79b1d437-3870-4a01-8acc-b94754f9aa72,0,0,0,False,0,32615,"So11111111111111111111111111111111111111112, HZ1JovNiVvGrGNiiYvEozEVgZ58xaU3RKwX8eACQBCt3"
kamino-liquidity,PENGU-JITOSOL,0,0,0,,8000c42a-0f4f-4768-882e-cb7641ccffee,0,-21.49259,0,False,6.23261,32594,"2zMMhcVQEXDtdE6vsFS7S7D5oUodfJHE8vd1gnBouauv, J1toso1uCk3RLmjorhTtrVwY9HJ7X8V9yYac6Y7kGCPn"
orca-dex,MSOL-WHETH,1.40466,1.40466,0,,101007ed-e913-43e4-9eb4-4ed3a1d8961d,-0.57987,1.0432,-3.72099,False,1.0983,32460,"mSoLzYCxHdYgdzU16g5QSh3i5K3z3KZK7ytfqcJm7So, 7vfCXTUXx5WJV5JADk17DUJ4ksgau7utNKj4b963voxs"
orca-dex,SOL-ZBTC,0.85009,0.85009,0,,b4fa6d94-9e9c-40b5-b07e-5310ca90b663,-0.6998,-0.35121,-3.79882,False,3.68429,32399,"So11111111111111111111111111111111111111112, zBTCug3er3tLyffELcvDNrKkCymbPWysGcWihESYfLg"
project-0,ZEC,13.82054,13.82054,0,,5f6964ed-4341-4a75-abf0-d8d913e8378a,9.69285,9.29374,10.2627,False,0,32326,A7bdiYdS5GjqGFtxf17ppRHtDKPkkRqbKtR27dxvQXaS
raydium-amm,WSOL-XWH,1.27,1.27,0,,95155a9d-03f2-4774-8974-536c4bf5daef,-15.01,-1.41,0,False,3.89,32288,"So11111111111111111111111111111111111111112, 7AJ1KjzjstMnQGzZk1HAKx2atmvvRqWvmRbdYmnviryq"
orca-dex,SOL-DFN,32.77611,32.77611,0,,3fe1c3a3-b7a4-5e44-b607-4e1fbe6b94d2,0,0,0,False,10.5311,32288,"So11111111111111111111111111111111111111112, 8ZZanFyAvTnHu7tarkmpSQ7koAjf5XWfhKs49FjZCSNm"
orca-dex,SYRUPUSDC-COINOMI,0.04665,0.04665,0,,32cffd56-4d1e-46ba-813a-f926e8395254,-2.92629,-0.32698,-16.39124,False,1.98738,32196,"AvZZF1YaZDziPY2RCK4oJrRVrbN3mTD9NL24hPeaZeUj, EHmZM5QD7NFpu6hm3o8yYSA6EhYYunHL21fzN2ucpump"
orca-dex,SOL-401JK,8.24909,8.24909,0,,14485e62-a82b-4769-8d82-0b362d800244,4.01222,6.86622,-6.10559,False,7.58586,32184,"So11111111111111111111111111111111111111112, Cz7LGKdZPpAxonXx23ZYPW3RtDQvjcf17ZDCZEzFpump"
orca-dex,GIGA-COINOMI,25.83904,25.83904,0,,d47efa3c-42b3-41d5-87e7-dac0f8b1316e,17.90232,16.53708,10.20826,False,8.23588,32170,"63LfDmNb3MQ8mw9MtZ2To9bEA2M71kZUUGq5tiJxcqj9, EHmZM5QD7NFpu6hm3o8yYSA6EhYYunHL21fzN2ucpump"
raydium-amm,WSOL-$INA,2,2,0,,513055d0-99d6-436b-8b0c-ce278f11666f,-3.39,0,0,False,1.32,32166,"So11111111111111111111111111111111111111112, 2yd2Suus3YY4Sa7LHhn1PSHkjXj3XKrars4cCog2tGU8"
kamino-liquidity,CBBTC-WBTC,0,0,0,,8e602334-dfc8-42c3-b267-ba478424c3fc,0,0,0,False,0,32130,"cbbtcf3aa214zXHbiAZQwf4122FBYbraNdFqgw4iMij, 3NZ9JMVBmGAqocybic2c7LQCJScmgsAZ6vQqTDzcqmJh"
raydium-amm,WSOL-CDOGE,1.53,1.53,0,,cbe58815-d57f-447d-a4a6-1517848dd8ca,0,-0.2,0,False,0.48,32125,"So11111111111111111111111111111111111111112, FXJAdx38aXJdQd3ABAVu7fQ7Bjh9oMN92eTxszFNpump"
raydium-amm,WSOL-STORE,1.43,1.43,0,,16e6aadd-c9c5-4029-a7d7-89907afa3547,-0.19,0,-1.37,False,0.27,32101,"So11111111111111111111111111111111111111112, FLJYGHpCCcfYUdzhcfHSeSd2peb5SMajNWaCsRnhpump"
orca-dex,USDC-PEDRO,0.12064,0.12064,0,,92865877-c2b3-5180-821e-fa0f98a6c9f7,0,0.00099,0,False,0.01723,32061,"EPjFWdd5AufqSSqeM2qN1xzybapC8G4wEGGkZwyTDt1v, GzCZMN2pN9By3epRo1GJS5WMw9BCy4oKumWH6GhjZWLk"
raydium-amm,ATS-USDC,1.4,1.4,0,,b90778f0-ff74-4311-a9e6-5d9f2a989a45,0,0,-2.84,False,0.46,32049,"4cQ9BeG6bdpkQcYGadqc1n6nCWgMuoHZenVH1xXepump, EPjFWdd5AufqSSqeM2qN1xzybapC8G4wEGGkZwyTDt1v"
raydium-amm,WSOL-NEURAL,8.2,8.2,0,,0e887d60-cd16-4378-a2da-d806c3647bc0,3.68,6.8,5.61,False,3.69,31989,"So11111111111111111111111111111111111111112, BNC5eVJZixJFykygncDuUK5TpRBsWZuT6eSA99YNh2cZ"
orca-dex,XBTC-JITOSOL,0.92462,0.92462,0,,61ddeb60-2223-4c31-82d6-def7fa4be946,-0.39039,-0.0181,-5.03077,False,1.52797,31884,"CtzPWv73Sn1dMGVU3ZtLv9yWSyUAanBni19YWDaznnkn, J1toso1uCk3RLmjorhTtrVwY9HJ7X8V9yYac6Y7kGCPn"
raydium-amm,WSOL-SELLER,158.67,158.67,0,,afbdb0b0-fb24-4101-bc3e-aeef1aa9aee7,-24.7,0,134.46,False,22.46,31845,"So11111111111111111111111111111111111111112, 9mBEqBs2xMBkeTpUUeYFqRtnHGSkEmHz73zR5m74TRiX"
orca-dex,PENGU-COINOMI,0.41324,0.41324,0,,2a3a22d8-d923-4119-8ae0-3f2abaa9d929,0.25528,-5.92863,-7.18276,False,1.30409,31840,"2zMMhcVQEXDtdE6vsFS7S7D5oUodfJHE8vd1gnBouauv, EHmZM5QD7NFpu6hm3o8yYSA6EhYYunHL21fzN2ucpump"
kamino-liquidity,XBTC-JITOSOL,0,0,0,,6e12e1bb-ff71-46bb-b231-3a652e694bd2,0,0,0,False,1.49191,31812,"CtzPWv73Sn1dMGVU3ZtLv9yWSyUAanBni19YWDaznnkn, J1toso1uCk3RLmjorhTtrVwY9HJ7X8V9yYac6Y7kGCPn"
raydium-amm,FIW-WSOL,1.52,1.52,0,,6b06cf17-a1c7-478c-9c25-d4dc9c3e7202,0,0,0,False,0.64,31809,"FeKmTunVrXDKEoDJbuTwZi8vfFFw3MHzpPB79JD8ARYU, So11111111111111111111111111111111111111112"
gmtrade,WGMX-USDC,0.26059,0.26059,0,,7f48a5b3-4a6f-56bd-b675-f864ffec9d47,-4.30393,-27.72475,0,False,0,31775,"9wX6Qz1Y5YQe71dfnFYFfZYXZhKqjYKQwdqfrRkmYUSX, EPjFWdd5AufqSSqeM2qN1xzybapC8G4wEGGkZwyTDt1v"
raydium-amm,UTHR-USDC,1.7,1.7,0,,4e064f67-66e7-4b70-9cec-f3155a8e1730,0,-0.44,-0.88,False,0.88,31751,"8sdE4z8X8DZNjFSXW6fJt66339xLGmBA9Q1h8zxMpXKt, EPjFWdd5AufqSSqeM2qN1xzybapC8G4wEGGkZwyTDt1v"
orca-dex,CASHPIGGY-USDC,0,0,0,,16137f34-3cf8-51e4-98ca-8c78473e7fea,0,0,0,True,0.5065,31732,"3VXtQPmTEmmKcrnSR7F42Watpt9osTJbXffcaRsbhiYY, EPjFWdd5AufqSSqeM2qN1xzybapC8G4wEGGkZwyTDt1v"
kamino-liquidity,SOL-ZBTC,0,0,0,,418e29f4-0222-4367-94ae-4e17acdc4d00,0,0,-6.10179,False,2.38513,31694,"So11111111111111111111111111111111111111112, zBTCug3er3tLyffELcvDNrKkCymbPWysGcWihESYfLg"
raydium-amm,GREPPE-USDC,54.28,54.28,0,,de6b5f87-8406-5436-98f1-5c8065b952c5,0,0,0,False,4.46,31550,"4hC4ARH4rE9JZGR6xwzVNdFzDyv94bj5vRZYnay6bjD5, EPjFWdd5AufqSSqeM2qN1xzybapC8G4wEGGkZwyTDt1v"
project-0,YIELD,0,0,0,,87c53eb6-d9c5-4b6f-bddd-d34b465c7260,0,0,0,False,0,31519,phaseZSfPxTDBpiVb96H4XFSD8xHeHxZre5HerehBJG
raydium-amm,WSOL-VALENTINE,1.54,1.54,0,,e1084684-91e7-41cd-b7d4-b193e6b27e52,0,0,-1.77,False,0.97,31487,"So11111111111111111111111111111111111111112, 9GtvcnDUvGsuibktxiMjLQ2yyBq5akUahuBs8yANbonk"
raydium-amm,WSOL-AKT,1.49,1.49,0,,75936b56-1be0-4e71-87b6-0eab45129170,0,0,0,False,0.14,31486,"So11111111111111111111111111111111111111112, hUoehiMy279k95UeSijKkjx7RUsb676KSDgJ2i3xYbW"
save,USDC,3.62,3.62,0,,83b6ee94-3c66-450f-a078-f68d9cd53c84,0,-0.04,-0.13,True,0,31376,EPjFWdd5AufqSSqeM2qN1xzybapC8G4wEGGkZwyTDt1v
raydium-amm,$DICE-WSOL,2.46,2.46,0,,833c3afe-2875-4a56-8b69-5224f354ef59,0,-2.26,0,False,2,31292,"Dice3uJ6AY63bKRHk5Mn24qdNLhBZJFJbaeDsTQrzBPE, So11111111111111111111111111111111111111112"
orca-dex,FARTCOIN-ZEC,4.20439,4.20439,0,,bba010fc-e741-4754-b2b4-5043a9af7718,-1.58181,0,0,False,5.61737,31283,"9BB6NFEcjBCtnNLFko2FqVQBq8HHM13kCyYcdQbgpump, A7bdiYdS5GjqGFtxf17ppRHtDKPkkRqbKtR27dxvQXaS"
raydium-amm,WSOL-ALPACA,1.17,1.17,0,,e7fb990b-4113-4de2-a872-4c5e5d7a8681,0,0,0,False,0.96,31253,"So11111111111111111111111111111111111111112, FfgtU4bMte3JRZGX7kcNVywxiGoSqUTga8eZxTSFpump"
raydium-amm,WSOL-YUNCRN,2.78,2.78,0,,583bf439-9ef9-5edf-9e9f-5636f2ef47e2,0,0,0,False,0.23,31232,"So11111111111111111111111111111111111111112, YNCtYk3fHt7yu5uuNnkn8P2TsdJJ19vwMYLbAjAKVqU"
orca-dex,ㅤ-USDC,0.12299,0.12299,0,,e69991d3-2b2b-5bf6-a121-0a714184004e,0,0,0,False,0.01757,31223,"5sEKr3EpPuNFbXz2cx1RkUK6DAhamXVNybWb2sRnfEQ5, EPjFWdd5AufqSSqeM2qN1xzybapC8G4wEGGkZwyTDt1v"
raydium-amm,WSOL-OOBE,13.82,13.82,0,,d0700f1e-efaa-4742-bfbe-04e35aa69171,1.2,-4.55,-25.09,False,14.13,31198,"So11111111111111111111111111111111111111112, EikyJKSVWPK28rX5FG8KyJcSzv3D2b2Qg7VodzqQoobe"
raydium-amm,ARIO-USDC,1.61,1.61,0,,1a18fc40-4e20-462a-b701-c9bb8d88fbf5,0,0,0,False,0.42,31147,"DcNnMuFxwhgV4WY1HVSaSEgr92bv2b1vUvEKiNxWqHdF, EPjFWdd5AufqSSqeM2qN1xzybapC8G4wEGGkZwyTDt1v"
kamino-lend,BONKSOL,0,0,0,,c26a8e19-bc02-4fb3-b917-e7f8e66f839a,0,0,0,False,0,31104,BonK1YhkXEGLZzwtcvRTip3gAL9nCeQD7ppZBLXhtTs
raydium-amm,WSOL-LOOBY,1.51,1.51,0,,66a81a01-9f1f-4975-a507-52509f23d03f,0,0,-2.02,False,0.23,31091,"So11111111111111111111111111111111111111112, CyRbC97yrkUB31sv9PLw5Hw8276zXH4sRoTE1KcDpump"
save,SOETH,0,0,0,,e79d58ab-1031-4b0b-9646-5beeeff38deb,0,0,0,False,0,31044,2FPyTwcZLUg1MDrwsyoP4D6s1tM7hAkHYRjkNb5w6Pxk
raydium-amm,NVDA-WSOL,1.34,1.34,0,,b7e2e860-b567-4d5c-9a73-c450dd638d96,-1.75,0,0,False,0.33,31027,"9dwPiStDBwJJqC3QzMnjpJP7xohZbMVmHELFx3uy3KRq, So11111111111111111111111111111111111111112"
orca-dex,BNB-USDC,2.66943,2.66943,0,,b95a0362-8fb1-4716-a458-4e6586b96e2a,-4.73307,-0.93161,0,False,6.48812,30956,"9gP2kCy3wA1ctvYWQk75guqXuHfrEomqydHLtcTCqiLa, EPjFWdd5AufqSSqeM2qN1xzybapC8G4wEGGkZwyTDt1v"
raydium-amm,MELON-WSOL,1.33,1.33,0,,c8694ec9-16fa-4007-a24b-187c0c2a5a53,-8.04,0,0,False,20.04,30858,"7DGJnYfJrYiP5CKBx6wpbu8F5Ya1swdFoesuCrAKCzZc, So11111111111111111111111111111111111111112"
orca-dex,SOL-USDC,0.41942,0.41942,0,,bdbbacdb-9c39-4c59-a3e8-eecb5ef603e6,-5.85507,-18.79408,-55.35815,False,25.57466,30837,"So11111111111111111111111111111111111111112, EPjFWdd5AufqSSqeM2qN1xzybapC8G4wEGGkZwyTDt1v"
raydium-amm,WSOL-KENDU,1.44,1.44,0,,0338b1b2-ec14-45dc-8c29-188e204188dc,0,0,-7.48,False,0.6,30814,"So11111111111111111111111111111111111111112, 2nnrviYJRLcf2bXAxpKTRXzccoDbwaP4vzuGUG75Jo45"
orca-dex,HONEYㅤ-USDC,0.12454,0.12454,0,,6ff8d4bb-e42a-57ee-a3cc-28fc1ded31fc,0,0,0,True,0.01779,30804,"4jfpH5BWz2r814uuWv2Le9up9CYN3z1sTZoBRH8xchhq, EPjFWdd5AufqSSqeM2qN1xzybapC8G4wEGGkZwyTDt1v"
raydium-amm,WSOL-STOIC,1.56,1.56,0,,1c19ff5e-28e1-4046-9192-e807cf05f232,0,0,0,False,0.3,30712,"So11111111111111111111111111111111111111112, 8TzfHZa6ZnvvGsQfnFC5wGrCiqbN9nD2KMjyabfrpump"
kamino-liquidity,MPLX-JITOSOL,0,0,0,,a6b794fb-be05-4665-924e-1a0a5802c42d,0,0,0,False,0,30645,"METAewgxyPbgwsseH8T16a39CQ5VyVxZi9zXiDPY18m, J1toso1uCk3RLmjorhTtrVwY9HJ7X8V9yYac6Y7kGCPn"
raydium-amm,WSOL-BIS,1.54,1.54,0,,c2722383-8f0a-4a60-811f-b28f8db098f2,0,0,0,False,0.3,30600,"So11111111111111111111111111111111111111112, 2GPJhV9jNrj7TaLYMRgWkcy6sTKLcwntv7nZ7qDyMRGM"
raydium-amm,JHH-WSOL,50.01,50.01,0,,2f73ebf3-3a17-40f7-ad4b-733573ffca7b,43.07,0,0,False,9.79,30590,"C2nneybCJP2i6mk6Nu6SfTcxoNXNLjngnzwDgje2eNrr, So11111111111111111111111111111111111111112"
raydium-amm,WSOL-DEJAVU,2.9,2.9,0,,7a3ae2e7-81e0-53b5-adce-4be8a7e771b1,0,0,0,False,0.24,30523,"So11111111111111111111111111111111111111112, DEJApmnJZMqi5T5EmcaCxE4DbFaJ8gBfog2gtoY8eY3o"
project-0,ZBTC,0.23187,0.23187,0,,20a0395a-ddc6-4794-b38f-0b718b934d84,0,6e-05,0.14659,False,0,30492,zBTCug3er3tLyffELcvDNrKkCymbPWysGcWihESYfLg
raydium-amm,WSOL-WCT,1.67,1.67,0,,b5f1b135-dcff-4006-962d-deab9b462ccf,-0.5,-4.52,0,False,0.64,30487,"So11111111111111111111111111111111111111112, WCTk5xWdn5SYg56twGj32sUF3W4WFQ48ogezLBuYTBY"
raydium-amm,WSOL-USD1,1.91,1.91,0,,12524028-47b6-4d4b-b523-67186069607b,0,0,0,False,1.32,30486,"So11111111111111111111111111111111111111112, USD1ttGY1N17NEEHLmELoaybftRBUSErhqYiQzvEmuB"
orca-dex,COINOMI-BONGO,12.15938,12.15938,0,,99b956c2-1b67-484e-87e6-41b702e70658,11.97807,9.4816,10.1352,False,2.50703,30448,"EHmZM5QD7NFpu6hm3o8yYSA6EhYYunHL21fzN2ucpump, HPJALtLtydXym5Tbv6udQCKcXSihnz3B7aD3PNMNbonk"
orca-dex,SOL-EDGESOL,0,0,0,,d4b7b1e3-8307-432b-aeb7-132a35560f23,0,0,0,False,0,30442,"So11111111111111111111111111111111111111112, edge86g9cVz87xcpKpy3J77vbp4wYd9idEV562CCntt"
raydium-amm,CBBTC-JITOSOL,1.3,1.3,0,,7833af89-92c3-4a8c-8b55-86bddc1ce762,-0.44,0,-2.69,False,1.1,30426,"cbbtcf3aa214zXHbiAZQwf4122FBYbraNdFqgw4iMij, J1toso1uCk3RLmjorhTtrVwY9HJ7X8V9yYac6Y7kGCPn"
raydium-amm,WSOL-ETFG,1.39,1.39,0,,7e12464e-b9c0-4eb9-8d66-9282b23f1b16,-1.07,-9.99,-10.23,False,1.21,30389,"So11111111111111111111111111111111111111112, uMTQdXnAS1wthU6qjf3Pjb4PZ8NAenhFTUB7VPFbcPY"
raydium-amm,WSOL-CHRLE,1.5,1.5,0,,95b0e5dd-c693-450b-8d0b-04bd640e2572,0,0,0,False,0.84,30382,"So11111111111111111111111111111111111111112, G1ij1UjWBcUFtVHz5GVDAopPNMQcbwtdegH94LU6Jray"
raydium-amm,SAMO-RAY,1.73,1.73,0,,e3fa75fc-359a-40f3-b179-0c3d2158fdb4,-2.64,-1.71,-10.37,False,1.98,30364,"7xKXtg2CW87d97TXJSDpbD5jBkheTqA83TZRuJosgAsU, 4k3Dyjzvzp8eMZWUXbBCjEvwSkkk59S5iCNLY3QrkX6R"
raydium-amm,WSOL-PORK,4.37,4.37,0,,26eea005-17d2-4c87-9fec-04eebd8bb0dc,1.03,0,0,False,1.09,30339,"So11111111111111111111111111111111111111112, CVGBG44dKpUFQBANot9jY9KQ68QCBXAwd4sf7BJxpump"
kamino-lend,ALP,0,0,0,,48be958c-cb85-4baa-8131-891d09c2193d,0,0,0,False,0,30278,4yCLi5yWGzpTWMQ1iWHG5CrGYAdBkhyEdsuSugjDUqwj
raydium-amm,WSOL-$DAUMEN,2.28,2.28,0,,536f4d59-617a-48b1-a31c-cc4346a9d2b6,-1.47,0.76,-1.99,False,0.79,30275,"So11111111111111111111111111111111111111112, T1oYbAejEESrZLtSAjumAXhzFqZGNxQ4kVN9vPUoxMv"
kamino-liquidity,CBBTC-JITOSOL,0,0,0,,03f0d5c2-2b00-4a1c-8146-4c2f89eb8990,0,0,0,False,26.39991,30269,"cbbtcf3aa214zXHbiAZQwf4122FBYbraNdFqgw4iMij, J1toso1uCk3RLmjorhTtrVwY9HJ7X8V9yYac6Y7kGCPn"
save,WSTETH,0,0,0,,b50b0a4c-2df7-4fe0-89fb-db64ece255a8,0,0,0,False,0,30173,ZScHuTtqZukUrtZS43teTKGs2VqkKL8k4QCouR2n6Uo
orca-dex,FARTCOIN-USELESS,50.40339,50.40339,0,,157c63f1-f4df-47cf-8928-5d43c9b82378,25.10791,-15.3458,-55.32275,False,54.93953,30155,"9BB6NFEcjBCtnNLFko2FqVQBq8HHM13kCyYcdQbgpump, Dz9mQ9NzkBcCsuGPFJ3r1bS4wgqKMHBPiVuniW8Mbonk"
raydium-amm,FAPTAX-WSOL,1.55,1.55,0,,770fef1d-bd59-4140-ba62-4cdaed8344da,0,0,0,False,1.53,30150,"BDciduUgepb9DehoJ1CDK1gqNkUUKusQP7PwHr9cTwX2, So11111111111111111111111111111111111111112"
raydium-amm,WSOL-PRAWN,1.46,1.46,0,,f997d8c6-bfc9-4ce2-85ba-47a4bb48bc8a,-0.9,0,0,False,0.49,30113,"So11111111111111111111111111111111111111112, 6b7NtVRo6jDSUZ75qfhHgpy99XVkSu1kfoTFu2E3pump"
loopscale,SLX,0.22749,0.22749,0,,d37df913-c726-5dcf-b1a8-7571f12f483b,0.03448,0.16554,0,False,0,30015,SLXdx4BUt2v9uJQNzWqSfzTJ9UKLUDsvxHFMEEdrfgq
raydium-amm,WSOL-AIB,7.18,7.18,0,,403c92ba-d757-4888-886e-f473fdab4e17,0,0,3.91,False,0.62,29994,"So11111111111111111111111111111111111111112, 5GfXzzdxUZ4QEwwa5hhBMEazFSp9EhtYvm8RFLxrgyVc"
orca-dex,WBTC-XBTC,0.29608,0.29608,0,,07f30ec4-ea84-44b6-bfbb-a2a797188d43,-0.69903,-0.20242,-13.90987,False,1.53217,29991,"3NZ9JMVBmGAqocybic2c7LQCJScmgsAZ6vQqTDzcqmJh, CtzPWv73Sn1dMGVU3ZtLv9yWSyUAanBni19YWDaznnkn"
raydium-amm,WSOL-MEGA,1.57,1.57,0,,6c396f62-2637-452a-b380-1735236bcccc,0,0,0,False,0.55,29901,"So11111111111111111111111111111111111111112, 5mfWKJrjVtpZo8EvwbytFWH5X6T8YecxrrYCgskjpump"
raydium-amm,RMDN-WSOL,1.55,1.55,0,,2e00a92b-b1f0-4c8e-998f-2823cfb55b1d,0,0,-2.71,False,0.25,29812,"6TC3Nj94aEFK7ZzZ5QWUk29aUeym4TQYcqntW4z8Q88x, So11111111111111111111111111111111111111112"
orca-dex,SOL-TRIPLET,445.49155,445.49155,0,,b9663029-5a8e-4201-a164-3d501024de15,-1051.50282,-749.06083,17.51056,False,742.56988,29704,"So11111111111111111111111111111111111111112, J8PSdNP3QewKq2Z1JJJFDMaqF7KcaiJhR7gbr5KZpump"
orca-dex,JTO-USDC,5.78838,5.78838,0,,2a5c5c39-ecfe-4afa-af3e-126391c1f73c,-3.66955,-0.54507,-26.39438,False,10.89698,29693,"jtojtomepa8beP8AuQc6eXt5FriJwfFMwQx2v2f9mCL, EPjFWdd5AufqSSqeM2qN1xzybapC8G4wEGGkZwyTDt1v"
raydium-amm,WSOL-🐕,1.56,1.56,0,,c550c0ed-3cb7-40da-a064-dd9fae977ee8,0,-0.2,0,False,0.43,29680,"So11111111111111111111111111111111111111112, DLScRnWofxiYGqnvZWGy9Gt98MPqKdznaK4TRukxpump"
orca-dex,USDC-GILTS,0,0,0,,6a845bdb-ac4c-5f3b-a909-f0987eb33cea,-0.47372,-0.01603,0,False,1.06089,29653,"EPjFWdd5AufqSSqeM2qN1xzybapC8G4wEGGkZwyTDt1v, GiLTSeSFnNse7xQVYeKdMyckGw66AoRmyggGg1NNd4yr"
raydium-amm,WSOL-AIMONICA,1.54,1.54,0,,44895aa2-9661-4dbe-8a78-3de52780de04,0,0,0,False,0.31,29645,"So11111111111111111111111111111111111111112, FVdo7CDJarhYoH6McyTFqx71EtzCPViinvdd1v86Qmy5"
raydium-amm,USD1-TRUMPCOIN,160.91,160.91,0,,9d3c7619-0feb-5910-8e79-02c4fc284238,6.13,-654.94,0,False,219.12,29619,"USD1ttGY1N17NEEHLmELoaybftRBUSErhqYiQzvEmuB, G9VVud86SLgb7SnTqRKXJVUkzwLzCf4R89vknWVKbonk"
kamino-liquidity,SOL-WBTC,0,0,0,,6f85ea1d-abe9-4d86-aca1-51a2203a040e,0,0,0,False,0,29609,"So11111111111111111111111111111111111111112, 3NZ9JMVBmGAqocybic2c7LQCJScmgsAZ6vQqTDzcqmJh"
raydium-amm,WSTETH-WETH,23.58,23.58,0,,40744c16-b8a1-443f-95a3-0b4bf9d2531c,0,-15.44,0,False,10.4,29593,"ZScHuTtqZukUrtZS43teTKGs2VqkKL8k4QCouR2n6Uo, 7vfCXTUXx5WJV5JADk17DUJ4ksgau7utNKj4b963voxs"
raydium-amm,SAROS-USDC,2.64,2.64,0,,ff31c03a-3604-46dc-aa69-27781a894f79,1.03,0.41,1.13,False,1.47,29564,"SarosY6Vscao718M4A778z4CGtvcwcGef5M9MEH1LGL, EPjFWdd5AufqSSqeM2qN1xzybapC8G4wEGGkZwyTDt1v"
raydium-amm,ANDY-WSOL,1.65,1.65,0,,015e781d-4aa5-4c96-88b3-37328eb3ddd9,0,0,0,False,0.54,29354,"93n51i8anR3ziS6kxqXEACjrvJoXpAxt3qbbo3eaRFRz, So11111111111111111111111111111111111111112"
kamino-liquidity,WEN-SOL,51.72254,51.72254,0,,790d3541-7269-4a6f-90d0-9436677df4e0,14.73927,-54.19396,-4.95693,False,53.18497,29325,"WENWENvqqNya429ubCdR81ZmD69brwQaaBYY6p3LCpk, So11111111111111111111111111111111111111112"
kamino-liquidity,DISABLED-WFRAGSOL-JTO,0,0,0,,acd9caba-fe10-48c6-91a3-5e0a65bca2f5,0,0,0,False,0,29242,"WFRGJnQt5pK8Dv4cDAbrSsgPcmboysrmX3RYhmRRyTR, jtojtomepa8beP8AuQc6eXt5FriJwfFMwQx2v2f9mCL"
orca-dex,SOL-R$L.,0,0,0,,e34ee232-604c-447c-93e4-97580590e2ce,0,0,0,False,0.65651,29066,"So11111111111111111111111111111111111111112, JD5yWQRBK3AL1PchG26tmm7JQ3PwSYLjwNfP13fjJkr8"
orca-dex,SOL-ARC,6.35177,6.35177,0,,97bc4de2-3d88-431d-adf3-62c2acc1d362,2.52967,-23.06439,-110.53886,False,21.80283,29064,"So11111111111111111111111111111111111111112, 61V8vBaqAGMpgDQi4JcAwo1dmBGHsyhzodcPqnEVpump"
orca-dex,USDH-USDC,0.0672,0.0672,0,,9b08d635-0072-40d7-b09d-34129d4e591e,-0.0685,0.03838,-0.54117,True,0.11333,29023,"USDH1SM1ojwWUga67PGrgFWUHibbjqMvuMaDkRJTgkX, EPjFWdd5AufqSSqeM2qN1xzybapC8G4wEGGkZwyTDt1v"
raydium-amm,WSOL-NUUM,6.87,6.87,0,,22a453a8-9a40-4101-8075-fbfb417f774e,0,0,0,False,0.66,29008,"So11111111111111111111111111111111111111112, nuumnQ637GtKPis16AeU3PhNru74S7tK9GdjYVATbxL"
raydium-amm,WSOL-MAYBE,1.31,1.31,0,,648347e8-dd41-437b-adca-aad7439590ac,0,-0.87,0,False,5.6,28999,"So11111111111111111111111111111111111111112, 4F5VG4QNMMhbZURpqdvjVkKERtD9KSuf7kPEbAd8pump"
gmtrade,ADA-USDC,38.70809,38.70809,0,,dac2ef37-7aa3-4455-a5d7-69cab31a3360,-10.55195,17.17858,34.74114,False,0,28876,EPjFWdd5AufqSSqeM2qN1xzybapC8G4wEGGkZwyTDt1v
raydium-amm,HISS-WSOL,1.62,1.62,0,,45e1650c-0f80-4a1f-b4e9-69956880a05c,0,-0.96,-1.17,False,0.8,28811,"3kM6vNo8WeCd7DY3EZBjPuFQ9h8gi3Bm5T8rFPQq1WBt, So11111111111111111111111111111111111111112"
orca-dex,RAY-COINOMI,0.30561,0.30561,0,,8d5fec1d-8d00-4446-b07d-32ce5517c991,-2.17479,-0.64999,-6.5697,False,2.33578,28805,"4k3Dyjzvzp8eMZWUXbBCjEvwSkkk59S5iCNLY3QrkX6R, EHmZM5QD7NFpu6hm3o8yYSA6EhYYunHL21fzN2ucpump"
kamino-liquidity,USDH-USDC,0,0,0,,dc1420de-7646-456a-be87-5d6c9c0a726d,0,0,0,True,0,28790,"USDH1SM1ojwWUga67PGrgFWUHibbjqMvuMaDkRJTgkX, EPjFWdd5AufqSSqeM2qN1xzybapC8G4wEGGkZwyTDt1v"
raydium-amm,DIO-USDT,1.55,1.55,0,,7b87b918-9bbe-43b4-8253-95bdf9295307,-0.2,-2.37,-4.3,False,1.02,28726,"BiDB55p4G3n1fGhwKFpxsokBMqgctL4qnZpDH1bVQxMD, Es9vMFrzaCERmJfrF4H2FYD4KCoNkY11McCe8BenwNYB"
raydium-amm,AI-WSOL,2.01,2.01,0,,1ffa4abf-d7ff-4bba-aa58-81cc20b1b301,-0.39,-0.02,0,False,2.44,28703,"7tAnusL3srXjzEriVL86a23KgwDZKXJTZ2ezEUubonk, So11111111111111111111111111111111111111112"
raydium-amm,POWSCHE-WSOL,1.61,1.61,0,,97ef9c26-a3c7-4080-8ae2-9e112d2606b5,0,0,0,False,0.26,28685,"8CkiSHHJDHJV4LUoiRMLUhqG58cUkbyJRtcP4Z3mCXNf, So11111111111111111111111111111111111111112"
raydium-amm,TTS-WSOL,6.33,6.33,0,,a6d0bee3-4c0e-59fb-b314-8894d897d773,-15.6,0,0,False,4.47,28661,"FoSGgFuepyzgHvdtQgPMGh3nSG67rVCrn7sJ6xvjXAB2, So11111111111111111111111111111111111111112"
raydium-amm,WSOL-TT,1.45,1.45,0,,f06db63c-4405-4b8e-a050-943eaabfe8cb,-0.18,-0.64,-3.24,False,2.51,28587,"So11111111111111111111111111111111111111112, 5dSW7m4EN1DWXk6782P1UYSddDz3xTQEAtL6gtZmpump"
orca-dex,ORCA-COINOMI,0.93406,0.93406,0,,7520a0c1-0877-4174-a890-08b180c810a8,-1.36435,0.69489,-3.65763,False,1.828,28583,"orcaEKTdK7LKz57vaAYr9QeNsVEPfiu6QeMU1kektZE, EHmZM5QD7NFpu6hm3o8yYSA6EhYYunHL21fzN2ucpump"
raydium-amm,WSOL-RIPBIDEN,2.6,2.6,0,,3cf07f01-1f09-4adc-8ca1-6b3ac2bafb09,-2.19,0,0,False,1.5,28577,"So11111111111111111111111111111111111111112, 9rXzA4kwrcxnoJoweAo3PjoDHFQnRQ5zJGTxHUDypump"
raydium-amm,WSOL-CRCL,3.23,3.23,0,,0e8c34ec-37bf-4496-aa52-ff7b47c4a0af,-6.75,0,-2.04,False,6.5,28576,"So11111111111111111111111111111111111111112, HyU6PuA4oDPxnEpP7E3MGc4u6MQ4m31LZihTF7RPbonk"
raydium-amm,INBRED-WSOL,3.32,3.32,0,,1faed1e6-c727-45b1-acbf-ffbf923c06a8,0,0,0,False,0.7,28571,"EjzzyCSiLqjFDprpZj8e1zjXmcTG5HPGFRSEoWcJWHh9, So11111111111111111111111111111111111111112"
raydium-amm,WSOL-WAWA,1.59,1.59,0,,85a8756f-8e9c-4cac-bb9a-2cb56c92d581,0,0,0,False,0.56,28517,"So11111111111111111111111111111111111111112, 8Sk2EJ9oo25b7Mmf4qd5gJw6z3738AXvAbkuSSpQpump"
raydium-amm,WSOL-CAW,1.63,1.63,0,,e552a5f5-99b4-458a-a4de-d3e5206a57ad,0,-0.6,0,False,1.18,28500,"So11111111111111111111111111111111111111112, CAW777xcHVTQZ4CRwVQGB8CV1BVKPm5bNVxFJHWFKiH8"
raydium-amm,SHARBI-WSOL,3.8,3.8,0,,ef359729-8af8-4ec0-a832-74057e24e7cb,0,0,0,False,0.47,28479,"8D1nUMJQam54o34Kj2knFhSTaWoehEr4mBc7LfiDdCqq, So11111111111111111111111111111111111111112"
raydium-amm,WSOL-RELAX,1.57,1.57,0,,ddc5acd8-6a2e-4b0a-8384-ff97c9470563,0,-11.54,0,False,3.17,28472,"So11111111111111111111111111111111111111112, 6LYqVzVfqpjVT2dEJqpJG7C4eBNoy3tTTk1u7a4Mpump"
raydium-amm,WSOL-DEEPSEEK,1.71,1.71,0,,979e3bec-b9a4-405f-b97d-69d4d52b53dc,0,-1.53,0,False,1.63,28455,"So11111111111111111111111111111111111111112, 5D27EZ1prg14zDFfDXZPfebej2Q4mX12VBqLeXdppump"
orca-dex,MPLX-JITOSOL,0,0,0,,92a173c7-9743-4ce5-a102-9326846e84bd,-1e-05,-1.1875,0,False,0.63962,28419,"METAewgxyPbgwsseH8T16a39CQ5VyVxZi9zXiDPY18m, J1toso1uCk3RLmjorhTtrVwY9HJ7X8V9yYac6Y7kGCPn"
raydium-amm,ROCKY-WSOL,1.34,1.34,0,,de5c317b-bfde-4e06-aba9-eb0c240477ad,0,-6.72,0,False,0.69,28379,"4icEZCrEYNop2ZaMMCkRHaNzkt6xG9BpijMCQV7mpw6Z, So11111111111111111111111111111111111111112"
orca-dex,MYRC-USDC,2.36986,2.36986,0,,210f5ee2-00ee-458c-a16a-01e616dd6642,0.59296,-0.6726,-5.38078,False,3.32035,28361,"myrcAs6bpP2g5oGHZ3qpgrfZQAFkbo9KUHdqYDXMjGv, EPjFWdd5AufqSSqeM2qN1xzybapC8G4wEGGkZwyTDt1v"
raydium-amm,WSOL-LIZARD,1.43,1.43,0,,67d00a28-1fca-462b-b86b-ecfcfa7bf4c2,-0.59,-5.48,-7.44,False,5.02,28357,"So11111111111111111111111111111111111111112, 347k5f1WLRYe81roRcLBWDR6k3eCRunaqetQPW6pbonk"
raydium-amm,WSOL-DOBBY,1.87,1.87,0,,efaadde6-f2a1-4c59-b82c-162a7d57955d,-2.11,0.15,-1.38,False,1.83,28292,"So11111111111111111111111111111111111111112, CPcf58MNikQw2G23kTVWQevRDeFDpdxMH7KkR7Lhpump"
raydium-amm,ESX-USDT,1.67,1.67,0,,859cba60-ad63-4963-a378-822314073585,0,0.26,-12.65,False,0.7,28268,"28G7z3VyHDFNhrnvSTf1GssKoGrtCrdiguASQy2BsHiF, Es9vMFrzaCERmJfrF4H2FYD4KCoNkY11McCe8BenwNYB"
raydium-amm,CBBTC-TSAT,2.14,2.14,0,,15bb57df-ce2f-48b3-a4e5-2af256f22c25,0,0,-0.78,False,0.83,28091,"cbbtcf3aa214zXHbiAZQwf4122FBYbraNdFqgw4iMij, tSATdGGSLYBVCrm3pXiib8NmzKcB1iUdjRRseNGssxu"
raydium-amm,KOKO-WSOL,1.87,1.87,0,,2e57cf68-ea0c-483c-831d-0e46fe19212c,0,-0.46,0,False,7.43,28090,"FsA54yL49WKs7rWoGv9sUcbSGWCWV756jTD349e6H2yW, So11111111111111111111111111111111111111112"
orca-dex,USDT-,0.00778,0.00778,0,,964f9fc9-19ce-5381-96eb-031b2bc64ff2,0,0,0,False,0.00111,28084,"Es9vMFrzaCERmJfrF4H2FYD4KCoNkY11McCe8BenwNYB, GBvdxF69chDP64jkyxFeHXk2bsmNh4bVwPmAC5bKWFz5"
raydium-amm,WSOL-AAA,1.98,1.98,0,,2f07e365-fd8e-489f-b4c2-af9df3050d69,0,0,0,False,0.21,28083,"So11111111111111111111111111111111111111112, 275FUEyp5o7TWo1dCDYJyprb4o2WBcxEQsvmt816pump"
save,USDC,6.07,6.07,0,,c574008e-c7d6-4b25-a887-f210a5ce1a00,-0.01,-0.07,0.93,True,0,28053,EPjFWdd5AufqSSqeM2qN1xzybapC8G4wEGGkZwyTDt1v
raydium-amm,USDT-ERC20-USDC,9.69,9.69,0,,291281a2-7a3e-544d-9270-ea1736c6a243,0,0,0,False,0.8,28010,"5PiqMtkVCojswcDnBZEwCzVVf5EBAvXNu9khH2xFJdB2, EPjFWdd5AufqSSqeM2qN1xzybapC8G4wEGGkZwyTDt1v"
kamino-lend,DFDVSOL,0,0,0,,a7bc7803-51ac-4942-9dfc-a1702b7a3fdf,0,0,0,False,0,27952,sctmB7GPi5L2Q5G9tUSzXvhZ4YiDMEGcRov9KfArQpx
raydium-amm,WSOL-CHIIKAWA,17.66,17.66,0,,9165ae9c-bd31-43aa-bb1b-37ebb69ac327,-15.48,0,0,False,5.44,27949,"So11111111111111111111111111111111111111112, DHoadXCbf6TcadkcMGJ8kFRdDa2sXPQ1KrgodUDRpump"
raydium-amm,WSOL-GARY,1.7,1.7,0,,f2e442f2-dc58-461d-9ea2-883a6d7b814b,0,0.46,-56.61,False,1.83,27917,"So11111111111111111111111111111111111111112, 5SRer48NRfmhsut1n4ZwSAVUJAErNjdKcXTMVaxdpump"
raydium-amm,WSOL-8CHAN,1.56,1.56,0,,4b93904a-afce-4f49-a876-77828e21fe62,0,-0.03,0,False,0.85,27825,"So11111111111111111111111111111111111111112, 9fcfqnpSW3ifkZeaRS19uHeovDRBLy57V89zh2rtpump"
orca-dex,USDC-EVE,0.13847,0.13847,0,,41263cff-9d9a-5fc8-aaed-a38592a26c8d,0,0,0,False,0.01978,27813,"EPjFWdd5AufqSSqeM2qN1xzybapC8G4wEGGkZwyTDt1v, GJHM9bcK3ziWWbp111urR3CCW4oKT6J3Tcr11P1W7BT6"
raydium-amm,WSOL-$TOPG,1.67,1.67,0,,6a5ce648-5c37-4461-afa7-9514e94c1ea4,0,0,0,False,3.78,27798,"So11111111111111111111111111111111111111112, 9HSMssrVecFSs494Zw1QBZL5m3Wjtnic4o1nX6u7pump"
raydium-amm,JUP-WSOL,5.15,5.15,0,,c6bbf73a-609c-4316-92dd-1fe9063a3d88,-3.49,-10.53,-48.85,False,6.19,27750,"JUPyiwrYJFskUPiHa7hkeR8VUtAeFoSYbKedZNsDvCN, So11111111111111111111111111111111111111112"
raydium-amm,WSOL-BROKE,13.96,13.96,0,,d3bc857d-136b-4d65-ba86-d5cfb6ea4e1c,0,0,0,False,4.21,27750,"So11111111111111111111111111111111111111112, Ga4oZoNRLkZkruJpS8NLwa8DJCwKP9hbTBSNDQZ9V43v"
orca-dex,JUP-USDC,3.82043,3.82043,0,,2278efce-6527-4065-985d-756ebe0f0555,-7.44673,-5.95951,-51.14427,False,9.33705,27731,"JUPyiwrYJFskUPiHa7hkeR8VUtAeFoSYbKedZNsDvCN, EPjFWdd5AufqSSqeM2qN1xzybapC8G4wEGGkZwyTDt1v"
raydium-amm,USDC-ZEPTA,5.35,5.35,0,,6cdd5e6b-7ef4-42d2-a0a3-48a58b025982,-11.09,-9.71,-9.68,False,5.57,27631,"EPjFWdd5AufqSSqeM2qN1xzybapC8G4wEGGkZwyTDt1v, GWQpRtHNjaBYHFqLWpLXv1dVJjkbQAyLLQpWUfun8Kgj"
raydium-amm,WSOL-GIB,1.5,1.5,0,,3899bc52-738f-4530-b838-6bfb67c5e93a,0,-5.89,0,False,1.4,27614,"So11111111111111111111111111111111111111112, 6FtbGaqgZzti1TxJksBV4PSya5of9VqA9vJNDxPwbonk"
raydium-amm,J-WSOL,7.25,7.25,0,,e305800a-8c34-4439-bd67-5ba8ec300c88,-15.23,4.43,2.64,False,3.12,27507,"Jambjx1oJoZNBZiqbiF9TqgatEZPdyfvYa9WVsKNzUh, So11111111111111111111111111111111111111112"
orca-dex,WHETH-JITOSOL,7.53371,7.53371,0,,0f5c96a9-bf28-479a-9c5b-30a25220cbc2,-3.08495,5.5087,-20.63001,False,6.10986,27474,"7vfCXTUXx5WJV5JADk17DUJ4ksgau7utNKj4b963voxs, J1toso1uCk3RLmjorhTtrVwY9HJ7X8V9yYac6Y7kGCPn"
raydium-amm,USD1-MMGA,1.81,1.81,0,,fc012568-77cd-447e-b76f-4faecc202e43,0,-2.44,0,False,1.61,27449,"USD1ttGY1N17NEEHLmELoaybftRBUSErhqYiQzvEmuB, 87B6mb9KBjaF5NHrB3H33f7grdUHi4oWmMErjhZ5bonk"
raydium-amm,WSOL-GAVIN,4.56,4.56,0,,eb7bc9b4-dd74-4ac8-aa3c-b1f9715426e9,-0.91,0,0,False,3.31,27449,"So11111111111111111111111111111111111111112, 2sBzM32KabqCZgkA6A7UeT4SttDbKikzzVrvrniSpump"
raydium-amm,WSOL-PCSM,2.05,2.05,0,,d50bd2f2-c967-49ca-8f17-c0cbdd18b8f6,-4.42,0,-34.54,False,0.9,27416,"So11111111111111111111111111111111111111112, 5kGv6cqNpLfjpxDUAn3u1Hem9SkM19CUKec9AX3pvHEm"
raydium-amm,LS-USDT,0.58,0.58,0,,de86d626-2077-42e6-a091-a6a8678a39de,-0.93,-0.12,0.33,False,0.4,27407,"ApBJY8Zx4Zeigc3AZHYMQaeipQLwHb8AT5LbPoLXYkDg, Es9vMFrzaCERmJfrF4H2FYD4KCoNkY11McCe8BenwNYB"
orca-dex,SPY-USDC,4.11317,4.11317,0,,052001e6-20c2-5a31-b94e-2c5c7eac0e46,0,0.00113,0,False,0.5876,27391,"DM7CRx5jkXD8r3V7w6EAhGrj58Cjw9XsZnJ9JJ7WYynb, EPjFWdd5AufqSSqeM2qN1xzybapC8G4wEGGkZwyTDt1v"
raydium-amm,WSOL-GAIN,2.16,2.16,0,,e9208b87-c2b3-55fa-82c7-419760090865,-3.4,-25.15,0,False,4.23,27364,"So11111111111111111111111111111111111111112, 5eGmsnMNjRQpRPHwfpXCTrAa4f2bVW4xyxaoJF4QzkGc"
orca-dex,SOL-EURC,1.64202,1.64202,0,,f0c8724f-da77-4cb3-9c33-d989ec6253b2,-10.6443,-0.39884,1.60177,False,12.60835,27347,"So11111111111111111111111111111111111111112, HzwqbKZw8HxMN6bF2yFZNrht3c2iXXzpKcFu7uBEDKtr"
raydium-amm,WSOL-JAE,18.07,18.07,0,,6227524f-0a95-4326-a380-45eff27d178a,5.47,0,0,False,9.43,27295,"So11111111111111111111111111111111111111112, 9nQKC2fKKKViVk6FWoj4erq3qbmkf37TjrFkiDBA1pDk"
project-0,PYUSD,7.51914,7.51914,0,,ab404965-3b8b-50cd-9bd8-84860f711bf0,-2.68894,2.63352,0,True,0,27233,2b1kV6DkPAnxd5ixfnxCpjxmKwqjjaYmCZfHsFu24GXo
raydium-amm,WSOL-DIS,1.88,1.88,0,,00e404b1-973c-4765-896d-10b96ab8c717,0,0,0,False,0.72,27205,"So11111111111111111111111111111111111111112, ETv2EwA1wwiCGvQn1achGFNBTRC8EAJgNavvMoShpump"
raydium-amm,WSOL-STUPID,1.36,1.36,0,,3ec2cfbb-ee8f-4438-ae38-cf56e7d9d035,0,-3.62,-0.84,False,2.08,27200,"So11111111111111111111111111111111111111112, w6iohhdC6zbq2DP1uwtmvXPJibbFroDnni1A222bonk"
raydium-amm,WSOL-AGIENCE,1.29,1.29,0,,f19b5560-0a02-4897-9298-d41eb813730c,0,0,0,False,0.29,27198,"So11111111111111111111111111111111111111112, 6xAtWWHmXdZvtBLZu4D4PEwiTuUVfzGuWJfBiCVpump"
raydium-amm,WSOL-TRUTH,1.66,1.66,0,,e7d21104-23fd-4109-91ca-e0143313c96a,0,0,-4.56,False,0.29,27177,"So11111111111111111111111111111111111111112, 2GmUPhpe93kcTJZrC7NJ2keeDZRT5dBveUgegb13pump"
orca-dex,PLTRX-USDC,3.66474,3.66474,0,,06244737-82e1-41f3-b178-80a17165219c,-24.41419,-5.12792,-121.06996,False,26.62794,27145,"XsoBhf2ufR8fTyNSjqfU71DYGaE6Z3SUGAidpzriAA4, EPjFWdd5AufqSSqeM2qN1xzybapC8G4wEGGkZwyTDt1v"
orca-dex,ONYC-JITOSOL,1.68596,1.68596,0,,6fdd4fb3-f911-42da-969c-77cb8550d651,-2.37326,-0.60624,-20.46344,False,4.63476,27104,"5Y8NV33Vv7WbnLfq3zBcKSdYPrk7g2KoiQoe7M2tcxp5, J1toso1uCk3RLmjorhTtrVwY9HJ7X8V9yYac6Y7kGCPn"
kamino-liquidity,ONYC-JITOSOL,0,0,0,,21f9fe4b-8bab-42b4-9bf9-3d18fbb90763,0,-12.11543,-13.0988,False,1.76104,27077,"5Y8NV33Vv7WbnLfq3zBcKSdYPrk7g2KoiQoe7M2tcxp5, J1toso1uCk3RLmjorhTtrVwY9HJ7X8V9yYac6Y7kGCPn"
raydium-amm,WSOL-WTF,2.39,2.39,0,,c713aa28-c83d-4579-bb42-57865687b92f,0,0,0,False,1.09,27073,"So11111111111111111111111111111111111111112, AgDNMAi8r2QS1FQEeTHLsZSmkQKCK7xXP2bR7jQ2pump"
raydium-amm,WSOL-CWH,1.66,1.66,0,,38121b73-ff7f-4bbf-99b4-23322ce0e0f4,0,0,-1.16,False,0.24,27020,"So11111111111111111111111111111111111111112, 2gkevSAUExkSUwwwj6uNbzwwNCXyzEBkGLg4wAyUpump"
omnipair,SOL-BORG,1.32723,1.32723,0,,3aaf8903-5ea2-48bf-b10b-7aa1481c2888,0.02124,-0.6914,-0.38608,False,0,26956,"So11111111111111111111111111111111111111112, 3dQTr7ror2QPKQ3GbBCokJUmjErGg8kTJzdnYjNfvi3Z"
gmtrade,BOME-USDC,49.45961,49.45961,0,,ee7af3f9-1ae0-42a6-bdf7-da6770f5856b,-8.62889,12.2657,38.14748,False,0,26944,EPjFWdd5AufqSSqeM2qN1xzybapC8G4wEGGkZwyTDt1v
raydium-amm,SHULEVITZ-USDC,15.85692,1.7,14.15692,336xqC8BDQ4MBKyDBye2qtMhRvDKu3ccr5R5bnMbaU4Q,a0440420-f6cc-4628-b3d5-75718bfecb4d,0,-17.08626,0,False,15.98,26933,"336xqC8BDQ4MBKyDBye2qtMhRvDKu3ccr5R5bnMbaU4Q, EPjFWdd5AufqSSqeM2qN1xzybapC8G4wEGGkZwyTDt1v"
kamino-liquidity,MSOL-ETH,0,0,0,,383ef197-4f56-460a-a6de-fae4c9fa483f,0,0,0,False,1.8124,26919,"mSoLzYCxHdYgdzU16g5QSh3i5K3z3KZK7ytfqcJm7So, 7vfCXTUXx5WJV5JADk17DUJ4ksgau7utNKj4b963voxs"
raydium-amm,NOS-USDC,4.02,4.02,0,,39b93c27-18d3-415a-85e3-0df1f0a48bd5,0.1,-2.51,-1.83,False,2.43,26766,"nosXBVoaCTtYdLvKY6Csb4AC8JCdQKKAaWYtx2ZMoo7, EPjFWdd5AufqSSqeM2qN1xzybapC8G4wEGGkZwyTDt1v"
raydium-amm,WSOL-REAL,1.72,1.72,0,,a54cb88e-80b9-4f16-8266-c384647092bb,0,0,0,False,0.34,26758,"So11111111111111111111111111111111111111112, Cy4DSbZW4CE6cG6HDqQFhXxpHTdm41SY9hBB1JG6pump"
raydium-amm,WSOL-PEPE,1.76,1.76,0,,1e41c2e6-9cb5-4ea2-bd8f-8aecd1a6d31c,0,0,0,False,1.16,26702,"So11111111111111111111111111111111111111112, 21Dt6Ne2tQ8wQ5j6G2zahtF1tskJqRmtSaaSwXjyBJVz"
raydium-amm,WSOL-TATEAI,1.68,1.68,0,,54b3f7b9-62bb-4de7-9fef-9916548fa325,0,0,0,False,1.23,26687,"So11111111111111111111111111111111111111112, BoBj68cWnCvzMNUKzJyR7Jq7tLM3v76D1pYL1E8rpump"
orca-dex,IO-USDC,0,0,0,,ddeb703b-b14d-4bfc-a948-418fb11e02fb,0,0,-0.1925,False,0,26665,"BZLbGTNCSFfoth2GYDtwr7e4imWzpR5jqcUuGEwr646K, EPjFWdd5AufqSSqeM2qN1xzybapC8G4wEGGkZwyTDt1v"
raydium-amm,WSOL-LATE,1.54,1.54,0,,09308137-6153-4dcd-9896-0e115007bbc0,0,-3.86,0,False,1.6,26626,"So11111111111111111111111111111111111111112, bv88GZQfPHeTXHctPPxkbFCAKBCocXFSENYGYBppump"
raydium-amm,LS-USDT,1.56,1.56,0,,8570c12c-c728-43cf-a85b-df3434fd92eb,-4.09,-3.8,-1.74,False,2.5,26584,"ApBJY8Zx4Zeigc3AZHYMQaeipQLwHb8AT5LbPoLXYkDg, Es9vMFrzaCERmJfrF4H2FYD4KCoNkY11McCe8BenwNYB"
raydium-amm,WSOL-PENGU,12.2,12.2,0,,b2bb023d-0884-44d9-abb5-f930e4fd5cbc,0,-2.4,0,False,6.57,26562,"So11111111111111111111111111111111111111112, 2zMMhcVQEXDtdE6vsFS7S7D5oUodfJHE8vd1gnBouauv"
orca-dex,RENDER-USDC,1.72691,1.72691,0,,bde4a0db-f7f6-4a96-99ec-9fa4c6fa8c90,-2.06796,-0.26162,-20.44561,False,3.27834,26537,"rndrizKT3MK1iimdxRdWabcF7Zg7AR5T4nud4EkHBof, EPjFWdd5AufqSSqeM2qN1xzybapC8G4wEGGkZwyTDt1v"
raydium-amm,WSOL-RNA,1.74,1.74,0,,87093ccd-f8c3-4682-af27-69c80b22829b,0,0,0,False,0.31,26534,"So11111111111111111111111111111111111111112, 7i5XE77hnx1a6hjWgSuYwmqdmLoDJNTU1rYA6Gqx7QiE"
raydium-amm,INTCX-USDC,72.7,72.7,0,,2461256c-64ad-40ec-8a64-f5b5da93ed93,-232.9,-25.71,-242.07,False,94.76,26516,"XshPgPdXFRWB8tP1j82rebb2Q9rPgGX37RuqzohmArM, EPjFWdd5AufqSSqeM2qN1xzybapC8G4wEGGkZwyTDt1v"
raydium-amm,WSOL-GNET,14.67,14.67,0,,13dc8c48-1dbc-4eae-8068-d3207e586961,0.8,0,0,False,4.21,26467,"So11111111111111111111111111111111111111112, 3ZELuj8iVdekxTR5a4SVG6VkgR7pHFYTLvyuLJDURSs4"
orca-dex,BIRDIE-USDC,0,0,0,,f028e2ca-9d7a-50b1-a983-19eb62f0157a,0,-4.24881,0,False,0.60744,26360,"E1ZbXDstnAvHKJtBSCASem5JX4yxDgva7pf3rGKKipxq, EPjFWdd5AufqSSqeM2qN1xzybapC8G4wEGGkZwyTDt1v"
kamino-liquidity,SOL-EURC,0,0,0,,081fd175-6c3e-4f71-9ec3-7a58426bd218,0,0,0,False,2.74578,26324,"So11111111111111111111111111111111111111112, HzwqbKZw8HxMN6bF2yFZNrht3c2iXXzpKcFu7uBEDKtr"
orca-dex,COINOMI-SPX,6.08858,6.08858,0,,5a5ec5eb-f43b-400c-b608-4e12c8804a48,1.71504,-0.07175,-16.30662,False,5.12489,26321,"EHmZM5QD7NFpu6hm3o8yYSA6EhYYunHL21fzN2ucpump, J3NKxxXZcnNiMjKw9hYb2K4LUxgwB6t1FtPtQVsv3KFr"
gmtrade,WGMX-USDC,18.99219,18.99219,0,,98d5c745-f220-4e37-896c-a74d335fbb91,-6.06542,-38.68026,-9.17238,False,0,26310,"9wX6Qz1Y5YQe71dfnFYFfZYXZhKqjYKQwdqfrRkmYUSX, EPjFWdd5AufqSSqeM2qN1xzybapC8G4wEGGkZwyTDt1v"
kamino-liquidity,UXD-USDC,0,0,0,,6acdb55a-a2ea-4a32-aa7e-085427672dc9,0,0,0,True,0,26196,"7kbnvuGBxxj8AG9qp8Scn56muWGaRaFqxg1FsRp3PaFT, EPjFWdd5AufqSSqeM2qN1xzybapC8G4wEGGkZwyTDt1v"
raydium-amm,INA!-USDC,1.94,1.94,0,,e567641f-2d7e-4131-98d1-283feb4cbad5,0,0,0,False,0.39,26190,"7F4MuWWeJwB5MFEU547Z6TiFgejp7Tkr5BML47hrg9By, EPjFWdd5AufqSSqeM2qN1xzybapC8G4wEGGkZwyTDt1v"
raydium-amm,WSOL-NCAT,1.5,1.5,0,,5da2d685-b53c-47d0-8d50-42e5f88e93e1,0,-3.41,0,False,0.95,26151,"So11111111111111111111111111111111111111112, 82Rc22mnyHrmBGwj15rhYhFzVrU3bgFkjNtV3iHjpump"
raydium-amm,WSOL-CRIME,2.1,2.1,0,,3572fa35-5d92-45c5-8516-0eb58ceee1e8,0,-4.92,0,False,4.38,26138,"So11111111111111111111111111111111111111112, 7M3gDRgozcumFsiTeXwjB8cYxpg7Q9R7rH7rkw2Fpump"
orca-dex,KCNS-USDC,0.27586,0.27586,0,,3b8e2c4a-39e8-55d0-83c6-50e52fa2d87e,0.27586,0.27586,0,False,0.03941,26118,"pkLyqAH6EpjPA6ik2kBjVUukhRuoGosQvkXZfyLuXhS, EPjFWdd5AufqSSqeM2qN1xzybapC8G4wEGGkZwyTDt1v"
raydium-amm,STSOL-USDT,1.82,1.82,0,,abce1515-3f0c-4165-9cf6-d1d845a33228,0,0,-6.93,False,0.96,26102,"7dHbWXmci3dT8UFYWYZweBLXgycu7Y3iL6trKn1Y7ARj, Es9vMFrzaCERmJfrF4H2FYD4KCoNkY11McCe8BenwNYB"
raydium-amm,KYROS-JITOSOL,7.42,7.42,0,,89f30479-8f76-477f-88b8-681e86f7322b,0,0,0,False,0.85,26032,"kyrosJC2dtm6EoLV5wffZsS4RZVm2hRafKZCLsc38JE, J1toso1uCk3RLmjorhTtrVwY9HJ7X8V9yYac6Y7kGCPn"
raydium-amm,MICHI-USDC,34.66,34.66,0,,da80d94e-6dbd-4837-8870-6609ab73d707,0,0,0,False,6.14,26025,"AywAYdNJnSLSXwKWYxDciPjqGRnwp4iZdQptuuQTpump, EPjFWdd5AufqSSqeM2qN1xzybapC8G4wEGGkZwyTDt1v"
raydium-amm,WSOL-$GREMLY,2.53,2.53,0,,42be0ac4-3b1f-4f3f-b46c-1638e0d3f719,-0.21,0.82,-1,False,2.03,26015,"So11111111111111111111111111111111111111112, X69GKB2fLN8tSUxNTMneGAQw79qDw9KcPQp3RoAk9cf"
raydium-amm,USDT-HTXTOKEN,0.24,0.24,0,,3522dfdc-ef5f-5226-833c-a10514e81728,0,0.15,0,False,0.04,26015,"Es9vMFrzaCERmJfrF4H2FYD4KCoNkY11McCe8BenwNYB, Fqw7xrk4n7P7qGippC2XwRQpGftWXFQ3LHRTvfAVBTCo"
orca-dex,SOL-USDC,2.45702,2.45702,0,,3edb64f5-c40c-4cae-964f-02257b3a9ec3,-4.11816,-1.40316,-36.44757,False,6.34662,25990,"So11111111111111111111111111111111111111112, EPjFWdd5AufqSSqeM2qN1xzybapC8G4wEGGkZwyTDt1v"
orca-dex,SOL-DSF,5.38017,5.38017,0,,cb9f469d-e513-41aa-82ca-db988ea20546,-1.52258,-42.92107,-55.32619,False,39.82499,25836,"So11111111111111111111111111111111111111112, 3o2GCwpoUTr6CezPdvMYHmxY9wcfVr5TU1oTb1uLJGVm"
raydium-amm,WSOL-RIPTRUMP,1.62,1.62,0,,6b3dfaf9-5748-4638-8ecc-e56251c174a2,0,0,-1.15,False,1.4,25801,"So11111111111111111111111111111111111111112, Eksb48Gcr8RY195L46w9mZSgrQSUfwJoCZjiEHxspump"
raydium-amm,WAP-WSOL,1.78,1.78,0,,e117cef0-fd57-4dea-a657-34ae9e844634,0,0,0,False,0.22,25756,"Bz7vVzQhm2KMW1XgcrDruYega1MiwrAs1DQysrx4tFkp, So11111111111111111111111111111111111111112"
orca-dex,SOL-USD1,1.48594,1.48594,0,,d2ca8583-d43b-4574-ba9d-43bd27fb5242,-11.20381,-3.03286,-7.43416,False,7.4968,25740,"So11111111111111111111111111111111111111112, USD1ttGY1N17NEEHLmELoaybftRBUSErhqYiQzvEmuB"
raydium-amm,WSOL-CNS,1.79,1.79,0,,6553b17f-6daa-430e-81b5-4a4cd70f94f6,0,-1.63,0,False,0.9,25739,"So11111111111111111111111111111111111111112, 2jUSPvEuxSxJ6nGpUHyXVAcNxyhugPC1iBeNjhTXzAUy"
raydium-amm,WSOL-DEADS,1.4,1.4,0,,5bd5b58a-711b-4103-a16a-b74c49b24802,0,0,0,False,0.34,25714,"So11111111111111111111111111111111111111112, DEADsWJZaonaiZPFkrqEEBGf43mzA5uHeHpwgy9dW666"
raydium-amm,WSOL-EYE,1.58,1.58,0,,25af1657-f3e2-4f0b-96d8-7725d647b346,-1.12,0,0,False,0.32,25692,"So11111111111111111111111111111111111111112, 6MAWnfagDCzqmHQh88FVt9F1zzLqXpwGJpaL7zUTpump"
raydium-amm,PONM-USDC,0.06,0.06,0,,246322c9-d677-5040-be51-ce3051a5049f,0,-0.39,0,False,0.05,25669,"7jDrML7R2eySNFHXa9SEJTs87DUkPqPywcCrCAUt72C9, EPjFWdd5AufqSSqeM2qN1xzybapC8G4wEGGkZwyTDt1v"
raydium-amm,WETH-UNI,29.37,29.37,0,,c906b9d3-d138-49ae-a667-296c2ad0d8b3,0,0,-942.14,False,2.89,25660,"7vfCXTUXx5WJV5JADk17DUJ4ksgau7utNKj4b963voxs, 8FU95xFJhUUkyyCLU13HSzDLs7oC4QZdXQHL6SCeab36"
raydium-amm,RNC-USDC,1.82,1.82,0,,118ba6ad-b67c-56b9-892d-b5143ed14e43,0,-0.24,0,False,0.55,25658,"RNCoMmGbjMKg6aJRfpoosnjuP7Xp2MLrYn1bvdr5usE, EPjFWdd5AufqSSqeM2qN1xzybapC8G4wEGGkZwyTDt1v"
raydium-amm,NUGGETS-USDC,1.35,1.35,0,,b39e8b38-0209-464f-a43a-f0a9745e4ee1,0,0,0,False,0.62,25640,"NUGye8S6CV82ZNrauf5YfXL2xJxvSvfiMAvy2U1sAVk, EPjFWdd5AufqSSqeM2qN1xzybapC8G4wEGGkZwyTDt1v"
raydium-amm,$TPT-WSOL,1.91,1.91,0,,98b6964b-ceeb-4bf6-a1f2-eeb83589b39a,0,0.25,0,False,0.69,25634,"8iX3bBsYuA2u7zfcYX8LrHQNWtqDrAAXCfKvgZWbonk, So11111111111111111111111111111111111111112"
raydium-amm,WSOL-HINEY,1.79,1.79,0,,6c2fb63c-338f-4dff-8215-2defc85a33ce,0,0,0,False,0.35,25631,"So11111111111111111111111111111111111111112, DDAjZFshfVvdRew1LjYSPMB3mgDD9vSW74eQouaJnray"
raydium-amm,WSOL-MCS,1.59,1.59,0,,7aef1023-38dc-46bb-8839-7f4b9de0ddc4,0,-20.23,0,False,10.12,25568,"So11111111111111111111111111111111111111112, ALHFgnXSenUv17GMdf3dL9gtFW2KKQTz9avpM2Wypump"
raydium-amm,WSOL-YURU,1.51,1.51,0,,3884e4a3-477c-4636-b1a3-c32057d6c646,0,-6.62,0,False,1.46,25522,"So11111111111111111111111111111111111111112, mm7g78aMJZv8QB4Q15qbsM3UQJZWof85vwC2NSxRh2Q"
orca-dex,SOL-PYTH,33.2116,33.2116,0,,40fddc50-f378-4622-a382-9a4ed33efbeb,-9.69345,-233.16079,-0.03203,False,230.24041,25453,"So11111111111111111111111111111111111111112, HZ1JovNiVvGrGNiiYvEozEVgZ58xaU3RKwX8eACQBCt3"
raydium-amm,CHEEMS-USDC,1.72,1.72,0,,3eb58728-0f9e-4093-bbb3-c17b3c7bcbab,0,-0.89,0,False,1.5,25451,"3FoUAsGDbvTD6YZ4wVKJgTB76onJUKz7GPEBNiR5b8wc, EPjFWdd5AufqSSqeM2qN1xzybapC8G4wEGGkZwyTDt1v"
raydium-amm,WSOL-PKM,5.8,5.8,0,,a1b67790-a564-4985-a809-3444d1e51711,0,0,-77.59,False,5.11,25390,"So11111111111111111111111111111111111111112, 6LH9NDBYUf7thDx8sMZppZpxAsdXtsQ9VN37gKMpZRSp"
orca-dex,VICE-USDC,0,0,0,,20b4b0fa-a796-5b25-bd19-c8aa7e80cec9,0,0,0,False,0.64318,25362,"6uWYuTYWWcVYZYGRKD1YvbksW8HHuJYxdx7BbkACMuvK, EPjFWdd5AufqSSqeM2qN1xzybapC8G4wEGGkZwyTDt1v"
orca-dex,UCD1-USDT,0.08418,0.08418,0,,c72428b2-740d-5c4b-b052-ad30a0c32219,0,0,0,False,0.01203,25341,"65ieXHyK1XQWqyXftL1p8Z75qwDZL93FxeN5fAL6LwXR, Es9vMFrzaCERmJfrF4H2FYD4KCoNkY11McCe8BenwNYB"
omnipair,KYSOL-JITOSOL,0.00024,0.00024,0,,fb0f8853-48ac-48c5-ac88-caa4ae9e6e1b,0,0.00018,0.00024,False,0,25333,"kySo1nETpsZE2NWe5vj2C64mPSciH1SppmHb4XieQ7B, J1toso1uCk3RLmjorhTtrVwY9HJ7X8V9yYac6Y7kGCPn"
orca-dex,JUP-SOL,0.13004,0.13004,0,,3c50e85a-c152-4abb-825b-6026267e4f20,-0.10199,-0.09179,-3.2763,False,0.34374,25311,"JUPyiwrYJFskUPiHa7hkeR8VUtAeFoSYbKedZNsDvCN, So11111111111111111111111111111111111111112"
raydium-amm,WSOL-AGENTS,3.41,3.41,0,,ba41dfe8-0fee-4b1b-8a20-3f080a1fc41c,-2.54,-6.47,-17.98,False,2.78,25281,"So11111111111111111111111111111111111111112, CA7dWUCrSiSaGz82735iFQ8iLc4vsjDG2XquVVGaXBkP"
orca-dex,SOL-DRIFT,61.14823,61.14823,0,,d4527bfc-0eb4-44b8-b3cc-f59898444301,-195.65949,27.09815,-162.58636,False,81.71286,25279,"So11111111111111111111111111111111111111112, DriFtupJYLTosbwoN8koMbEYSx54aFAVLddWsbksjwg7"
orca-dex,METAX-USDC,24.3699,24.3699,0,,6aa05e90-d969-53ac-b264-7f02b42006ce,-17.68694,0,0,False,19.51968,25258,"Xsa62P5mvPszXL1krVUnU5ar38bBSVcWAB6fmPCo5Zu, EPjFWdd5AufqSSqeM2qN1xzybapC8G4wEGGkZwyTDt1v"
raydium-amm,WSOL-WORK,1.51,1.51,0,,e6f02c4c-615f-4bbb-befc-0a085e18bb3e,0,-2.65,0,False,0.59,25256,"So11111111111111111111111111111111111111112, F7Hwf8ib5DVCoiuyGr618Y3gon429Rnd1r5F9R5upump"
orca-dex,USEP-USDC,0.02277,0.02277,0,,e7d6e7a6-a49b-5187-a622-c27f196238df,0,0,0,True,0.00325,25205,"2rVzLyJ33ovGkfZwz5DPG5PkAikX5SGjHryN1zNrGFec, EPjFWdd5AufqSSqeM2qN1xzybapC8G4wEGGkZwyTDt1v"
orca-dex,USEP-USDC,0.04388,0.04388,0,,b91e3685-09dd-5a2f-bf37-da1094be97ac,0,0,0,True,0.00627,25190,"D836tzmLFpsRyiw1Vr42UtVt8bDAdAg6obY5acdhM79m, EPjFWdd5AufqSSqeM2qN1xzybapC8G4wEGGkZwyTDt1v"
orca-dex,USDC-USEP,0.02031,0.02031,0,,75b0cfca-c2ec-53a4-a7ba-9ace9fa5af7b,0,0,0,True,0.0029,25190,"EPjFWdd5AufqSSqeM2qN1xzybapC8G4wEGGkZwyTDt1v, FfnX6vz2bp97DUXhGp4oTcANxv59BmzXd8xMSVX47Pmt"
orca-dex,USEP-USDC,0,0,0,,b8d46218-1fa1-5990-a1ce-02cc8eb0451e,-0.04313,0,0,True,0.00616,25190,"BL3RRytd3S4CTRXwKhRx9ZPr26YsSdnXRoWnFaJDh7Po, EPjFWdd5AufqSSqeM2qN1xzybapC8G4wEGGkZwyTDt1v"
raydium-amm,WSOL-TOKABU,6.11,6.11,0,,ac4818cf-a4e1-460f-9b82-c9db9f21b139,0,-8.28,-282.76,False,67.15,25113,"So11111111111111111111111111111111111111112, H8xQ6poBjB9DTPMDTKWzWPrnxu4bDEhybxiouF8Ppump"
raydium-amm,WSOL-CAT,3.05,3.05,0,,b6f4b3ea-6198-4b80-aa1d-2e1fa74761c1,-2.59,0,0,False,3.14,25087,"So11111111111111111111111111111111111111112, 3joMReCCSESngJEpFLoKR2dNcChjSRCDtybQet5uSpse"
raydium-amm,WSOL-JARVIS,2.09,2.09,0,,6eabdae0-0724-477c-baad-d88d317c3f30,-1.76,0,0,False,1.06,24977,"So11111111111111111111111111111111111111112, CmpuL8k9KY3NrpfDRoJrVmuwd1zRMFRUxX55avyGpump"
raydium-amm,WSOL-JOKER,1.52,1.52,0,,ce913461-1926-4f12-89fa-5dadfceaf565,0,0,0,False,0.18,24952,"So11111111111111111111111111111111111111112, sFUZ2nfKhjJ2E2Na55YGwoyKND5ia9AmJc1qoFqXWz5"
orca-dex,SOL-PYUSD,0.01186,0.01186,0,,42ad9489-34bc-4419-bf98-39d7f48bec71,-0.01613,-0.02083,-0.17401,False,0.02857,24950,"So11111111111111111111111111111111111111112, 2b1kV6DkPAnxd5ixfnxCpjxmKwqjjaYmCZfHsFu24GXo"
raydium-amm,WSOL-BLUECHIP,1.84,1.84,0,,9f4fd029-85d2-4818-b8a8-51f7d504458f,0,0.16,-1.54,False,1.23,24938,"So11111111111111111111111111111111111111112, DHJVYXsikcimtcVo49FAZqYd1XPYPaXezYhbKArJbonk"
raydium-amm,WSOL-IF,172.62,172.62,0,,f2720a54-5983-580b-80eb-a7398cf7ab21,-28.73,0,0,False,98.84,24871,"So11111111111111111111111111111111111111112, 4R8RV8ftPhY84ebUtQKSxLL9HDzZ45DuEs8vprYQrray"
raydium-amm,WSOL-KAI,4.04,4.04,0,,bf6b2c12-4f4b-4fe9-9183-519db9639a66,-0.81,0.55,0,False,4.25,24857,"So11111111111111111111111111111111111111112, 2MuDS29b6rQb9MydKLMvggST5Yqez3B6gYWitvvjc6ir"
raydium-amm,WSOL-RBNT,2.47,2.47,0,,deb15258-fa7c-4e36-bcf0-3a59d4dea2ef,0,0,0,False,2.16,24840,"So11111111111111111111111111111111111111112, AKbyFYEgueHwS7V4S3gXsWpGJZvv3f7WMkRMFdrenSG1"
raydium-amm,WSOL-ATS,1.71,1.71,0,,d1bbff6e-9da3-473c-865c-43c6df40477c,0,0,-3.7,False,0.55,24813,"So11111111111111111111111111111111111111112, 4cQ9BeG6bdpkQcYGadqc1n6nCWgMuoHZenVH1xXepump"
raydium-amm,WSOL-CALICOIN,1.97,1.97,0,,1c7e3f85-d27a-4216-86df-491d1f157933,0,0,0,False,0.18,24771,"So11111111111111111111111111111111111111112, 6sSKobm4TSRqJuXMuczGdV2BZityP76PGBJJ2ALHpump"
orca-dex,ZARP-USDC,0.04914,0.04914,0,,413ffa14-965c-4339-a100-3e3e70f43481,-6.26755,-0.71243,-4.85343,False,0.898,24727,"dngKhBQM3BGvsDHKhrLnjvRKfY5Q7gEnYGToj9Lk8rk, EPjFWdd5AufqSSqeM2qN1xzybapC8G4wEGGkZwyTDt1v"
raydium-amm,RAY-USDT,2.26,2.26,0,,c406767a-abfb-4d46-8fcb-9c266366d47f,-3.6,0,-6.86,False,2.04,24700,"4k3Dyjzvzp8eMZWUXbBCjEvwSkkk59S5iCNLY3QrkX6R, Es9vMFrzaCERmJfrF4H2FYD4KCoNkY11McCe8BenwNYB"
orca-dex,SOL-GP,1.07226,1.07226,0,,72d46dc8-3c6d-414d-8f8e-a8d4cd99ff54,-12.3147,-9.68115,-36.73626,False,25.69875,24647,"So11111111111111111111111111111111111111112, 31k88G5Mq7ptbRDf3AM13HAq6wRQHXHikR8hik7wPygk"
orca-dex,WBTC-WHETH,0.01235,0.01235,0,,dec33279-ae35-4ff8-8d69-2ecd3c8a3da5,-0.89128,-0.10518,-2.29566,False,0.56911,24633,"3NZ9JMVBmGAqocybic2c7LQCJScmgsAZ6vQqTDzcqmJh, 7vfCXTUXx5WJV5JADk17DUJ4ksgau7utNKj4b963voxs"
raydium-amm,USDC-AIRCOIN,13.64,13.64,0,,938e9662-4cb7-4dc7-a0ed-7c8f07930ca9,-32.42,0,0,False,9.47,24508,"EPjFWdd5AufqSSqeM2qN1xzybapC8G4wEGGkZwyTDt1v, GpdRNotihwXZJ3z3y6yCRAhecFrALc4J8SX92pxnbonk"
raydium-amm,WSOL-HOODX,16.74,16.74,0,,5009ebf5-ba92-400a-940f-cfda55c92a15,-158.99,-7.84,-45.22,False,43.46,24480,"So11111111111111111111111111111111111111112, XsvNBAYkrDRNhA7wPHQfX3ZUXZyZLdnCQDfHZ56bzpg"
raydium-amm,WSOL-USD1,13.76,13.76,0,,10a014d7-12ad-4e0a-a67b-c6a6ac20a28d,8.65,1.05,3.2,False,7.99,24379,"So11111111111111111111111111111111111111112, USD1ttGY1N17NEEHLmELoaybftRBUSErhqYiQzvEmuB"
raydium-amm,WSOL-TRACCOON,10.31,10.31,0,,0e6acc59-aed0-5976-b51c-01693811bccf,0,3.8,0,False,1.57,24342,"So11111111111111111111111111111111111111112, TRa2mozVyhMYnr8TbqypwjULVHiia2i2rnLQY914fsn"
raydium-amm,WSOL-RUDI,1.72,1.72,0,,4ea629fa-f543-49a4-be4b-0b271668f673,0,-1.46,0,False,0.69,24291,"So11111111111111111111111111111111111111112, 2rVgh6tcU1Hhk58XwD631E2D6iqLV28prSdpBXaLbonk"
raydium-amm,WSOL-BABYBONK,1.79,1.79,0,,2177c4b2-30be-45f2-905b-612e26bce120,0,0.05,-17.87,False,1.58,24263,"So11111111111111111111111111111111111111112, Cf1ZjYZi5UPbAyC7LhLkJYvebxrwam4AWVacymaBbonk"
raydium-amm,WSOL-FRANK,2.11,2.11,0,,a4c13953-679e-4d77-88b7-b2f58a4d4c29,-1.26,0,0,False,0.93,24210,"So11111111111111111111111111111111111111112, AYhFJk9ZyKN5aCRwrG78iTvuxnrrLp5q4fGfyBM7pump"
kamino-lend,FLP,0,0,0,,aaa6c9a4-4fbf-4f39-942b-a70382e33076,0,0,0,False,0,24064,NUZ3FDWTtN5SP72BsefbsqpnbAY5oe21LE8bCSkqsEK
raydium-amm,WSOL-BABYDHC,3.28,3.28,0,,88f6fb16-e954-4a05-bdb0-a85acb410117,-4.11,2,-63.77,False,11.68,24051,"So11111111111111111111111111111111111111112, EcSuqnqTQXcsEfZhNTAz2zW6wLGU75SUErev9AGkDaNz"
raydium-amm,WSOL-DEEP,2.24,2.24,0,,8839c1f1-0621-4e55-9818-472714ddefd3,-4.46,0,0,False,1.2,23977,"So11111111111111111111111111111111111111112, hTRDn7zE5tDHRnjj6Qms2WG1zEGv9ii6AiwfgbFpump"
raydium-amm,CBDC-WSOL,1.93,1.93,0,,e067d636-d9fb-4d4b-a298-e9eb6ba1237d,0,0,0,False,0.23,23877,"2KFZCkfxj1Us8YRQZa5vktSxy3GPzFZvVhWj91n8Fv2J, So11111111111111111111111111111111111111112"
orca-dex,KIWI-USDC,0,0,0,,f3d7f1df-63d0-5934-8e9b-6b4453d6c3e8,0,-4.67499,0,False,0.67807,23802,"3rAUqQjsJoia4Gdg6gUk7Xkh7KuFW1Ljjv4ot6vQj2P5, EPjFWdd5AufqSSqeM2qN1xzybapC8G4wEGGkZwyTDt1v"
raydium-amm,WSOL-LIGHT,0.64,0.64,0,,aefdecc1-0499-5b1f-83e1-947b2385aec7,0,0,0,False,0.08,23790,"So11111111111111111111111111111111111111112, 3kokmoz9DnARJBWKb9VXb2wk2bJJgLWZ8sEVSWPoCyZj"
orca-dex,LST-SOL,0.32481,0.32481,0,,b9ebb51e-9a9f-4882-9677-a18f0e7d5166,0.02894,0.1106,0.14517,False,0.33833,23760,"LSTxxxnJzKDFSLr4dUkPcmCf5VyryEqzPLz5j4bpxFp, So11111111111111111111111111111111111111112"
orca-dex,KLED-SOL,74.46866,74.46866,0,,8bac756f-cfc5-43b4-9dc4-3a662e994329,0,-3.8302,-207.57118,False,83.35117,23752,"1zJX5gRnjLgmTpq5sVwkq69mNDQkCemqoasyjaPW6jm, So11111111111111111111111111111111111111112"
raydium-amm,WSOL-GREG,1.78,1.78,0,,bf708e92-1f69-4240-a2da-3f6a5191dc82,0,0,0,False,0.62,23676,"So11111111111111111111111111111111111111112, zZRRHGndBuUsbn4VM47RuagdYt57hBbskQ2Ba6K5775"
jupiter-lend,LBTC,0,0,0,,a70f5ecb-c0d7-4461-a221-1a30f07f3461,0,0,0,False,0,23672,LBTCgU4b3wsFKsPwBn1rRZDx5DoFutM6RPiEt1TPDsY
raydium-amm,WSOL-CHEX,8.12,8.12,0,,7a02d081-f7a0-4870-b2dd-a8bb677077b6,-10.6,-28.04,-16.33,False,14.85,23629,"So11111111111111111111111111111111111111112, 6dKCoWjpj5MFU5gWDEFdpUUeBasBLK3wLEwhUzQPAa1e"
raydium-amm,WSOL-ELON,1.91,1.91,0,,27cc1e42-ce2c-43d8-8bf3-ba2a2d30486b,0,0,0,False,0.22,23620,"So11111111111111111111111111111111111111112, BqYJQ6hVYxYzGrSbUyXy52oP6aFduq1PRxUVSrFtuDgz"
raydium-amm,WSOL-CYAI,2.35,2.35,0,,04429026-9796-4c89-af39-75165c6548a9,-3.26,0,0,False,3.16,23492,"So11111111111111111111111111111111111111112, 6Tph3SxbAW12BSJdCevVV9Zujh97X69d5MJ4XjwKmray"
raydium-amm,WSOL-MSPT,2.44,2.44,0,,6e87e2eb-d0e4-4272-8529-8d77dab872e9,0,0,0,False,0.98,23487,"So11111111111111111111111111111111111111112, DxbDyFPLzcmoL8V4dAcYMS4wwD2z5gK1YuTLM5ciKray"
raydium-amm,WSOL-NAI,2.08,2.08,0,,dc4d51dc-b94e-4b44-8141-d4052abb9488,0,0,0,False,0.42,23473,"So11111111111111111111111111111111111111112, Fxm6tJ2khHbLVcSgnYUqg9FiBduVRLEvdQR67dvQ3eGp"
raydium-amm,SOLEER-WSOL,17.68,17.68,0,,7e1607dd-2399-5f31-8e47-c8daf1bd016b,0,0,0,False,1.45,23461,"SRFA7AByDuFDZg6SkuP9KuGc1WKeCotpT6nnDGiucoU, So11111111111111111111111111111111111111112"
raydium-amm,WSOL-NC,2.01,2.01,0,,d7ab40ce-2b4c-4a33-9afe-559f79c6feaf,0,-25.7,-27.52,False,5.04,23453,"So11111111111111111111111111111111111111112, B89Hd5Juz7JP2dxCZXFJWk4tMTcbw7feDhuWGb3kq5qE"
orca-dex,IDRX-USDC,2e-05,2e-05,0,,e577f02b-d9b6-4a78-97c4-43ac83ddbde0,-0.085,2e-05,-0.01225,False,0.50397,23432,"idrxZcP8xiKkYk6XGD4uz1dxEYCWSgKDHqgjsBbwDur, EPjFWdd5AufqSSqeM2qN1xzybapC8G4wEGGkZwyTDt1v"
raydium-amm,WSOL-AGENT,1.51,1.51,0,,551b4320-aeae-433c-837f-ce4681f896f5,0,-0.43,0,False,0.18,23341,"So11111111111111111111111111111111111111112, Ag5mMdBSxm8J893RazD9PGkxWKJ5o3UKdWW4ZmJAey9w"
raydium-amm,WSOL-JIMOTHY,2.43,2.43,0,,fe413f65-fa8b-506b-9200-a9ba0674fea9,0,0,0,False,0.2,23200,"So11111111111111111111111111111111111111112, DVVjW5GxjxQziDCwbg1VXNK4YEpXK6CbEoiCBCPJRxoh"
orca-dex,SOL-XNET,7.87397,7.87397,0,,a17dda75-a702-4a19-ad20-bce88391ee25,-4.14645,-199.34004,0,False,55.61473,23186,"So11111111111111111111111111111111111111112, xNETbUB7cRb3AAu2pNG2pUwQcJ2BHcktfvSB8x1Pq6L"
raydium-amm,WSOL-SOLALA,10.59,10.59,0,,0d57c36b-cd0c-4773-b211-4a86a4d5c1af,-4.61,0,6.52,False,4.4,23178,"So11111111111111111111111111111111111111112, AF87hFW5MQZGHMUzF6YJG5FC6tiRZvmYGUQfBMDgZ3yS"
raydium-amm,WSOL-SFM,3.56,3.56,0,,1b5ad40c-43d9-4189-a00d-ac28f49da880,-2.49,0,0.96,False,2.29,23163,"So11111111111111111111111111111111111111112, ELPrcU7qRV3DUz8AP6siTE7GkR3gkkBvGmgBRiLnC19Y"
raydium-amm,WSOL-GOD,2.18,2.18,0,,def39528-2e09-4d4b-b6a5-791fd9368804,0,0.23,-1.95,False,1.42,23115,"So11111111111111111111111111111111111111112, GWsmnVgPUoY5z9sNj5phRZbFWEY8M8WAjGZEvhCwbonk"
raydium-amm,MARI-WSOL,3.69,3.69,0,,6501f6c9-b5b3-4ac8-9919-091da965b07a,0,0,0,False,4.45,23107,"MARtUR3miHwtv2jodAeXLM1b7uz5qrfnr6s3GvpSSTJ, So11111111111111111111111111111111111111112"
raydium-amm,WSOL-LAUNCHCOIN,0.07,0.07,0,,16848ba5-f82c-4f6d-9325-4a5b38de573f,-0.1,-0.02,-0.44,False,0.07,23054,"So11111111111111111111111111111111111111112, Ey59PH7Z4BFU4HjyKnyMdWt5GGN76KazTAwQihoUXRnk"
raydium-amm,WSOL-HUNTBODEN,1.83,1.83,0,,5d25a97b-6679-4294-b76d-90b13cf36706,-1.3,0,0,False,0.85,23050,"So11111111111111111111111111111111111111112, 22513u2QwiY6xaJn7nVFWGKy3aBdw6WfZsRPW2RRtCKj"
raydium-amm,USDC-CC,8.75,8.75,0,,4d73c15f-3717-5c44-a37e-8d1264fd3198,0,0,0,False,0.72,23041,"EPjFWdd5AufqSSqeM2qN1xzybapC8G4wEGGkZwyTDt1v, GmbHakRDDmPRFT8225pV8HsaUY1Xp7VzRXK1SHfi9ypn"
raydium-amm,DCT-WSOL,1.93,1.93,0,,a226197f-729d-4f35-b5ab-c73534037831,0,0,0,False,0.41,23017,"BvrJ27PAmg7aWrCxmjVB7tk2H4Nc1ZNaZz4cX6eTkj3v, So11111111111111111111111111111111111111112"
raydium-amm,WSOL-DOG,47.09,47.09,0,,aed34562-11f5-4130-bdd7-83c5ad5373d7,-34.29,14.82,-45.52,False,35.17,22990,"So11111111111111111111111111111111111111112, dog1viwbb2vWDpER5FrJ4YFG6gq6XuyFohUe9TXN65u"
raydium-amm,USD1-SOMBRERO,1.8,1.8,0,,db238350-9753-49e2-9352-f6cd0226b081,-0.84,0,0,False,0.83,22965,"USD1ttGY1N17NEEHLmELoaybftRBUSErhqYiQzvEmuB, 354jgbb56NmBnyd647sPmj8S1md9cBeiCPPhT6pQbonk"
raydium-amm,WSOL-3AIC,2.97,2.97,0,,ebfd0ed3-c2b7-4850-93bb-1e2c4eeb3d13,-5.55,0,0,False,1.58,22918,"So11111111111111111111111111111111111111112, 6j5xireF9nGRYdRjhyKSDtCUGesu7tS7y79EYEPmpump"
raydium-amm,WSOL-TDS,5.44,5.44,0,,efa29abb-8ecb-49af-86b7-ecc243ca0f6b,0,0,0,False,0.47,22912,"So11111111111111111111111111111111111111112, 7KuFdcfzbc3LLoRHNRWfW1dhbPNzuCv41hyYbfSUpump"
raydium-amm,WSOL-BABYPOES,2.14,2.14,0,,1f9e9205-fa63-43b0-a8c0-d0fc642d981e,0,0,0,False,0.81,22910,"So11111111111111111111111111111111111111112, 83xejQ2QoHWD47REppszZPbvkzHUyem5SSkjyXBFieoC"
orca-dex,USDC-WHALE,4.97683,4.97683,0,,1e88c126-f0e0-5ffb-aad6-cdc40a56ca38,0.17247,0,0,False,0.71098,22906,"EPjFWdd5AufqSSqeM2qN1xzybapC8G4wEGGkZwyTDt1v, GoM6b3CycQr9W4sTSDAJpbt6JVNWLnNyZgNRvoJVyLFH"
raydium-amm,BONK-USDC,6.26,6.26,0,,144c3676-a593-4a23-bafb-7fa8adf96a9e,-2.22,-71.78,-5.49,False,13.24,22875,"DezXAZ8z7PnrnRJjz3wXBoRgixCa6xjnB7YaB1pPB263, EPjFWdd5AufqSSqeM2qN1xzybapC8G4wEGGkZwyTDt1v"
raydium-amm,WSOL-DOGEAI,2.31,2.31,0,,a5931743-f357-4dbc-8e53-6eb834d38a2c,0,0,0,False,0.61,22810,"So11111111111111111111111111111111111111112, 9UYAYvVS2cZ3BndbsoG1ScJbjfwyEPGxjE79hh5ipump"
orca-dex,奶龙-COINOMI,0,0,0,,1d6137a2-7590-4b76-92d6-ef90f0f52f87,0,-0.84361,-0.95148,False,0.15541,22775,"AqMsX6g2LFsvEFQ78dshf6boxQfGWBwBSjXhAkGXbonk, EHmZM5QD7NFpu6hm3o8yYSA6EhYYunHL21fzN2ucpump"
raydium-amm,LABS-USDC,1.52,1.52,0,,d5c94269-dab2-41f7-9a52-7ba76ae6dce1,0,0,-8.93,False,0.22,22745,"LABSh5DTebUcUbEoLzXKCiXFJLecDFiDWiBGUU1GpxR, EPjFWdd5AufqSSqeM2qN1xzybapC8G4wEGGkZwyTDt1v"
orca-dex,PRCL-USDC,7.53018,7.53018,0,,ef4b6a4b-da27-4bef-9b65-e30600bcbb40,-21.13218,-22.72063,-28.02266,False,20.94687,22678,"4LLbsb5ReP3yEtYzmXewyGjcir5uXtKFURtaEUVC2AHs, EPjFWdd5AufqSSqeM2qN1xzybapC8G4wEGGkZwyTDt1v"
raydium-amm,LEOS-SATFI,7.82,7.82,0,,70bb1b3f-c8d2-48f5-b6d0-3ce1e320a5be,-0.89,0,0,False,1.2,22667,"5xgsnby6P9zqGK71J7H4yJLxzqPvNbC7rDZxNzjHmj7e, 9avVfYKaWV56qnoRpe2xyDrBB3ANkHynG38VrZDhwTbE"
orca-dex,SOL-$BALL,0.03214,0.03214,0,,fe1e5675-9fed-4b3b-a01b-5689e9f817ea,-0.45462,-5.86102,-17.84373,False,1.92146,22659,"So11111111111111111111111111111111111111112, 3wtnog8YQ4zoY13p8tqwgL9GWz2fxNyQQVJY2kSok7au"
orca-dex,USDC-MELANIACOI,0.00166,0.00166,0,,06277272-61d6-5451-8c97-dd82e1e98097,0,0.00166,0,False,0.00805,22615,"EPjFWdd5AufqSSqeM2qN1xzybapC8G4wEGGkZwyTDt1v, Eo5ogYV6HWPZmSgJpbu4aMVoUgw5FJMD7XpFuKJsXsC1"
orca-dex,USDC-ㅤ,0.17128,0.17128,0,,8c4e09f2-fa3f-5afa-b6be-43130d6a64ad,0,0,0,False,0.02447,22613,"EPjFWdd5AufqSSqeM2qN1xzybapC8G4wEGGkZwyTDt1v, Hr1nmv7DxYEPE2k9chdccbMvarArZTryNPMe8RUWrKfB"
orca-dex,SOL-DOOD,4.07009,4.07009,0,,1e829868-ad82-4561-bbf4-539c9c8694de,1.24303,-79.30823,-8.07439,False,24.67629,22585,"So11111111111111111111111111111111111111112, DvjbEsdca43oQcw2h3HW1CT7N3x5vRcr3QrvTUHnXvgV"
raydium-amm,SOLGOAT-WSOL,1.66,1.66,0,,d7f900b7-8feb-46ea-b6bd-dc8339293986,0,-8.41,0,False,0.82,22530,"9HXewqNjkHz22AKds3JUzFBNguzhoH4cJ4h1EksZyPGH, So11111111111111111111111111111111111111112"
raydium-amm,ACC-WSOL,2.02,2.02,0,,6d847cdd-2b29-4e5d-9678-bb89b7a28c9b,0,-0.89,0,False,0.86,22527,"CrMwppXm5kQEbXPGNH45ASkQyRbd7uonD8heVQsEbgSA, So11111111111111111111111111111111111111112"
raydium-amm,DREAM-WSOL,2.18,2.18,0,,53509f1b-e9b8-4f30-8e2a-ddda34f5d643,0,0,0,False,1.05,22508,"33q5Kax2piZ6mwyuxbEn8cbWD9XzTZ9Bkykfj4emuNBd, So11111111111111111111111111111111111111112"
kamino-liquidity,JUP-WEN,91.14255,91.14255,0,,ae1ff01f-7f26-47fb-ad73-4e61082980f4,53.99818,-9.82691,52.29894,False,55.62231,22505,"JUPyiwrYJFskUPiHa7hkeR8VUtAeFoSYbKedZNsDvCN, WENWENvqqNya429ubCdR81ZmD69brwQaaBYY6p3LCpk"
raydium-amm,CRCLX-IDLE,55.13,55.13,0,,2eaf5f17-440b-46b6-ad9b-e7d747df17ab,-64.81,12.54,-43.93,False,53.85,22451,"XsueG8BtpquVJX9LVLLEGuViXUungE6WmK5YZ3p3bd1, BjcRmwm8e25RgjkyaFE56fc7bxRgGPw96JUkXRJFEroT"
raydium-amm,WSOL-BET,2.12,2.12,0,,184d4461-f16d-4fbc-af1a-addbdebdb47c,0,0,0,False,0.36,22433,"So11111111111111111111111111111111111111112, 5CLSw4viyMLfnRHHxZpDF8CuZt5e1ceq1AJqd4GjAJNX"
raydium-amm,USDU-USDC,0.11,0.11,0,,ad0e1880-0b02-499a-8666-683f94a84058,0,0,-0.3,True,0.17,22412,"9ckR7pPPvyPadACDTzLwK2ZAEeUJ3qGSnzPs8bVaHrSy, EPjFWdd5AufqSSqeM2qN1xzybapC8G4wEGGkZwyTDt1v"
save,INF,0,0,0,,5c9d090c-9621-4d70-b3c8-0cfd9afe9cea,0,0,0,False,0,22396,5oVNBeEEQvYi1cX3ir8Dx5n1P7pdxydbGF2X4TxVusJm
raydium-amm,PRL-USDC,13.36,13.36,0,,34e4a773-049a-484e-9654-f64c7de55a62,4.43,6.67,-33.79,False,4.51,22394,"PERLEQKUNUp1dgFZ8EvyXHdN9d6ZQqfGxALDvfs6pDs, EPjFWdd5AufqSSqeM2qN1xzybapC8G4wEGGkZwyTDt1v"
raydium-amm,WSOL-X1E,1.62,1.62,0,,05892e07-8aed-4167-b1d3-740e73e8b267,0,-0.58,-5.88,False,1.01,22367,"So11111111111111111111111111111111111111112, 2z1JwTST35H5McCJfFFKCU7ivyrH8TQjzeF9b4qpbonk"
raydium-amm,WSOL-EARL,2.52,2.52,0,,39c29ebf-3967-4f17-85b6-42f02fd4c39a,0,0,0,False,1.33,22331,"So11111111111111111111111111111111111111112, BjjvKX5k7gQoGRmvQAA5WMr7EkQ2cirGTSGxAznDpump"
raydium-amm,WSOL-MACROHARD,2.14,2.14,0,,4239a30e-feb9-41c8-a2da-9702fc17d1bb,0,0,0,False,0.83,22305,"So11111111111111111111111111111111111111112, HBsbZz9hvxzi3EnCYWLLwvMPWgV4aeC74mEdvTg9bonk"
raydium-amm,VAMPIRE-WSOL,2.11,2.11,0,,d765e95e-4318-420b-aa8a-eb44fdbc0fd1,0,0,0,False,0.56,22276,"D1soEK6sWxbVfcyCANqLxRQoG33u7aMBLhTAcB1diZDv, So11111111111111111111111111111111111111112"
raydium-amm,SIZE-WSOL,1.53,1.53,0,,eda15a65-5879-4d29-b240-83f3bb85b0bc,0,0,0,False,0.3,22265,"HqLRjru6pD6GFGnQ7TwSSGQRuPhF8UZNey9T4yCsZzuq, So11111111111111111111111111111111111111112"
raydium-amm,WSOL-APU,1.56,1.56,0,,34bf1562-4d7b-4250-9c85-e091fb5cbb26,0,0,0,False,2.13,22249,"So11111111111111111111111111111111111111112, AhPo2fs5cfUyDhG7cvR67wwKg9UeFsF7mng368EB4oCn"
raydium-amm,WSOL-BASED,1.64,1.64,0,,6e6d5af2-9b85-4697-9544-cf5a55ba4d8e,0,-1.61,0,False,1.15,22211,"So11111111111111111111111111111111111111112, BishJW8AN57nNUES2sDMNTNm8Nwic2CGPR5mXMwc1Vt5"
raydium-amm,SFW-WSOL,21.37,21.37,0,,06ef607f-5542-4e10-9d79-fbd45f405b79,0,-14.4,0,False,17.45,22192,"SfW2dF14Y8boUT2BLSx4NfHQrE11X8E5RsuzAJ2cAff, So11111111111111111111111111111111111111112"
kamino-lend,USDC,0.66488,0.66488,0,,0e8be302-589e-451c-8a94-1e4b85b9e70b,7e-05,-0.01411,-0.05005,True,0,22190,EPjFWdd5AufqSSqeM2qN1xzybapC8G4wEGGkZwyTDt1v
raydium-amm,LASEREYES-USDC,117.68,117.68,0,,96d154c8-9114-5385-9f94-e3d7649043c3,67.1,0,0,False,9.67,22183,"B8e3wGfeyYaLKHxKyPnmSNgs7CtJdQdysKLpDHz27DkN, EPjFWdd5AufqSSqeM2qN1xzybapC8G4wEGGkZwyTDt1v"
raydium-amm,BCAT-WSOL,2.28,2.28,0,,5e5a0c9b-235b-4283-be8c-2d179ac16f90,0,0,0,False,0.67,22181,"7bQsj9DciGXs6cTkhB3D1WbcEjuMpmD7amQRWjEVBpu, So11111111111111111111111111111111111111112"
raydium-amm,WSOL-CRYING,2.14,2.14,0,,b95e06ff-5146-59a8-a826-7e58859b8cd1,0,0,0,False,2.76,22144,"So11111111111111111111111111111111111111112, Ep5tnKTSkLDeQ12ctS3RhQNcbcApkcyJcGPgHh4dpump"
raydium-amm,WSOL-ANDREA,2.37,2.37,0,,f4becf97-e0d6-4605-9229-5e7e61825947,-0.42,0,-12.15,False,2.51,22069,"So11111111111111111111111111111111111111112, FdwpkZZs78rUJPRMavGqfFDujYmCbxQFLWqupY5Hbonk"
kamino-liquidity,SOL-DOOD,0,0,0,,b3c91e0a-0a84-4276-9881-0ea352471c97,0,-79.23956,-9.75665,False,18.29957,22068,"So11111111111111111111111111111111111111112, DvjbEsdca43oQcw2h3HW1CT7N3x5vRcr3QrvTUHnXvgV"
orca-dex,JPDB-USDT,0.20985,0.20985,0,,1ae27f45-2f2c-5cad-9622-812a3f40efa3,0,0,0,False,0.02998,22050,"4oiLsuwCPeDDRbqwsQ3fC7aeEqqDU9b73xTMZ5fr6wTU, Es9vMFrzaCERmJfrF4H2FYD4KCoNkY11McCe8BenwNYB"
orca-dex,FARTCOIN-FSTR,0.15339,0.15339,0,,38a02e68-e7e5-4452-8d76-f2dd22e61940,-0.36157,-0.59674,-1.85658,False,0.52094,22038,"9BB6NFEcjBCtnNLFko2FqVQBq8HHM13kCyYcdQbgpump, FSTRgYfDaudjDwFg5A9LQpDMq5vxqhskHq4rkjUMwERE"
raydium-amm,VAULT-USDC,2.19,2.19,0,,633e0f61-88f6-42c7-967f-c41b48737d53,0,0,0,False,0.72,21972,"vLThbnVKf6UUEP1aXcwsevjViaxLdNsjyjuwyByUr5Z, EPjFWdd5AufqSSqeM2qN1xzybapC8G4wEGGkZwyTDt1v"
raydium-amm,WSOL-HARRIS,1.93,1.93,0,,85fbe0b2-34d9-41ea-879c-70675a679a0e,0,-2.03,0,False,0.96,21969,"So11111111111111111111111111111111111111112, FTyr4aoR52GY5EWGuxSzEAY6szaYKzi3WAmHmeYppump"
kamino-liquidity,LST-SOL,0,0,0,,46b936d0-d749-4387-ae11-fad29862bbfb,-0.32615,-0.26087,-0.19105,False,0.24126,21966,"LSTxxxnJzKDFSLr4dUkPcmCf5VyryEqzPLz5j4bpxFp, So11111111111111111111111111111111111111112"
raydium-amm,WSOL-,2.08,2.08,0,,870c1005-4b7d-48a5-abad-9c3b9c252dc1,0,0,0,False,0.36,21913,"So11111111111111111111111111111111111111112, 4BRummYdfvoEGQwYzTSmn5F6RyAFdrHUTFkeagobpump"
raydium-amm,WSOL-BONK,2.16,2.16,0,,38470665-1297-45ff-8412-88ebdc68605f,0,0,-1.94,False,0.62,21891,"So11111111111111111111111111111111111111112, DezXAZ8z7PnrnRJjz3wXBoRgixCa6xjnB7YaB1pPB263"
orca-dex,SOL-CPMX,514.12169,514.12169,0,,1c37c7d8-4a93-5b76-9761-c06882a42672,-0.73301,0,0,False,73.65142,21884,"So11111111111111111111111111111111111111112, FuzK9NcvPSpzpdYY2ZrZsdyCRrNG6sZEokwci9Qwz4JH"
orca-dex,CBBTC-WBTC,1.99424,1.99424,0,,9a060b9f-64e3-4093-8fec-cfed3c4455a4,-2.21551,-0.20012,-38.08698,False,52.065,21872,"cbbtcf3aa214zXHbiAZQwf4122FBYbraNdFqgw4iMij, 5XZw2LKTyrfvfiskJ78AMpackRjPcyCif1WhUsPDuVqQ"
raydium-amm,WSOL-NEWSUM,7.28,7.28,0,,42bbf66b-4188-4b58-8b1b-d261217a2cf3,2.21,0,0,False,1.67,21828,"So11111111111111111111111111111111111111112, 7AH1idoJMBEQtSUt4cmsrvAS1m6DwzniJh3jC1pxpump"
save,FOMO3D.FUN,0,0,0,,329d70f8-03b7-4c51-871c-5bee153e5dd3,0,0,0,False,0,21742,BQpGv6LVWG1JRm1NdjerNSFdChMdAULJr3x9t2Swpump
raydium-amm,WSOL-STARTED,2.11,2.11,0,,88ac54b7-4da2-4520-af33-b44f2ec12a84,0,0,-2.46,False,1.29,21655,"So11111111111111111111111111111111111111112, t9bFJnG9QvzYUomRuef8239ezZczLteb4fUQ4B3pump"
orca-dex,SOL-SZ,2.86827,2.86827,0,,5b757344-c324-5ba1-a3c5-a30e3eb8a923,-0.2201,-7.26357,0,False,4.64416,21528,"So11111111111111111111111111111111111111112, BhmPSRoEYPT7epsM87xWKcSoLkgaf7b5SqTzZpufApMQ"
raydium-amm,WSOL-SHED,8.55,8.55,0,,cb5aa524-c8ef-4278-8f69-fcd97ec65b39,0,0,0,False,1.15,21497,"So11111111111111111111111111111111111111112, Efrq2YCpuB6HdnTSbNQRnNoYXW2xLYhV8RB8KJ2RY5Cn"
orca-dex,ZEREBRO-COINOMI,6.39557,6.39557,0,,deeeecad-824f-4790-86b7-9177bcdcc534,0.71616,2.72923,-24.16904,False,20.1638,21493,"8x5VqbHA8D7NkD52uNuS5nnt3PwA8pLD34ymskeSo2Wn, EHmZM5QD7NFpu6hm3o8yYSA6EhYYunHL21fzN2ucpump"
raydium-amm,WSOL-JIMOTHY,2.55,2.55,0,,7469674c-f752-599c-958b-dbc9a70a766b,0,0,0,False,0.21,21484,"So11111111111111111111111111111111111111112, 4tsPAFfG7BmWNYPmRsouaUVT3L69y5hsm7fqxS6ZVudB"
orca-dex,PYUSD-USDG,0.04038,0.04038,0,,2bedcb5b-ea05-42ba-8c09-36d638f3feb8,-0.95676,-2.09658,-1.74625,True,1.42339,21465,"2b1kV6DkPAnxd5ixfnxCpjxmKwqjjaYmCZfHsFu24GXo, 2u1tszSeqZ3qBWF3uNGPFc8TzMk2tdiwknnRMWGWjGWH"
orca-dex,XAUT0-BBC,0.95097,0.95097,0,,3066e20e-6ded-4b9d-bbb7-1dfbeb9eedce,-1.817,0.95097,-9.44561,False,3.26951,21433,"AymATz4TCL9sWNEEV9Kvyz45CHVhDZ6kUgjTJPzLpU9P, BQ2hgVwRmjAmLgrnBFUBnk6y1HuzZPzQYhChL5c3pump"
orca-dex,SOL-OLAS,0.67363,0.67363,0,,52e59e52-d674-4b13-bea4-1076054f965e,0.66849,0.59304,0.67363,False,0.54134,21420,"So11111111111111111111111111111111111111112, Ez3nzG9ofodYCvEmw73XhQ87LWNYVRM2s7diB5tBZPyM"
orca-dex,MOODENG-COINOMI,0.04961,0.04961,0,,acb668f7-c766-41bb-bf42-4ad09ea551a7,-1.32087,-5.81212,-8.64889,False,2.01985,21386,"ED5nyyWEzpPPiWimP8vYm7sD7TD3LAt3Q3gRTWHzPJBY, EHmZM5QD7NFpu6hm3o8yYSA6EhYYunHL21fzN2ucpump"
raydium-amm,WSOL-IPXAI,1.97,1.97,0,,7b39f0a4-7650-4b4e-b701-b71547a22ae2,-2.65,0,0,False,0.42,21372,"So11111111111111111111111111111111111111112, 4wQG5QV64ZAfnWXwA44x8FhGRRyYFAMq9Lv2xmQLiqPB"
orca-dex,USDC-DOLLS,5.28725,5.28725,0,,1c18315a-c246-576b-837b-ea706bd7ccfb,0,0,0,False,0.75532,21350,"EPjFWdd5AufqSSqeM2qN1xzybapC8G4wEGGkZwyTDt1v, HnBMhmSAGGadZbBHbWx76H5zkxqfTSXxYxKqPfxX3vhp"
orca-dex,SOL-NOS,12.66821,12.66821,0,,280ef49a-c90a-42c6-b011-4f5ab61db741,-3.84431,-7.54248,-15.95872,False,16.27357,21344,"So11111111111111111111111111111111111111112, nosXBVoaCTtYdLvKY6Csb4AC8JCdQKKAaWYtx2ZMoo7"
raydium-amm,PEPESOL-WSOL,2.14,2.14,0,,43564570-f9c4-4e1e-a929-a7efad1a3a3f,0,0,0,False,0.28,21331,"Gq2mS5uvTX8vKYXhSwxg1khMwPyJfDCDziXNMoj6sByk, So11111111111111111111111111111111111111112"
raydium-amm,PEVIBE-USDC,73.19,73.19,0,,4064f9d6-c1d8-54d8-89c9-c3cb5c310256,0,0,0,False,6.02,21312,"CGgZmcCKcuEAiVQwHzDHr4A5NxyVdT1g3pwiCq1FhyJR, EPjFWdd5AufqSSqeM2qN1xzybapC8G4wEGGkZwyTDt1v"
orca-dex,SOL-USDT,0.17098,0.17098,0,,570f7eed-a9fb-4a63-add2-5582c90cd9bb,-2.61498,-0.70242,-16.91278,False,1.85628,21286,"So11111111111111111111111111111111111111112, Es9vMFrzaCERmJfrF4H2FYD4KCoNkY11McCe8BenwNYB"
raydium-amm,WSOL-GEORGE,11.78,11.78,0,,a745a917-cdfa-43ff-b1b5-dc613aeb2cdd,-8.02,0,-30.83,False,4.66,21281,"So11111111111111111111111111111111111111112, 4NmagwMczqFMpGKVJXYiZ6jFmBtedrtKd8f7HSzGbonk"
raydium-amm,USD1-DREAM,2,2,0,,d44e30b2-a204-4be7-91b3-4d96c17d2846,0,0,0,False,0.81,21261,"USD1ttGY1N17NEEHLmELoaybftRBUSErhqYiQzvEmuB, 51akgSdiNy3UvFqSu82wL2TNYPtXZJ1yWXGENp9obonk"
raydium-amm,WSOL-ZYPTO,2.25,2.25,0,,c3167bb4-5467-4401-9f76-70e106fde6f7,0,0,0,False,0.55,21236,"So11111111111111111111111111111111111111112, EjmMzq3ey5LCdMVXnHRmkwV9CRfydWkcZpQdgC72rXtM"
raydium-amm,PORTALS-WSOL,5.79,5.79,0,,7228e3cf-b125-4c4f-a76b-ac1b97f15f8c,-7.18,-2.38,-65.47,False,5.92,21220,"PRTLSwfLzpVGSAQiUfXEenJkq1cwTsEcsn1hPL9zwwg, So11111111111111111111111111111111111111112"
raydium-amm,FINU-WSOL,6.83,6.83,0,,eaca0fb6-636b-4846-bcbf-ed9e386de881,-3.28,-1.06,-1.87,False,3.39,21215,"3roGjzv4TeaWFN8VN6hfUKAsmoVUrYmmB2Dz3NYF1GAA, So11111111111111111111111111111111111111112"
gmtrade,WLFI-USDC,76.1765,76.1765,0,,baa0e6ae-a58c-4a2c-bfa6-4a87a845c146,2.79765,62.15517,48.21086,False,0,21215,EPjFWdd5AufqSSqeM2qN1xzybapC8G4wEGGkZwyTDt1v
raydium-amm,USDC-DEGET,150.89,150.89,0,,9872e62d-4ca3-55e8-a7a4-3ffcf5acf82a,0,0,0,False,12.4,21211,"EPjFWdd5AufqSSqeM2qN1xzybapC8G4wEGGkZwyTDt1v, Fo71aTiaoSJu2PQNtcd24KXcY47z2CiJeu6Poy1L4tY5"
raydium-amm,WSOL-RENDER,2.96,2.96,0,,da54a5ea-c11b-414a-a5c7-6c4db6610532,0.26,-5.48,-47.52,False,1.96,21201,"So11111111111111111111111111111111111111112, rndrizKT3MK1iimdxRdWabcF7Zg7AR5T4nud4EkHBof"
raydium-amm,WSOL-MEMESAI,9.88,9.88,0,,27530bdb-8f7f-4fba-882c-278baa39d6da,0,-3.64,0,False,36.38,21197,"So11111111111111111111111111111111111111112, 8D9foi1nqfabp8D3uNJCrzt1xkvxq8xHYH8Lxb4fbonk"
orca-dex,SOL-SAYDOM,14.35793,14.35793,0,,d2b66629-f95b-56e2-94e3-447cddbef917,0,0,0,False,2.05113,21109,"So11111111111111111111111111111111111111112, 5YptPGVg49xt45NompBcpcHiodknwuMEvP85BTzSjLR9"
orca-dex,EZSOL-JITOSOL,0.05637,0.05637,0,,7ebcef89-6bf7-46b9-a3c9-81ea0b8625b7,0.03182,0.04903,0.03649,False,0.12898,21099,"ezSoL6fY1PVdJcJsUpe5CM3xkfmy3zoVCABybm5WtiC, J1toso1uCk3RLmjorhTtrVwY9HJ7X8V9yYac6Y7kGCPn"
orca-dex,MAMDANI-USDC,0,0,0,,5d9a272e-6018-59d2-aee1-befd8838d807,-0.00085,0,0,False,0.76563,21074,"Ug4CjmkVrHUBtr4F9vBiWkh96VmqaDDKcTMmqVMctS2, EPjFWdd5AufqSSqeM2qN1xzybapC8G4wEGGkZwyTDt1v"
orca-dex,HKT-USDT,0.01214,0.01214,0,,9c0d68d1-406c-524e-be41-1b726e3e2a9c,0,0,0,False,0.00173,21067,"5Zzg9CgAAKtmmtenn6SXHUp4KXVjDFaUC3HvoNZmbxMe, Es9vMFrzaCERmJfrF4H2FYD4KCoNkY11McCe8BenwNYB"
raydium-amm,BANK-USDC,84.92,84.92,0,,fc992eae-0f60-562d-9efc-64482f435cef,41.89,0,0,False,10,21039,"PZBfVyHaFc2YFV6bSEhcmRnSN5MUAyAdRi3rcUejJay, EPjFWdd5AufqSSqeM2qN1xzybapC8G4wEGGkZwyTDt1v"
kamino-liquidity,SOL-GP,0,0,0,,45f452c6-382e-4e2e-a8f2-e1cb37cdf470,0,-19.75781,-19.11887,False,21.46182,21010,"So11111111111111111111111111111111111111112, 31k88G5Mq7ptbRDf3AM13HAq6wRQHXHikR8hik7wPygk"
orca-dex,SOL-JTO,27.58176,27.58176,0,,3643f224-2f2d-4ef6-8857-200189697db7,-5.40561,-3.38605,-10.93761,False,102.89017,20969,"So11111111111111111111111111111111111111112, jtojtomepa8beP8AuQc6eXt5FriJwfFMwQx2v2f9mCL"
raydium-amm,BOAP-USDC,0.1,0.1,0,,18f68bc1-1849-5a8e-9f96-ff789af13bee,0,0,0,False,0.03,20938,"6mWzwFUL3jCyjN7TitKTD35EwUD9TaQYPwMXn12VeSPW, EPjFWdd5AufqSSqeM2qN1xzybapC8G4wEGGkZwyTDt1v"
raydium-amm,WSOL-HOE,11.08,11.08,0,,d781cb96-160c-5494-9b86-5612cbe964d2,-0.85,0,0,False,33.81,20937,"So11111111111111111111111111111111111111112, FYhtoxpaaRXVubqjuijhbNmTc9bUuXr7LVYeaTZQTRiX"
kamino-liquidity,EZSOL-JITOSOL,0,0,0,,7b1b6144-f5b3-4d90-b166-549beab6b38c,0,0,0,False,0,20927,"ezSoL6fY1PVdJcJsUpe5CM3xkfmy3zoVCABybm5WtiC, J1toso1uCk3RLmjorhTtrVwY9HJ7X8V9yYac6Y7kGCPn"
orca-dex,ZEC-USDT,0,0,0,,9fbed701-9d80-513e-8f1f-b87c90d50328,0,-0.00751,0,False,0.00642,20912,"DmWm7RzrCkmzaqcPY3dcXexdUcxj6ByAHNrtK9Go3xPo, Es9vMFrzaCERmJfrF4H2FYD4KCoNkY11McCe8BenwNYB"
raydium-amm,WSOL-RICK,2.09,2.09,0,,8c1e312b-063d-4bcd-b3aa-34a07f46d90c,-0.42,-4.57,-6.6,False,1.48,20906,"So11111111111111111111111111111111111111112, AgYVbX4CueNVrBAXZh84DoFQtZhG6wpi3JgXHyCKpump"
orca-dex,PONKE-COINOMI,0.53566,0.53566,0,,6c624854-38ee-4861-a7d8-a7a60aac1335,-2.4148,-14.74164,-2.29091,False,1.28103,20904,"5z3EqYQo9HiCEs3R84RCDMu2n7anpDMxRhdK8PSWmrRC, EHmZM5QD7NFpu6hm3o8yYSA6EhYYunHL21fzN2ucpump"
raydium-amm,MATTLE-WSOL,24.14,24.14,0,,3141b81b-1f81-4a0f-a066-691dd65c791f,19.19,16.09,16.2,False,5.95,20900,"DEJqUhPTarcaNqhT7c6fktUszcJWN6skqyWSxXchpJNm, So11111111111111111111111111111111111111112"
orca-dex,UPT-USDT,1.14333,1.14333,0,,3d5850d7-533f-43a1-958b-61ad791e6337,-64.20384,0.75019,-0.70242,False,9.88576,20894,"UPTx1d24aBWuRgwxVnFmX4gNraj3QGFzL3QqBgxtWQG, Es9vMFrzaCERmJfrF4H2FYD4KCoNkY11McCe8BenwNYB"
orca-dex,JUP-USDC,0.84088,0.84088,0,,06eceae4-f1f7-4bc7-b932-07468b7a9756,-2.413,-2.12193,-31.66056,False,2.79035,20888,"JUPyiwrYJFskUPiHa7hkeR8VUtAeFoSYbKedZNsDvCN, EPjFWdd5AufqSSqeM2qN1xzybapC8G4wEGGkZwyTDt1v"
raydium-amm,WSOL-PETUNIA,52.86,52.86,0,,42c964c5-322a-496a-8957-88e37d02b7eb,6.14,0,0,False,12.59,20871,"So11111111111111111111111111111111111111112, 8NrAzg558TYtwdGYcwomsLHfdQ5dwEYckXqgfL6tpump"
raydium-amm,FATGF-SPX,1.98,1.98,0,,a33f6da9-f441-4010-bcd5-e4bfc09921fc,0,-0.06,-2.75,False,1.25,20840,"4y9E3tJpGNzRr1592oWTPECgyp2VDSc1Bf3DqAm5FZsK, J3NKxxXZcnNiMjKw9hYb2K4LUxgwB6t1FtPtQVsv3KFr"
raydium-amm,WETH-USDC,2.38,2.38,0,,19ee4d34-f9a2-44ed-b7ff-a32cf361fe31,0,0,-8.27,False,1.08,20827,"7vfCXTUXx5WJV5JADk17DUJ4ksgau7utNKj4b963voxs, EPjFWdd5AufqSSqeM2qN1xzybapC8G4wEGGkZwyTDt1v"
raydium-amm,WSOL-AGI,2.32,2.32,0,,325fd8f1-b3ac-45b8-85e9-0b4acedc8c4e,0,0.13,0,False,1.65,20810,"So11111111111111111111111111111111111111112, 8bUbe1ujsM1G3JEbBWVVCXa2widmuPdKUB2rGKMYFw7R"
raydium-amm,WSOL-EURC,4.29,4.29,0,,4eece236-51f4-4e24-850f-3399ee354595,-6.89,-0.63,0,False,4.88,20810,"So11111111111111111111111111111111111111112, HzwqbKZw8HxMN6bF2yFZNrht3c2iXXzpKcFu7uBEDKtr"
raydium-amm,WSOL-DEMPLAR,4.31,4.31,0,,c2cfab6b-9f76-4843-9745-e1aeeef965b7,0,0,0,False,2.72,20790,"So11111111111111111111111111111111111111112, 4kU3B6hvnMEWNZadKWkQatky8fBgDLt7R9HwoysVpump"
raydium-amm,WSOL-TBEAR,3.63,3.63,0,,d642902d-96db-40e7-9b19-606b3aada792,-1.49,-11.48,0,False,2.01,20789,"So11111111111111111111111111111111111111112, FYhhqKpdoYnGCYnvn7Db8NiABucTuAqGD59DSmYnpump"
raydium-amm,WSOL-COM,4.6,4.6,0,,fad53a63-6087-4971-adc4-cf1e4d4b2310,0,0,0,False,1.7,20760,"So11111111111111111111111111111111111111112, J3NrhzUeKBSA3tJQjNq77zqpWJNz3FS9TrX7H7SLKcom"
omnipair,ORE-STORE,0.81335,0.81335,0,,82d70c24-5418-4a65-bcc8-04ea3c2c1f44,0.00094,0.27094,-6.89157,False,0,20727,"oreoU2P8bN6jkk3jbaiVxYnG1dCXcYxwhwyK9jSybcp, storenSbvkfzircixnaosc5CbzNZVrHJ6S3EKrS1yqR"
raydium-amm,ST-USDC,6.86,6.86,0,,b6544013-dff3-4794-bd27-20c74617c920,1.72,1.99,-194.29,False,3.16,20719,"3bjea65A3CWPKV5sS33Jn3tfgfvsrtixgaDpKK55toST, EPjFWdd5AufqSSqeM2qN1xzybapC8G4wEGGkZwyTDt1v"
gmtrade,SPY-USDC,51.86079,51.86079,0,,2ad9f07b-7eda-40e2-bc56-3b2b6f6f4b5c,11.64789,14.79739,41.93457,False,0,20717,EPjFWdd5AufqSSqeM2qN1xzybapC8G4wEGGkZwyTDt1v
raydium-amm,WSOL-GOAT,3.94,3.94,0,,7cb874e3-0f22-4347-91ff-4d8dbd29ccc9,-10.08,0,0,False,3.4,20679,"So11111111111111111111111111111111111111112, 7X84qLj14hs5j1YNGimWfhMEVMrnrCtkMUDnkWyk8jKA"
save,WIF,0,0,0,,8870ef8e-b62c-4d5c-84c4-a0cfc354c21e,0,-0.06,-0.06,False,0,20675,EKpQGSJtjMFqKZ9KQanSqYXRcF8fBopzLHYxdM65zcjm
raydium-amm,$GUZUTA-WSOL,2.29,2.29,0,,a4b50bad-75b0-40b8-8364-aa026ed2bc45,0,0,0,False,0.65,20674,"ECMYTGjvXWR3mb5RFEh3F1mAqFBe5EEe53A2n1F1sbpg, So11111111111111111111111111111111111111112"
project-0,W,9e-05,9e-05,0,,062d5378-820b-4e8a-92fb-c83b29762e0e,2e-05,-0.00089,-5e-05,False,0,20664,85VBFQZC9TZkfaptBWjvUw7YbZjy52A6mjtPGjstQAmQ
raydium-amm,WSOL-WWB,13.09,13.09,0,,510359a7-9a24-4e90-8fcf-2b891dea0ce6,-28.4,0.49,-8.38,False,5.83,20655,"So11111111111111111111111111111111111111112, H5tAm75SE7V7VsovGBSQ9CcybYBgzH8SksD7f4YYe6Z3"
orca-dex,UPT-USDC,0,0,0,,9d007df3-5c89-437b-80e8-f8527bcc2e0c,-156.75582,0,-2.0795,False,22.61352,20626,"UPTx1d24aBWuRgwxVnFmX4gNraj3QGFzL3QqBgxtWQG, EPjFWdd5AufqSSqeM2qN1xzybapC8G4wEGGkZwyTDt1v"
raydium-amm,WSOL-OMOCHI,3.76,3.76,0,,0158d421-17bf-414a-9576-b93638c283d2,0,0,0,False,1.39,20620,"So11111111111111111111111111111111111111112, ESVRQ6phc55VCw7sWB6JgW3PeTB6N68kvwjfsMPcpump"
raydium-amm,WSOL-MANLET,2.25,2.25,0,,8a9659a8-bf17-46d3-962f-b33c1ad64a98,0,0,0,False,0.54,20610,"So11111111111111111111111111111111111111112, 5HvxUFGRRV5FhzJtHDYM5uhSTjWGPp9XQxLLjhMcj382"
kamino-lend,USDC,6.66563,6.66563,0,,73165bfe-bfc2-47e3-9fbf-d5d5941bf906,-0.23507,0.56354,-0.48313,True,0,20527,EPjFWdd5AufqSSqeM2qN1xzybapC8G4wEGGkZwyTDt1v
raydium-amm,WSOL-CHILLDEV,2.11,2.11,0,,f773ee3a-3d0a-45b2-a504-652e0eccddb0,-0.74,-6.12,-7.02,False,2.94,20507,"So11111111111111111111111111111111111111112, 9oVBh2BFFhXyv3P8EmQRdNEi6QvqHSRhRnhPnst3pump"
orca-dex,SOL-RAY,1.14224,1.14224,0,,d6ebdcd6-3faa-4a6c-bdb2-47c140ba01d9,-10.46258,-1.00628,-6.76262,False,7.77913,20492,"So11111111111111111111111111111111111111112, 4k3Dyjzvzp8eMZWUXbBCjEvwSkkk59S5iCNLY3QrkX6R"
raydium-amm,BULLBERRY-USDC,11.96,11.96,0,,70dfad3f-c8ef-551b-9af7-9251b7fe246a,0,0,0,False,0.98,20481,"CFwN9oHJhSzgPxZJ1jEvmDUvtQzMmahAq3Nt1qUHwrbf, EPjFWdd5AufqSSqeM2qN1xzybapC8G4wEGGkZwyTDt1v"
raydium-amm,WSOL-PANDY,4.18,4.18,0,,967ee5c9-ff25-57e7-b4c4-1c5db08c8102,0,0,0,False,0.89,20436,"So11111111111111111111111111111111111111112, 3nMTnd5Bmapwrao5gJr75TC72LLgHxxCxFAhTFQ49mR7"
orca-dex,KONG-USDC,0,0,0,,b7d50411-9137-45ea-98ce-f57a05d402aa,0,0,0,False,0,20435,"BuhBzzhLrszaSxNmVyCfvHkhipCDbeok1k4hHDVRL6su, EPjFWdd5AufqSSqeM2qN1xzybapC8G4wEGGkZwyTDt1v"
raydium-amm,$MVB-WSOL,2.17,2.17,0,,556c76d4-a559-464b-89cd-a0c19f2d40ec,-0.31,0,0,False,0.56,20417,"moon18sDJGhymHnyEMHWPdqjmSykNhFP77LxPZoueTt, So11111111111111111111111111111111111111112"
raydium-amm,WSOL-KEKE,2.16,2.16,0,,17bd95ec-e419-46b5-9dd8-1987e644429e,0,0,0,False,0.58,20404,"So11111111111111111111111111111111111111112, Ey6fDMGfV5cNw3yYXa7FXdAFgBob1Ks6BeJzQGNqR1Tn"
orca-dex,SOL-AI16Z,11.50124,11.50124,0,,7a6d49f1-b4de-4932-82c5-2b017663b833,0,-8.48009,-36.00776,False,18.50298,20393,"So11111111111111111111111111111111111111112, HeLp6NuQkmYB4pYWo2zYs22mESHXPQYzXbB8n4V98jwC"
raydium-amm,WSOL-UAP,2.61,2.61,0,,6489114c-1c1a-4286-a013-d674709f999d,0,0,0,False,0.7,20368,"So11111111111111111111111111111111111111112, 5JDtsBBzPdpYzTBXw7GPJ6KQvy95e6D89dWPKeWWpump"
raydium-amm,CHINA-WSOL,2.57,2.57,0,,46dd9d7a-b43a-424e-b686-c44c6adc84c3,0,-0.9,-5.56,False,0.95,20330,"E2BGnzHdJNUBtAVR7EyQMuEMHqgv65JL8J9ZyqyXUVvA, So11111111111111111111111111111111111111112"
raydium-amm,WSOL-CTA,2.08,2.08,0,,03bd1b17-8916-4e94-a164-bacbd7d8f4d2,0,0,0,False,3.5,20295,"So11111111111111111111111111111111111111112, DJfRBwZxHvdrQzkLZFGYZmUG5bdKzRrLVrK2NfmMpump"
orca-dex,SOL-HNT,1.04001,1.04001,0,,75dbdb23-9653-413b-9ff2-41f7971a5941,-0.05891,-0.4581,-3.263,False,3.57715,20294,"So11111111111111111111111111111111111111112, hntyVP6YFm1Hg25TN9WGLqM12b8TQmcknKrdu1oxWux"
raydium-amm,USDC-ERC20-USDT,6.04,6.04,0,,eb674903-6c11-5908-b59f-365fbe3ceece,0,0,0,False,0.5,20263,"EPjFWdd5AufqSSqeM2qN1xzybapC8G4wEGGkZwyTDt1v, HFrP2CvHh8v9bznGxFb2GhFaPexm45h3viMcCWg84qYt"
raydium-amm,CASHPEPE-USDC,5.86,5.86,0,,bfa327e7-7da4-5dda-ac94-b73c16750ac4,0,0,0,True,0.48,20230,"3DpT5tibX5EifcEhyHwhDVTszRZyq6LWTTQzLhTDV1uu, EPjFWdd5AufqSSqeM2qN1xzybapC8G4wEGGkZwyTDt1v"
kamino-liquidity,USDC-USDT,0,0,0,,ef49c97e-e78f-4e2a-9525-0faea1a25421,0,0,0,True,0,20228,"EPjFWdd5AufqSSqeM2qN1xzybapC8G4wEGGkZwyTDt1v, Es9vMFrzaCERmJfrF4H2FYD4KCoNkY11McCe8BenwNYB"
raydium-amm,WSOL-CDB,2.09,2.09,0,,b189e1fe-2b32-4fc4-be47-e3369a669b34,-3.55,0,0,False,0.66,20183,"So11111111111111111111111111111111111111112, 9wpLm21ab8ZMVJWH3pHeqgqNJqWos73G8qDRfaEwtray"
raydium-amm,WSOL-KIRI,5.87,5.87,0,,5e3d7d72-c484-4bcb-8e3f-cbdd048d81af,0,0,0,False,10.82,20149,"So11111111111111111111111111111111111111112, 3Ei8SaoL4JWZv1XsWePqiAjVtb7QtpJbV2TSuURmpump"
raydium-amm,USD1-MURICA,2.4,2.4,0,,71f0fa31-4d79-4f6c-9a8c-62a43f0ac944,0,0.08,0,False,1.33,20109,"USD1ttGY1N17NEEHLmELoaybftRBUSErhqYiQzvEmuB, rnMLBLnUueJveGpLCS2BGsY3McJGRXZ8bqQ8eBWbonk"
save,ISC,0.8,0.8,0,,96cb74ae-4c8e-41e0-b659-daccbb55a7a2,0,-0.01,0.05,True,0,20029,J9BcrQfX4p9D1bvLzRNCbMDv8f44a9LFdeqNE4Yk2WMD
raydium-amm,HAROLD-WSOL,3.64,3.64,0,,dc8f45d1-94d9-41c5-8cd2-b650b7120db1,0,1.45,0,False,1.63,19962,"EjmDTt8G3T725eFSV7oWmGD8J848guo3LZ1EB3RfwGSw, So11111111111111111111111111111111111111112"
orca-dex,IODT-USDC,0,0,0,,5c1a3143-a1eb-4923-be79-d5d9ad09fe41,0,0,0,False,0,19956,"9DTLzCTzKgp5kUG5p6Mwy9msTxBi8a7uNHsTjMV8a2wm, EPjFWdd5AufqSSqeM2qN1xzybapC8G4wEGGkZwyTDt1v"
raydium-amm,ZBCN-DOBBY,21.28,21.28,0,,916b9d9e-c81a-41a1-8f29-a0083d76cac1,0,0,0,False,9.07,19939,"ZBCNpuD7YMXzTHB2fhGkGi78MNsHGLRXUhRewNRm9RU, CPcf58MNikQw2G23kTVWQevRDeFDpdxMH7KkR7Lhpump"
raydium-amm,POKEMON-WSOL,2.4,2.4,0,,12986221-8920-43c7-93eb-942500bd3652,0,0,0,False,0.63,19916,"21TFGxymLzASEW15dEZKmxgFEQrRiHB9m1aVaEmqkr43, So11111111111111111111111111111111111111112"
raydium-amm,UGG-XCAD,2.46,2.46,0,,a206bdcb-2cd9-427e-9606-14b3fe2e77f2,0,0,0,False,0.21,19886,"UGGpUAEc9eghyTxbEcVpMWbh3GzpXCmpMLWwvqvhm9a, AHcxvCP5se2DiqfcXwBz8i7WygwWJdd8f9S9t6nd4YsQ"
orca-dex,ALON-COINOMI,16.76164,16.76164,0,,6ed82ead-b8f9-4d09-ba60-d545c26cc4e9,4.33468,12.69998,-41.04123,False,21.70093,19885,"8XtRWb4uAAJFMP4QQhoYYCWR6XXb7ybcCdiqPwz9s5WS, EHmZM5QD7NFpu6hm3o8yYSA6EhYYunHL21fzN2ucpump"
raydium-amm,WSOL-ADNS,4.32,4.32,0,,cadd1b28-f1a3-475a-bc6d-17444dc7d287,0,0,0,False,0.69,19867,"So11111111111111111111111111111111111111112, ADNScivK6Pt2XsfsufuyUiZaKbRww5JANDvZ7texDid1"
raydium-amm,USD1-WHATRR,14.19,14.19,0,,c344d805-2530-4e96-9aab-7eff4d94056f,0,0,0,False,1.98,19855,"USD1ttGY1N17NEEHLmELoaybftRBUSErhqYiQzvEmuB, CZJzsywCWkqZNa6CRW3Av6WVNCvTX3EuBwS2nar8bonk"
raydium-amm,NYAN-WSOL,2.14,2.14,0,,1510ec6c-e1cb-44b5-b5f4-06c6bf93b8db,-0.92,0,0,False,0.36,19817,"49ztDWXk7qEfz8Y1t8owmhLhewiA3ptVNPpRGAjRd8Wh, So11111111111111111111111111111111111111112"
raydium-amm,WSOL-TUTC,2.66,2.66,0,,d28b86f3-95e7-414a-a1bd-d0d86d609842,0,0,0,False,4.91,19749,"So11111111111111111111111111111111111111112, bZqP1p2mUd9ftH6AFBmoyQqsAFcG5mddMMh3Y8mpump"
raydium-amm,WSOL-CPO,3.27,3.27,0,,c29d8a29-4571-4c51-8694-34790a721d6f,0,-36.06,-41.52,False,16.65,19560,"So11111111111111111111111111111111111111112, E9rXspyipd74ABB8UMn3qn134hArqzHVjSzQt8wVBZvi"
orca-dex,HNT-USDC,0.16096,0.16096,0,,5a211b8f-4492-40b2-875e-f56eb5b204cf,0.01939,-0.61252,-4.55073,False,0.52337,19523,"hntyVP6YFm1Hg25TN9WGLqM12b8TQmcknKrdu1oxWux, EPjFWdd5AufqSSqeM2qN1xzybapC8G4wEGGkZwyTDt1v"
orca-dex,RLB-SOL,0,0,0,,748439d2-932d-49c8-8c8d-a976459684b8,0,0,0,False,0,19496,"RLBxxFkseAZ4RgJH3Sqn8jXxhmGoz9jWxDNJMh8pL7a, So11111111111111111111111111111111111111112"
raydium-amm,WSOL-AOC,2.77,2.77,0,,0fc6745a-5b34-4523-8c6d-231c17288638,-3.03,0,-4.01,False,0.84,19488,"So11111111111111111111111111111111111111112, GfkfESc5A4EkxCGWsymNY4ZfkCDdvtB7ajCybLfYL1Qq"
orca-dex,PYUSD-USDT,0.83036,0.83036,0,,78b0e621-7e39-412f-9e38-8171ec7284d5,-0.56817,0.52543,-2.63929,True,0.92545,19471,"2b1kV6DkPAnxd5ixfnxCpjxmKwqjjaYmCZfHsFu24GXo, Es9vMFrzaCERmJfrF4H2FYD4KCoNkY11McCe8BenwNYB"
raydium-amm,GOL-WSOL,1.82,1.82,0,,abb364a8-bd1d-4d41-9950-7dece51e676b,0,0,0,False,0.27,19452,"9sjyR4GrozeV8a9xM3ykKPGPXJYASy9AuufzefCyaCnP, So11111111111111111111111111111111111111112"
raydium-amm,SDOGE-WSOL,2.45,2.45,0,,bdd3cb4a-68cd-44f6-8089-223b0427aff3,0,0,0,False,0.83,19439,"E2WYCGJJtWBodVLy1NKcN8ve4UAtsJJBU2mdErbXxP8h, So11111111111111111111111111111111111111112"
orca-dex,SOL-WBTC,0.96523,0.96523,0,,7331c619-dd89-49fa-9080-3c3c6f81bbe1,0.01689,0.32544,-8.81353,False,1.18864,19412,"So11111111111111111111111111111111111111112, 3NZ9JMVBmGAqocybic2c7LQCJScmgsAZ6vQqTDzcqmJh"
raydium-amm,WSOL-USDC,30.84,30.84,0,,62bb16e2-156b-4511-b875-41e6317dab1f,-60.87,1.25,-18.9,False,79.08,19393,"So11111111111111111111111111111111111111112, EPjFWdd5AufqSSqeM2qN1xzybapC8G4wEGGkZwyTDt1v"
raydium-amm,WLFI-USDC,2.8,2.8,0,,e001d5df-6851-402d-bc8b-ccdf6a23670c,-18.33,0.53,-4.07,False,5.68,19387,"WLFinEv6ypjkczcS83FZqFpgFZYwQXutRbxGe7oC16g, EPjFWdd5AufqSSqeM2qN1xzybapC8G4wEGGkZwyTDt1v"
raydium-amm,WSOL-KAV,2.29,2.29,0,,9cad5ab2-1c78-41b2-bbfa-07d958b8bf95,0,0,0,False,0.82,19369,"So11111111111111111111111111111111111111112, AX6fPqzs5vupRQ6B8LryLAMrDw7D18dDXQAJKMSUTLSF"
orca-dex,SOL-GOAT,1.95944,1.95944,0,,2347a90e-1a52-4684-bb49-6f7d5321ad48,-0.58023,-1.03438,-3.40505,False,2.91458,19360,"So11111111111111111111111111111111111111112, CzLSujWBLFsSjncfkh59rUFqvafWcY5tzedWJSuypump"
raydium-amm,LTX-WSOL,2.31,2.31,0,,c874a3d4-1513-4882-8f31-ba74966abb44,-0.43,0.02,0,False,0.93,19345,"LTXH7nCGXz5TBZ57H8oZu7YwmDSVfSqWViW4B28yg8X, So11111111111111111111111111111111111111112"
raydium-amm,MSG-USDC,3.84,3.84,0,,e041721c-aaf4-46d4-9786-15d47c195f24,0,-10.58,0,False,3.54,19304,"9JBTYCisBMn78W9SJLk4ZUx2xCj2y97ZifL24WStHUqt, EPjFWdd5AufqSSqeM2qN1xzybapC8G4wEGGkZwyTDt1v"
kamino-liquidity,LST-JITOSOL,0,0,0,,101eb151-5ede-4a6e-96cb-087151383954,0,0,0,False,0,19301,"LSTxxxnJzKDFSLr4dUkPcmCf5VyryEqzPLz5j4bpxFp, J1toso1uCk3RLmjorhTtrVwY9HJ7X8V9yYac6Y7kGCPn"
orca-dex,TROLL-COINOMI,16.11437,16.11437,0,,bb71130b-783a-4e4c-bc5a-9f9ef560e5f2,-10.25287,-0.00748,-15.71211,False,17.87502,19275,"5UUH9RTDiSpq6HKS6bp4NdU9PNJpXRXuiw6ShBTBhgH2, EHmZM5QD7NFpu6hm3o8yYSA6EhYYunHL21fzN2ucpump"
raydium-amm,WSOL-WTFO,2.52,2.52,0,,228387d4-92f4-4617-bf8b-d7bf3e1668e1,0,-0.45,-11.39,False,2.13,19272,"So11111111111111111111111111111111111111112, 8C4RygkxmePm9ys1qCcAB46dUCXNQYTaqfxS5mBrpump"
raydium-amm,QQQX-IDLE,42.64,42.64,0,,d2a449ae-4990-467a-bfc3-83280da40aa6,-20.76,17.73,5.7,False,31.28,19217,"Xs8S1uUs1zvS2p7iwtsG3b6fkhpvmwz4GYU3gWAmWHZ, BjcRmwm8e25RgjkyaFE56fc7bxRgGPw96JUkXRJFEroT"
raydium-amm,MACHO-WSOL,2.15,2.15,0,,287227b0-f88f-4d1a-a8e3-463f8e865609,-4.3,0,0,False,0.53,19180,"8zFovnzXzK9JDiftGaw7wiRxARrRtvm9Lz12vJ8CZ5ZA, So11111111111111111111111111111111111111112"
project-0,CLOUD,6e-05,6e-05,0,,cb5935a3-9e43-439d-a315-110a3154e121,0,0,-7e-05,False,0,19160,CLoUDKc4Ane7HeQcPpE3YHnznRxhMimJ4MyaUqyHFzAu
project-0,PT-HYUSD,0,0,0,,305a3968-823e-4400-9a3a-ff3e042ba48d,0,0,0,False,0,19135,EgCjHHmF2SRGwoqjHCicoZkbzJbPgZRN7h3eeuNZWndK
gmtrade,META-USDC,35.78858,35.78858,0,,15e17b12-0271-4066-be24-32c813e3f1f9,-19.46753,-40.72155,19.9545,False,0,19120,EPjFWdd5AufqSSqeM2qN1xzybapC8G4wEGGkZwyTDt1v
raydium-amm,WSOL-SAHUR,2.19,2.19,0,,9399791b-514b-41b0-8fbb-29b3c5f898c3,-0.65,0,0,False,0.41,19085,"So11111111111111111111111111111111111111112, DNrmDMs2czDaAwgzg2BmvM7Jn5ZqA6VN5huRqCrSpump"
raydium-amm,ANSEM-WSOL,2.18,2.18,0,,244b74e7-7ef7-48f1-be4a-316cea06c5c9,-1.99,0,0,False,1.51,19081,"3Lec18q7nPM62LQwqXG2ddiBTDrFCiNw1NEA1ehBZPgB, So11111111111111111111111111111111111111112"
raydium-amm,WSOL-XIN,3.94,3.94,0,,a1c44b38-5f5e-47db-9c0d-945651699ecb,0,0,-3.59,False,1.41,19075,"So11111111111111111111111111111111111111112, 4s4H5v4TXpmS4Ss66nxcCLgxrU5nunuwtkQceinZfGuw"
raydium-amm,POLIS-USDC,4.79,4.79,0,,3111d13d-4fad-4f15-b971-99f9c6008907,-2.04,-64.65,-9.21,False,11.28,18996,"poLisWXnNRwC6oBu1vHiuKQzFjGL4XDSu4g9qjz9qVk, EPjFWdd5AufqSSqeM2qN1xzybapC8G4wEGGkZwyTDt1v"
raydium-amm,WSOL-USEDVAGINA,4.53,4.53,0,,4a9e50a9-9096-51a8-8b5d-c82e36738212,1.52,-5.45,0,False,2.3,18968,"So11111111111111111111111111111111111111112, EognLfi95vXcCZAAS1d9PT5xcs73Qn1AHyfo9LLTpump"
raydium-amm,WSOL-UNDERDOG,2.5,2.5,0,,f1737de3-cad7-430f-98cb-9743808c9461,0,0,0,False,0.71,18901,"So11111111111111111111111111111111111111112, B4aJyVCibxP1J95RccZ57DPJWEfkkzUDbm9DuFD9bonk"
raydium-amm,WSOL-CMT,2.45,2.45,0,,c26baf3f-ab36-5cad-aee6-51009cba3110,0,0,0,False,1.49,18832,"So11111111111111111111111111111111111111112, 3Sq9MfX1md1THUpJmX2T5AugJmLq1WtRwWGZHAnyyvSD"
raydium-amm,WSOL-DEBT,49.99,49.99,0,,5b3002f6-0412-41a0-815d-8a276e640985,24.01,14.8,-19.93,False,45.04,18831,"So11111111111111111111111111111111111111112, vLieQF5eDqUuuk8RzRaqgAHkXr7bSEBZaWk9Zfibonk"
kamino-lend,KSOLJITOSOLRAYDIUM,0,0,0,,d0d84008-3982-43d0-ab16-d7a6bb6cbfb8,0,0,0,False,0,18772,GYiUmJ8reqYAdTQtx6CRFawHqPXx9yzkUFvaUVE8PskP
raydium-amm,WSOL-PLTX,2.07,2.07,0,,231ca938-46e5-4f36-8ecb-ed6594cf0603,0,0,0,False,0.89,18733,"So11111111111111111111111111111111111111112, 5UiAZBVPKdaiw8mMVB5GLpEynpWRWLWyGTQruzEnRv2o"
raydium-amm,WSOL-Y2K,2.57,2.57,0,,2098dfad-acdb-4582-9966-9f5b845aa383,0,0,0,False,0.98,18704,"So11111111111111111111111111111111111111112, 8YiB8B43EwDeSx5Jp91VQjgBU4mfCgVvyNahadtzpump"
gmtrade,WSOL-USDC,0.76904,0.76904,0,,2b37808d-ab5c-4070-960d-5bce69c675d8,0.0769,0.20989,0.38798,False,0,18678,"So11111111111111111111111111111111111111112, EPjFWdd5AufqSSqeM2qN1xzybapC8G4wEGGkZwyTDt1v"
raydium-amm,WSOL-MMIP,2.98,2.98,0,,90feb820-1f24-4918-af95-3f510c25956b,-4.32,0,-13.87,False,1.48,18662,"So11111111111111111111111111111111111111112, Ccgfe34o6auHHBGgtZp2RRcScxxJgbEhQUAzNieE1cX7"
gmtrade,SUI-USDC,28.72809,28.72809,0,,dd259942-718d-43d9-9aa4-dd8bbea5c09b,-23.6551,0.25627,24.53628,False,0,18614,EPjFWdd5AufqSSqeM2qN1xzybapC8G4wEGGkZwyTDt1v
raydium-amm,WSOL-TERRY,2.37,2.37,0,,c98280ef-1acb-4de1-b85b-3831623ce9b3,0,0,0,False,0.46,18554,"So11111111111111111111111111111111111111112, GrLvp1v6SGUyDZxUDxy69cTibyTQkNNJ6ukePW4Tpump"
raydium-amm,WSOL-WHALE,2.28,2.28,0,,c7eb882d-c7b6-4f33-a693-e5fd8f58a5f4,-3.64,0,0,False,0.55,18551,"So11111111111111111111111111111111111111112, DBfX8jBecXYViMxEADzxDawcvdyAde2JKizCRFug5wvi"
raydium-amm,WSOL-IMAGINE,2.55,2.55,0,,e85b2ddd-2993-4370-9b72-2b75c72ffbd7,0,0,0,False,0.4,18520,"So11111111111111111111111111111111111111112, EuU9Vh37eKDdUnZkUfMZLGCcBqwFYpr1E6X3ZwUxhvgm"
orca-dex,GME-COINOMI,0,0,0,,2aef2995-9d5c-4116-a4e1-77446a346708,0,-1.14622,-2.70765,False,1.1727,18511,"8wXtPeU6557ETkp9WHFY1n1EcU6NxDvbAggHGsMYiHsB, EHmZM5QD7NFpu6hm3o8yYSA6EhYYunHL21fzN2ucpump"
save,USDS,1.49,1.49,0,,9541ffa9-714a-4b8a-a362-c25e4eeeee18,0,-0.02,-0.05,True,0,18499,USDSwr9ApdHk5bvJKMjzff41FfuX8bSxdKcR81vTwcA
raydium-amm,WSOL-MDUDAS,2.07,2.07,0,,602fa189-86bb-4684-b2d1-981017ee6e3a,0,0,0,False,0.95,18492,"So11111111111111111111111111111111111111112, Af4F7EEccMWrkVAGAn4VYHpW1NP8VKnxCJHWRJrHpump"
raydium-amm,WSOL-GOMU,1.87,1.87,0,,eb938ca7-5316-4c61-ad19-fa05c93fbcfe,0,0,0,False,0.31,18404,"So11111111111111111111111111111111111111112, Bx74hpFiaiBbSonrjyqxjGfAA7gRxM2CeKiy31uN6biR"
raydium-amm,OGI-WSOL,19.72,19.72,0,,fd3d3bc1-d528-4a18-834e-855351a66424,-36.53,0.61,0,False,21.09,18386,"12SFro5AeU3z4b3exEpLczbwcm49EvwU312j1JvB5ogi, So11111111111111111111111111111111111111112"
raydium-amm,WSOL-WILDNOUT,2.64,2.64,0,,27e07ef1-4ff4-4bbf-a47c-58af23442d46,0,0,0,False,2.66,18368,"So11111111111111111111111111111111111111112, 5m9AhhwMnosop8CAWdSJDNfLLkg3EFkX5sJ3zAuMpump"
raydium-amm,RENDER-USDC,6.96,6.96,0,,9816fd3a-4978-4c9f-bbd6-da71a1bdba48,-4.86,-3.02,-39.21,False,6.09,18337,"rndrizKT3MK1iimdxRdWabcF7Zg7AR5T4nud4EkHBof, EPjFWdd5AufqSSqeM2qN1xzybapC8G4wEGGkZwyTDt1v"
raydium-amm,USD1-RARECOIN,6.04,6.04,0,,353c8f1f-398f-4170-a10d-645fb4c1bf45,-9.42,3.64,-0.02,False,2.94,18274,"USD1ttGY1N17NEEHLmELoaybftRBUSErhqYiQzvEmuB, GWaD6wcxSZFwXApoY56x6Cxiqs5sAvtQNdcUvz7Zbonk"
raydium-amm,WSOL-GTA6,2.48,2.48,0,,a60da8a4-3881-47ac-9098-f9248800e6a1,0,0,0,False,0.35,18255,"So11111111111111111111111111111111111111112, CQAjHrpdwSXkMAwwSf6XkKYi92LMXNAwzdvE3exhMKRx"
raydium-amm,WSOL-STOIC,3.39,3.39,0,,c1f035f5-c45f-4383-8bad-9d88a3835845,-0.1,0,0,False,5.83,18214,"So11111111111111111111111111111111111111112, 62mETtNRaVY5iNsJr5YexsbVg1uyyoLwtoWLSnjApump"
orca-dex,ZEC-XAUT0,23.57471,23.57471,0,,87c842d8-7eaa-4352-88bc-00b7cbd0b79d,-19.26839,-17.92291,-92.29621,False,34.77191,18201,"A7bdiYdS5GjqGFtxf17ppRHtDKPkkRqbKtR27dxvQXaS, AymATz4TCL9sWNEEV9Kvyz45CHVhDZ6kUgjTJPzLpU9P"
gmtrade,GOOGL-USDC,39.88855,39.88855,0,,30db15f7-b57b-42b7-9261-629ab56e6632,2.12154,-13.47142,20.37785,False,0,18196,EPjFWdd5AufqSSqeM2qN1xzybapC8G4wEGGkZwyTDt1v
raydium-amm,WSOL-AFITR,2.65,2.65,0,,0313057e-5b48-4249-96b4-2e6bef46c209,0,0,0,False,1.83,18165,"So11111111111111111111111111111111111111112, 83Ur4XYc5QyRNBshoW2Yu9cCLyNDV9s5krBu11JWDxxq"
raydium-amm,ERA-USDC,95.98,95.98,0,,6304af52-f4b4-5e36-a16f-49bb2523fbed,0,0,0,False,19.37,18109,"2fthhjkV9nmezZCPgpx1w4SRW2fZSASe7fpDhfpLpatr, EPjFWdd5AufqSSqeM2qN1xzybapC8G4wEGGkZwyTDt1v"
gmtrade,MSTR-USDC,36.10433,36.10433,0,,2eb19c65-4717-4d17-9adb-94264d19b281,5.08806,0,34.72694,False,0,18109,EPjFWdd5AufqSSqeM2qN1xzybapC8G4wEGGkZwyTDt1v
raydium-amm,WSOL-RVIS,1.28,1.28,0,,b3cda50c-0011-5702-aa9e-d5e9cd9fb91c,0,0,0,False,0.11,18098,"So11111111111111111111111111111111111111112, visJo178oBFikStKJFNWoiYvdXkP1qFeoeiKi83xbMC"
save,USDC,4.29,4.29,0,,e6ddd0b2-00f3-48eb-b1e2-aabaada6bb6f,-0.01,-0.17,0.51,True,0,17957,EPjFWdd5AufqSSqeM2qN1xzybapC8G4wEGGkZwyTDt1v
raydium-amm,TBB-USDC,453.86,453.86,0,,71020a55-0121-5724-bd09-6a982758777c,41.4,105.74,0,False,222.64,17956,"42cXQvAAr7hcPBPWAS4ocVtDyeJ4Fa6gRR2uG4gppump, EPjFWdd5AufqSSqeM2qN1xzybapC8G4wEGGkZwyTDt1v"
raydium-amm,WSOL-COM,1.99,1.99,0,,4aa1c031-7265-4c69-91a2-4dd3a6142837,0,-0.77,0,False,0.8,17954,"So11111111111111111111111111111111111111112, 8K5CdkJTbp4JeiGGPQx6Aq26ETd5eqkCxv3ciDpcpump"
raydium-amm,WSOL-BAOBAO,2.62,2.62,0,,62d1294c-b867-4da0-b81c-3ae73b8acacd,0,0,0,False,0.49,17870,"So11111111111111111111111111111111111111112, 4bXCaDUciWA5Qj1zmcZ9ryJsoqv4rahKD4r8zYYsbonk"
raydium-amm,WSOL-LOLA,2.05,2.05,0,,88a2e133-cbf3-446c-8992-93367b3fa9d6,0,-0.61,0,False,0.91,17869,"So11111111111111111111111111111111111111112, 4MeqZ8v3XbNVVX6B69XxXaymoTX6DbK8iZgaGngCbonk"
raydium-amm,WSOL-SEAHORSE,2.4,2.4,0,,11a19d55-bfc0-4b76-a475-e01a2e33a30d,-3.18,0,0,False,0.46,17868,"So11111111111111111111111111111111111111112, 7L6M32mpkewGWj8bHspoX8QDe9pb3b3S1U33KpFvpump"
raydium-amm,WSOL-ADILLO,2.05,2.05,0,,f306ac25-28f8-4750-807b-29989b472719,0,-0.9,0,False,0.6,17841,"So11111111111111111111111111111111111111112, 4rVf66MSzyjpLLVnGEuFMuVikEfa4XLbrQq2Zuexpump"
raydium-amm,BOZO-WSOL,2.39,2.39,0,,eebcf2b1-c445-4c59-8a9c-4bdf5e0b8674,-0.14,0,0,False,0.94,17821,"BoZoQQRAmYkr5iJhqo7DChAs7DPDwEZ5cv1vkYC9yzJG, So11111111111111111111111111111111111111112"
raydium-amm,HTXS-USDT,0.16,0.16,0,,d795f567-b943-5c61-ae9f-6572b6b62615,0,0,0,False,0.03,17805,"AbBMb1bohy49AFZ9gxKRrpUM7KfU888iuaAmhPbFiedv, Es9vMFrzaCERmJfrF4H2FYD4KCoNkY11McCe8BenwNYB"
raydium-amm,WSOL-GEMINI,2.01,2.01,0,,7125e27d-fe95-4563-b30b-e2f6c481a650,0,-2.07,0,False,1.25,17797,"So11111111111111111111111111111111111111112, ARiZfq6dK19uNqxWyRudhbM2MswLyYhVUHdndGkffdGc"
save,SOL,0.27,0.27,0,,c59093e8-bcb0-4983-858e-9ff71ac96bd3,0,0,-0.01,False,0,17786,So11111111111111111111111111111111111111112
orca-dex,JTO-USDC,44.82965,44.82965,0,,1470b9b7-ee59-4368-983c-9d6ea550204e,-56.72802,-14.26992,0,False,107.93342,17773,"jtojtomepa8beP8AuQc6eXt5FriJwfFMwQx2v2f9mCL, EPjFWdd5AufqSSqeM2qN1xzybapC8G4wEGGkZwyTDt1v"
orca-dex,SOL-YSOL,0,0,0,,05cc188d-9d15-40e0-a993-89fccb4569d4,0,0,-0.37255,False,0,17762,"So11111111111111111111111111111111111111112, yso11zxLbHA3wBJ9HAtVu6wnesqz9A2qxnhxanasZ4N"
raydium-amm,WSOL-YELPE,2.58,2.58,0,,70c9b889-7f1b-497b-b0f9-e94b78247d45,0,0,0,False,0.44,17738,"So11111111111111111111111111111111111111112, 3JVxH5QT9z3v7Gi2z4K4N69Bma6PHj8uovX8tYdQpump"
raydium-amm,BIO-QBIO,2.38,2.38,0,,c7303b4a-c8b6-452f-8d8c-f701a954e922,-1.92,0.08,0,False,1.81,17736,"bioJ9JTqW62MLz7UKHU69gtKhPpGi1BQhccj2kmSvUJ, qbioCGDnUBGX5qcK1Fc4zg19GaQEPmxHFMPMZQm4LZ8"
orca-dex,SOL-POPCAT,16.29778,16.29778,0,,7b5069e3-2d45-4e40-912d-18a117764156,-4.30228,-3.96851,-129.39176,False,19.93595,17724,"So11111111111111111111111111111111111111112, 7GCihgDB8fe6KNjn2MYtkzZcRjQy3t9GHdC8uHYmW2hr"
raydium-amm,WSOL-KIT,2,2,0,,ea805b36-c12f-4c3e-8dcc-96277ff698f6,0,0,0,False,0.24,17698,"So11111111111111111111111111111111111111112, 9hfKxLSnwh4LhpRgmxBYDRgrKeYUgszMePKxuidPpump"
orca-dex,USDC-GRASS,0.2012,0.2012,0,,56ea74d8-3927-4744-b369-c65d43db7f04,-1.34529,-0.66617,-817.01525,False,0.78991,17671,"EPjFWdd5AufqSSqeM2qN1xzybapC8G4wEGGkZwyTDt1v, Grass7B4RdKfBCjTKgSqnXkqjwiGvQyFbuSCUJr3XXjs"
raydium-amm,RXT-USDT,30.85,30.85,0,,ddab3695-cf81-4b67-95ce-971c80071b5b,-9.47,-16.58,-58.15,False,37.59,17623,"rxtSTGXmHh1rmUCUTwpKeuyXGqr19RarzW361fSMdqT, Es9vMFrzaCERmJfrF4H2FYD4KCoNkY11McCe8BenwNYB"
raydium-amm,WSOL-MARSCOIN,10.1,10.1,0,,ba733bf5-0be7-4c30-a0b6-1f926a4ba299,-8.95,7.17,0,False,8.18,17588,"So11111111111111111111111111111111111111112, ZAPNUc3UqbrscCug58kroeghUguiaci22uHKRjnpump"
orca-dex,WHALE-USDC,6.43627,6.43627,0,,af07f5f0-dfab-5ab8-8e82-b9a6a20604e4,0,0,0,False,0.91947,17507,"BT1boETEf7jJbfevmq5mQptnKHBpePGfYXg3md37zzji, EPjFWdd5AufqSSqeM2qN1xzybapC8G4wEGGkZwyTDt1v"
raydium-amm,WSOL-RLUSD,2.75,2.75,0,,96ca7600-bc23-4b58-b397-f0b019d662f9,0,0.39,-6.88,False,2.2,17466,"So11111111111111111111111111111111111111112, FMHpvrXeNPZieGVQTELkvVPRZRXMNgpMoSSW8wBc2v31"
raydium-amm,WSOL-BABYSHARK,2.71,2.71,0,,e1364f30-87a8-4819-afe0-ae164a969418,0,0,0,False,1.07,17453,"So11111111111111111111111111111111111111112, 8nKP8Vc72pRZB6bhCy8D1UYf6ZjwYT859i6awyinpump"
raydium-amm,WSOL-HOLYSHIT,2.67,2.67,0,,d4fa7035-886c-47b8-8a62-bfd8a420f397,0,0,0,False,0.23,17431,"So11111111111111111111111111111111111111112, J8njvmBmUYS4RfdQdoszQj3QcbaobbBwjD37Zr36pump"
raydium-amm,WSOL-NEZHA,2.84,2.84,0,,0c9998d9-48b0-471d-8584-7624cd84be0d,0,0,0,False,21.05,17425,"So11111111111111111111111111111111111111112, EwZHZ6tHqLjsbDfkrTdHCTcPdq2MCiFRvXsHFtGGpump"
kamino-lend,CASH,3.48265,3.48265,0,,332f4631-4127-4022-894f-616e00d5348d,0.00733,0.44768,-1.96273,True,0,17382,CASHx9KJUStyftLFWGvEVf59SGeG9sh5FfcnZMVPCASH
project-0,EURC,3.96664,3.96664,0,,2d988722-dc2a-56d6-bfad-26599bc87451,-0.08321,0.64259,0,True,0,17354,HzwqbKZw8HxMN6bF2yFZNrht3c2iXXzpKcFu7uBEDKtr
gmtrade,ENA-USDC,79.51485,79.51485,0,,a15f3f6b-ea29-4b21-9bf6-d2b43b7b6828,-8.72385,16.09149,-23.84078,False,0,17354,EPjFWdd5AufqSSqeM2qN1xzybapC8G4wEGGkZwyTDt1v
orca-dex,LIKE-USDC,0.37536,0.37536,0,,b20417aa-88d9-42b6-87cc-c792dab97e3a,-0.7716,-2.44175,0.37536,False,1.27685,17346,"3bRTivrVsitbmCTGtqwp7hxXPsybkjn4XLNtPsHqa3zR, EPjFWdd5AufqSSqeM2qN1xzybapC8G4wEGGkZwyTDt1v"
orca-dex,SOL-CBBTC,0.2681,0.2681,0,,d56f775b-e1da-40cd-a74e-ac32de78a881,-0.06417,-0.19579,-0.5163,False,0.91298,17326,"So11111111111111111111111111111111111111112, cbbtcf3aa214zXHbiAZQwf4122FBYbraNdFqgw4iMij"
raydium-amm,WSOL-COAL,11.72,11.72,0,,990a5107-a1e8-4a18-b32f-1c74403b9e61,1.6,-2.96,0,False,8.21,17318,"So11111111111111111111111111111111111111112, E3yUqBNTZxV8ELvW99oRLC7z4ddbJqqR4NphwrMug9zu"
kamino-liquidity,SOL-USDS,0,0,0,,281647d6-e006-49e4-80fa-53a3ba1f3d26,0,-18.84668,0,False,1.55977,17312,"So11111111111111111111111111111111111111112, USDSwr9ApdHk5bvJKMjzff41FfuX8bSxdKcR81vTwcA"
raydium-amm,WSOL-NOOSUM,2.71,2.71,0,,d2aaadb7-431d-42eb-893d-bf9305dadb86,0,0,0,False,0.26,17300,"So11111111111111111111111111111111111111112, 7YHPdtmjuEmgEA9bTWAWNSULacbjADxEKENL3XWL1RXC"
orca-dex,EAT-USDC,7.5651,7.5651,0,,731a2d6f-3347-4578-84d9-4ecd7d8aed39,-13.07428,0,5.34315,False,15.60843,17299,"375aiUqZERLrB9sHtsArKr4nuWCgBrtqibUDBMGeLvZC, EPjFWdd5AufqSSqeM2qN1xzybapC8G4wEGGkZwyTDt1v"
raydium-amm,QQQX-SPYX,2.32,2.32,0,,92671e15-aeaf-44d1-934f-29f2d28376ed,-3.91,-1.21,-14.6,False,1.37,17294,"Xs8S1uUs1zvS2p7iwtsG3b6fkhpvmwz4GYU3gWAmWHZ, XsoCS1TfEyfFhfvj8EtZ528L3CaKBDBRqRapnBbDF2W"
raydium-amm,WSOL-BAOBAO,3.47,3.47,0,,d51f0d9e-83aa-4737-b30b-993bd5b39a44,-0.77,0,0,False,1.83,17290,"So11111111111111111111111111111111111111112, 7Da1f2wibgzZZheXnVvqYgbWpccnGPM2CJPUkdcebonk"
raydium-amm,WSOL-USDS,1.96,1.96,0,,0b3bb0bb-5de0-4966-86bd-246c5bcacfb6,-1.7,-2.17,-10.45,False,2.08,17285,"So11111111111111111111111111111111111111112, USDSwr9ApdHk5bvJKMjzff41FfuX8bSxdKcR81vTwcA"
orca-dex,XRMBT-USDT,0.29841,0.29841,0,,abf69f4c-6c8d-5ae3-811b-6d204d20a65f,0,0,0,False,0.04313,17285,"oZLLAxpr7sHX2Yo8dkRuHeKCjxpqXxV4f63wXSktniP, Es9vMFrzaCERmJfrF4H2FYD4KCoNkY11McCe8BenwNYB"
raydium-amm,WSOL-LORE,2,2,0,,76e83981-8f3f-4188-b0ef-d89a2f0fab59,0,-0.44,0,False,0.23,17273,"So11111111111111111111111111111111111111112, DHAajf71VVT9s98hmyFyr3JDnr9KfotFbM5gQJV5bonk"
orca-dex,USDC-FBX,0.45867,0.45867,0,,d30bc894-f5b5-431d-9b85-c2a454544c5b,-1.58316,0.0966,-6.75516,False,0.97691,17261,"EPjFWdd5AufqSSqeM2qN1xzybapC8G4wEGGkZwyTDt1v, FbxGr7mmwJqJT2PHTcJ9C9HvTuAAM7WnVffs89c3fdn5"
raydium-amm,PAYAI-WSOL,12.61,12.61,0,,97a516d9-04b6-40bb-82ae-ed1c0a363c23,0,-31.99,-33.01,False,16.41,17255,"PAYmo6moDF3Ro3X6bU2jwe2UdBnBhv8YjLgL1j4DxGu, So11111111111111111111111111111111111111112"
raydium-amm,WSOL-BIO-ACC,2.86,2.86,0,,2c77c405-ded9-460e-9bf5-3c4db147aca3,0,0,0,False,0.3,17246,"So11111111111111111111111111111111111111112, 7dxQE4YXrWqtwUVb8W8HjfPT3t4H4dWZfsDWRWKupump"
raydium-amm,WSOL-HODL,2.62,2.62,0,,d914b426-66fc-48a6-80ae-fa6ea8d96d9d,0,0,0,False,0.23,17228,"So11111111111111111111111111111111111111112, 84NdpWVhTGVuPFximNBXHQyQQPKumTjBYfFYGqt4bonk"
orca-dex,SOL-SAC,0.04939,0.04939,0,,825e0293-1922-4c91-b378-fea105a73813,0.04832,-0.23028,0.04939,False,0.28677,17206,"So11111111111111111111111111111111111111112, Fntdgqhz4tbX1RNKKk47uEBrhnzvJsMYi4DHCu9utJu9"
orca-dex,NEON-SOL,38.19201,38.19201,0,,e7f9827f-4d1e-4c99-a788-2e017b0e292b,-23.95389,2.86731,5.32,False,33.34245,17195,"NeonTjSjsuo3rexg9o6vHuMXw62f9V7zvmu8M8Zut44, So11111111111111111111111111111111111111112"
raydium-amm,WSOL-CR7,2.03,2.03,0,,db124536-bf32-4780-b8ba-97e9c887458a,0,0,-1.65,False,0.68,17182,"So11111111111111111111111111111111111111112, CR7ux8AY8a6pJD9ekLDPi19u2ujFNSvBFgUh36sBJU2W"
orca-dex,SOL-USDC,0.20027,0.20027,0,,d72a41d9-92b8-43d7-9628-d897fb2a14ea,-6.01234,-0.75184,-18.60464,False,2.64231,17169,"So11111111111111111111111111111111111111112, EPjFWdd5AufqSSqeM2qN1xzybapC8G4wEGGkZwyTDt1v"
gmtrade,MSFT-USDC,39.11464,39.11464,0,,50bedb63-c406-4c0a-9100-f3c14f9cc519,1.51516,-17.98345,19.90754,False,0,17147,EPjFWdd5AufqSSqeM2qN1xzybapC8G4wEGGkZwyTDt1v
orca-dex,SOL-USDC,1.76799,1.76799,0,,08e71b9b-f6bc-406b-86a8-69c48131071b,-1.984,-0.59149,-22.3511,False,3.64014,17137,"So11111111111111111111111111111111111111112, EPjFWdd5AufqSSqeM2qN1xzybapC8G4wEGGkZwyTDt1v"
raydium-amm,WSOL-BOOJI,2.6,2.6,0,,70c4ca38-4e0a-47b6-8bc4-1d093c9a7b23,0,0,0,False,0.61,17120,"So11111111111111111111111111111111111111112, CEvvz6J1NAxyE5uYBdWNqjMVMKCy7wSu5VVaBDN9pump"
orca-dex,SOL-HONEY,180.2035,180.2035,0,,1d219e1c-453e-413f-b8fc-233d38897442,0,-141.20591,145.2041,False,286.87579,17102,"So11111111111111111111111111111111111111112, 4vMsoUT2BWatFweudnQM1xedRLfJgJ7hswhcpz4xgBTy"
raydium-amm,WSOL-BABYGROK,2.53,2.53,0,,2bb12174-975d-4e02-8cc6-3205caba109f,-0.38,0,-3.53,False,0.93,17090,"So11111111111111111111111111111111111111112, AbK7VeUt7t9k9dDPBrtqKKtHq1ZraozNipuPVFG9fVab"
orca-dex,SOL-SPX,123.15443,123.15443,0,,2ab75a9e-1418-4fd8-bf2f-36f38b43aaa8,32.40779,20.80681,0,False,103.45081,17090,"So11111111111111111111111111111111111111112, J3NKxxXZcnNiMjKw9hYb2K4LUxgwB6t1FtPtQVsv3KFr"
orca-dex,SOL-JELLYJELLY,11.38935,11.38935,0,,388e2724-4089-4a45-a2bd-50e9197a512d,-19.88345,-1.88825,-23.14341,False,51.64287,17087,"So11111111111111111111111111111111111111112, FeR8VBqNRSUD5NtXAj2n3j1dAHkZHfyDktKuLXD4pump"
raydium-amm,WSOL-$ASTR,2.7,2.7,0,,6dd01890-5f8e-4bf4-a7f7-c7e596f36a63,0,0,-1,False,0.8,17055,"So11111111111111111111111111111111111111112, GEr3mpSoqQiQsxYKUH8GZqyMConyJSNz3uVRL9bmpump"
raydium-amm,WSOL-RCON,100.91,100.91,0,,81ac8599-c5fd-4ac0-ab3e-2af9853d1264,93.37,98.95,0,False,11.65,17041,"So11111111111111111111111111111111111111112, 7nZuYZYZnof9gF3zr9QhdnxpQ1mTM8LN3VaJuhrGbonk"
orca-dex,WBTC-WHETH,0.62919,0.62919,0,,7bf234e9-83dc-44cc-800d-bf81751b1da6,-4.58859,-1.53677,-92.61703,False,4.28325,17037,"3NZ9JMVBmGAqocybic2c7LQCJScmgsAZ6vQqTDzcqmJh, 7vfCXTUXx5WJV5JADk17DUJ4ksgau7utNKj4b963voxs"
orca-dex,UCD1-USDT,0,0,0,,56021b53-f349-5b38-97b4-aa2c36c4d15d,0,0,0,False,5.78563,17036,"49TcBAe7ytfy9HyYRmosf8h7sSsztBCS5tAZgqJ2bDj2, Es9vMFrzaCERmJfrF4H2FYD4KCoNkY11McCe8BenwNYB"
orca-dex,SOL-XAUT0,2.75632,2.75632,0,,633be5d3-1b9f-46cc-9950-5232f5215cdc,-9.81636,-3.43173,-70.70381,False,11.90001,17035,"So11111111111111111111111111111111111111112, AymATz4TCL9sWNEEV9Kvyz45CHVhDZ6kUgjTJPzLpU9P"
raydium-amm,NKT-WSOL,2.96,2.96,0,,10ce14c8-fa2c-4151-890e-5dee5113274d,0,-2.36,-9.64,False,1.73,17015,"GADUqR4eiPECXSX6ZVmuUNct5Lhyg1z5g7oeFnuUrJQN, So11111111111111111111111111111111111111112"
raydium-amm,TURBO-WSOL,12.71,12.71,0,,8b5b73e0-3b1a-47fb-89fc-499be1065854,1.72,0,8.07,False,4.32,16989,"2Dyzu65QA9zdX1UeE7Gx71k7fiwyUK6sZdrvJ7auq5wm, So11111111111111111111111111111111111111112"
raydium-amm,WBTC-USDC,3.86,3.86,0,,5b5493a6-d654-4ab1-873e-ba53e0104fcd,0,0,-3.04,False,3.09,16981,"5XZw2LKTyrfvfiskJ78AMpackRjPcyCif1WhUsPDuVqQ, EPjFWdd5AufqSSqeM2qN1xzybapC8G4wEGGkZwyTDt1v"
raydium-amm,WSOL-LOTTLE,2.06,2.06,0,,acb3f2a9-53fb-406a-9467-ff665e2f1dfc,0,-1.08,0,False,0.33,16978,"So11111111111111111111111111111111111111112, Bbk3c4BSDZFRYMYkke4Jq19FSeLtLrEk22A866MTpump"
orca-dex,MEMEMONEY-USDC,0,0,0,,da4ca7a9-1a9c-507a-bb80-726eabc7e72b,0,0,0,True,0.94868,16961,"8JTGseFtK5GKYYd7VR5mZVm6QYnnWNvRE3q4xKrLGQ3c, EPjFWdd5AufqSSqeM2qN1xzybapC8G4wEGGkZwyTDt1v"
raydium-amm,USD1-GORDO,20.24,20.24,0,,8aa5e2a9-58f8-490f-87be-ac572b837563,16.51,12.5,0,False,5.44,16957,"USD1ttGY1N17NEEHLmELoaybftRBUSErhqYiQzvEmuB, GCHR3KpJKhRx2SFPn5PmhRf8Lc4G67L1DwMZQZqEbonk"
raydium-amm,GOOGLX-IDLE,47.29,47.29,0,,c310b01e-a228-4330-91d5-66fe231bc4a7,-14.6,18.8,-41.24,False,38.59,16929,"XsCPL9dNWBMvFtTmwcCA5v3xWPSMEBCszbQdiLLq6aN, BjcRmwm8e25RgjkyaFE56fc7bxRgGPw96JUkXRJFEroT"
raydium-amm,WSOL-WIN,2.25,2.25,0,,f72e9cc8-e89e-4ff2-95b6-52b9da5e04ca,0,-11.44,0,False,1.15,16921,"So11111111111111111111111111111111111111112, EMtWBVRmYnHTkitU4PnpfamD7yfPkUxHvi23aZyZpump"
raydium-amm,WF-USDT,420.93,420.93,0,,5f16ad4d-546b-4f92-a24d-5c7a305b76d7,104.92,0,0,False,149.89,16908,"7nKLkvKskcC9mpdmcwLSVoVeeTYe2qmLw1xAkimsGpNE, Es9vMFrzaCERmJfrF4H2FYD4KCoNkY11McCe8BenwNYB"
raydium-amm,WSOL-HYPA,5.56,5.56,0,,0a5e9381-ed97-54da-baca-7e7ff7788235,0,0,0,False,0.46,16879,"So11111111111111111111111111111111111111112, HYPAwSHuREeoWi1aZLcU1XKzZAE7n1M1FvhLM7zdbyWC"
raydium-amm,WSOL-DETECTIVE,92.08,92.08,0,,01de4e22-7a69-4002-99f4-5a01c490f361,89.03,0,0,False,23.29,16817,"So11111111111111111111111111111111111111112, 9X45NjtGbGo9zdCFmMyqZyNzC6Wa67KFbfvGc8nubonk"
raydium-amm,WSOL-LEO,15.98,15.98,0,,5cba21a0-718d-41fe-b1dc-4a3bb6d20497,1.09,-9.58,2,False,15.99,16680,"So11111111111111111111111111111111111111112, FARzy4nAnhG5TdsZ81ntJPb3ArjpTfAuw8bw8fk9115V"
orca-dex,-SOL,0.05142,0.05142,0,,23960225-813f-474f-b546-28a8354a6655,0.05142,-0.12646,0.00211,False,0.04528,16670,"LVnvGf1e5xbQi13pUckwexocpSaDUS8FDL4AVm5KixG, So11111111111111111111111111111111111111112"
raydium-amm,$1-USD1,2.79,2.79,0,,ece89373-769a-4107-9669-30c1f492a5dc,0,0,0,False,1.88,16651,"QRtdpTisCQix5yfAmzRQStLFsQwRJg2CHrY2qG1bonk, USD1ttGY1N17NEEHLmELoaybftRBUSErhqYiQzvEmuB"
raydium-amm,WSOL-RAZZ,2.17,2.17,0,,64af0705-4303-4858-8cb8-455572cd2785,0,0,-12.82,False,2.09,16639,"So11111111111111111111111111111111111111112, rAzzC8PCPQbeRsY1z3XLtjWhGy7HYyaKqkXU1pUpkTJ"
orca-dex,KMNO-SOL,24.64133,24.64133,0,,5ff924d9-1e46-4554-832d-f821517c65a9,4.94482,-9.12178,-66.0089,False,36.1019,16623,"KMNo3nJsBXfcpJTVhZcXLW7RmTwTt4GVFE7suUBo9sS, So11111111111111111111111111111111111111112"
save,SOL,0,0,0,,dcb8eaef-49df-42c6-9d2c-166b243c1c3f,0,0,0,False,0,16541,So11111111111111111111111111111111111111112
raydium-amm,WSOL-GMI,147.11,147.11,0,,9af8e01d-6253-495f-a3cf-f363e0f5ec99,-21.35,25.71,0,False,63.58,16535,"So11111111111111111111111111111111111111112, CxsAtkrrZapVaQYH6vSeTreyY6yBp8jdsBnDBMVSb1MZ"
orca-dex,SOL-JLP,0.02242,0.02242,0,,6655fb55-1dac-435e-a854-cd7ef23ad9d2,-0.03805,-0.06265,-0.32925,False,0.08594,16496,"So11111111111111111111111111111111111111112, 27G8MtK7VtTcCHkpASjSDdkWWYfoqT6ggEuKidVJidD4"
orca-dex,SOL-SANTA,0,0,0,,29b5e7da-7a4b-45f0-99f3-d8eda3b01bbc,0,0,0,False,0,16473,"So11111111111111111111111111111111111111112, DNX15h87AzntcqKAMNwfgM6dHrNCumMTWVNuhwaCbJpg"
raydium-amm,WSOL-PENGU,9.31,9.31,0,,60bb552a-e713-4748-8075-787fad7bcdc0,0,-1.17,0,False,2.9,16458,"So11111111111111111111111111111111111111112, 2zMMhcVQEXDtdE6vsFS7S7D5oUodfJHE8vd1gnBouauv"
raydium-amm,WSOL-LUCKYCOIN,2.72,2.72,0,,2032656e-6bba-4da8-b98f-4b4acbd5ea57,0,0,0,False,0.33,16457,"So11111111111111111111111111111111111111112, 3BtunCQ3KdpsYtXQU9SmkGopnDkaQHuEgG14Dy1Lbonk"
kamino-lend,FDUSD,3.27571,3.27571,0,,c7704352-eb71-47dd-9a81-d57f7cd60c7e,0.00079,1.66528,1.59822,True,0,16411,9zNQRsGLjNKwCUU5Gq5LR8beUCPzQMVMqKAi3SSZh54u
raydium-amm,WSOL-DERP,2.99,2.99,0,,5413b361-89b0-4bd7-b2d8-f7afd03c85d3,0,-0.51,0,False,1.27,16410,"So11111111111111111111111111111111111111112, 4DBgRWs63QzBwj71Qxiiz49DUZJi2QgUha7cbadepump"
raydium-amm,KIN-RAY,2.72,2.72,0,,7b4e218f-3f24-4db4-877a-c3020459e290,0,-0.86,0,False,2.43,16402,"kinXdEcpDQeHPEuQnqmUgtYykqKGVFq6CeVX5iAHJq6, 4k3Dyjzvzp8eMZWUXbBCjEvwSkkk59S5iCNLY3QrkX6R"
orca-dex,USDC-OH,0.23543,0.23543,0,,efd8bae6-3700-5ecd-9789-9f814aa8c980,0,0.00132,0,False,0.03363,16385,"EPjFWdd5AufqSSqeM2qN1xzybapC8G4wEGGkZwyTDt1v, GZ5Nf9PJdAWHMWnrhc4mYqXbqTNGqH91wkUWEtLdmzF9"
raydium-amm,WSOL-GCATS,11.02,11.02,0,,d04444d8-d480-4f45-8057-674c505810aa,-2.69,1.49,-112.43,False,10.54,16364,"So11111111111111111111111111111111111111112, UbESBaztbkxJRWxPcfDeK8Fft15igTbrv3sed1bsegM"
orca-dex,SOLARIS-IQUID,1.65379,1.65379,0,,c875e341-3095-41c4-97a8-6d4b1a647ff1,0,0,0,False,1.08261,16352,"8EZqVPJdEWt754S17nghfa4Y4jQJ7tigBwsGbo1Tpump, BaaYhmQBjX3B6JAayG5mDbhziyKsf4KDr9ZHzaEhpump"
orca-dex,SOL-ARC,0.28764,0.28764,0,,2aaf799b-5a3e-4252-8ea7-2c41cf1c7c69,0.22861,0.19527,-0.54966,False,0.24211,16351,"So11111111111111111111111111111111111111112, 61V8vBaqAGMpgDQi4JcAwo1dmBGHsyhzodcPqnEVpump"
kamino-liquidity,KMNO-SOL,0,0,0,,074d6f4e-ccd8-429c-bc49-ab3ecbeb43e4,0,0,0,False,0,16344,"KMNo3nJsBXfcpJTVhZcXLW7RmTwTt4GVFE7suUBo9sS, So11111111111111111111111111111111111111112"
raydium-amm,WSOL-IVANKA,2.94,2.94,0,,f36d6810-1f00-4312-b7e8-7dfaee80e31b,0,0,0,False,0.52,16337,"So11111111111111111111111111111111111111112, 2Uw2HsBmg66hmYU57A4hYS9j8cxCQ4Wp2w8euoH8pump"
raydium-amm,SANTA-WSOL,3.08,3.08,0,,d6b746fd-0a75-4d32-8204-5107198fa1f6,0,0,0,False,0.66,16321,"J8uZpXLyrmaPawRFdu81byzRSLqnurTvhQ9nd2ZLVQvE, So11111111111111111111111111111111111111112"
orca-dex,SOL-TRX-USDT,0,0,0,,facd1635-406d-56f3-9ad5-620e49749e40,0,0,0,False,0.0048,16283,"2X2Gi159Xg29vwRYTjkuhGXxJqhfyXDtext4e2NivonV, Es9vMFrzaCERmJfrF4H2FYD4KCoNkY11McCe8BenwNYB"
raydium-amm,CSW-WSOL,2.41,2.41,0,,8c1a2968-7cc2-4a22-96f2-2a85e82913b4,0,0,0,False,0.87,16260,"AZGFPtxBRbnZtXw4hgQF4BuSmWK3EhUg8omdUA9DEL3Y, So11111111111111111111111111111111111111112"
raydium-amm,WSOL-KUROMI,6.59,6.59,0,,b24fc1e6-170b-42bb-8938-6745f50b9b93,2.14,0,0,False,3.13,16217,"So11111111111111111111111111111111111111112, 4HHeecDRA8rDkxjzyRn3QQwPEkxotZKKENJUFCsspump"
raydium-amm,ORCLX-USDC,16.16,16.16,0,,6138c88a-8b18-4653-a255-346a74394b6a,-33.61,-3.99,-15.89,False,16.38,16180,"XsjFwUPiLofddX5cWFHW35GCbXcSu1BCUGfxoQAQjeL, EPjFWdd5AufqSSqeM2qN1xzybapC8G4wEGGkZwyTDt1v"
raydium-amm,WSOL-BUFFETT,2.08,2.08,0,,dd1ca29e-dea7-4f8c-9055-89ce8b3d8f8b,0,-0.6,0,False,0.47,16174,"So11111111111111111111111111111111111111112, 3C7MRu12seyiiwDR7x8diHbgTFv3wgujMcTw6xgZpump"
raydium-amm,HEIDRUN-WSOL,3.38,3.38,0,,40d43fe0-0c65-4085-863a-d1cc5a6c4bef,0,0,0,False,1,16172,"DdyoGjgQVT8UV8o7DoyVrBt5AfjrdZr32cfBMvbbPNHM, So11111111111111111111111111111111111111112"
raydium-amm,WSOL-SOURCE,2.08,2.08,0,,e063513e-9da9-44f7-8a06-5ca50bbd4e96,0,0,0,False,0.38,16164,"So11111111111111111111111111111111111111112, aPig1huDbdDTR9HmJBSHK5jiHrG3o2ZThdG4xPDpump"
raydium-amm,WSOL-SPACEX,3.25,3.25,0,,4204f84d-100c-4fcb-9ad9-8996182109be,0,0,0,False,1.23,16141,"So11111111111111111111111111111111111111112, 5muNNyusv1FNkPp7Gv3mbT3TqUzZ1EQndqLi8wnTQEY6"
orca-dex,COINOMI-JELLYJELLY,2.99753,2.99753,0,,1173066e-b4db-4fdd-87e8-00e54cdbb396,-1.52601,1.56262,-6.92177,False,6.8084,16124,"EHmZM5QD7NFpu6hm3o8yYSA6EhYYunHL21fzN2ucpump, FeR8VBqNRSUD5NtXAj2n3j1dAHkZHfyDktKuLXD4pump"
raydium-amm,WSOL-WLF,6.73,6.73,0,,f5e17f9e-4cfe-4315-bf31-83e3044b85c6,-0.71,0,0,False,3.4,16103,"So11111111111111111111111111111111111111112, 6zQRRZqXRPKebZ2Q8Mt2vndqbs4MR8GTdbpCAhQE5RD4"
kamino-liquidity,JUP-USDC,0,0,0,,c6f4de78-0efc-472f-b867-c3d37f3b2e25,0,-21.6045,-50.20368,False,4.57328,16071,"JUPyiwrYJFskUPiHa7hkeR8VUtAeFoSYbKedZNsDvCN, EPjFWdd5AufqSSqeM2qN1xzybapC8G4wEGGkZwyTDt1v"
raydium-amm,WSOL-GTAVI,2.81,2.81,0,,ad1e4e82-8f30-416a-bb96-6e1047d4d3b2,0,0,-17.93,False,1.17,16069,"So11111111111111111111111111111111111111112, 25okNXRjYJC4nwyg84e1tV5VAuCJT8CYe1tJJYoFqJnw"
orca-dex,SOL-SPIRIT,0.01105,0.01105,0,,a6d5f376-75a9-4836-b7a7-3037ff344fc1,-0.007,-0.00881,-0.20823,False,0.35191,16056,"So11111111111111111111111111111111111111112, DT86TCst1FUDPioL47XVn52u1dg1hKP1umbh9Xp69siv"
orca-dex,SOL-FBX,0.22216,0.22216,0,,27715c5d-28ac-45ea-8f53-cde1e1e55a0f,-1.36881,-0.27273,-9.17877,False,0.9553,16050,"So11111111111111111111111111111111111111112, FbxGr7mmwJqJT2PHTcJ9C9HvTuAAM7WnVffs89c3fdn5"
orca-dex,BRLE-USDT,0,0,0,,857be903-6e97-50b2-90f5-8984de41e70c,0,0,0,False,0.00066,16025,"2eqUJmG5To3huG1QQV98mut6smHNooRWwp2fZejy5qcM, Es9vMFrzaCERmJfrF4H2FYD4KCoNkY11McCe8BenwNYB"
raydium-amm,RTP-WSOL,6.59,6.59,0,,4a83af69-cb52-40d5-b962-3a806a33cf41,0,3.73,0,False,1.49,15995,"71AzivpY1x8JGcpKRfmLLuBkGaNouBkv7B4FzTTeTReL, So11111111111111111111111111111111111111112"
orca-dex,CUPSEY-USDC,829.3565,829.3565,0,,546d3880-29b4-51e0-bcc3-e7e60471d422,0,0,0,False,120.35343,15993,"6NwarBvDkXhByqVp2Qkq5i9XbtA2B3Bwe8SWGu9vpump, EPjFWdd5AufqSSqeM2qN1xzybapC8G4wEGGkZwyTDt1v"
raydium-amm,COOL-WSOL,3.93,3.93,0,,c6ae27e6-c2e8-4d83-8c7a-683222d08387,0,0,0,False,3.74,15991,"BMwhQ1HXuzA7ucY8NYHyVq2uwuG47GHj1dNP6xJdoPzD, So11111111111111111111111111111111111111112"
kamino-lend,SUSDE,0,0,0,,f9ac95dd-31c1-4f97-854e-6796c9db35d3,0,0,0,True,0,15973,Eh6XEPhSwoLv5wFApukmnaVSHQ6sAnoD9BmgmwQoN2sN
raydium-amm,WSOL-WILD,2.22,2.22,0,,53ffc814-7ad8-421c-9577-b6eaaaba134d,0,0,-7.24,False,1.2,15962,"So11111111111111111111111111111111111111112, FVvd3s9dZYzsgitkJyWbmycSc8MkYZjyF7oqAEvmSxTZ"
raydium-amm,SOLCAT-WSOL,2.83,2.83,0,,adf30089-8a95-476f-8f6e-01236a55a5e6,-2.29,-7.52,0,False,3.44,15957,"E99fN4tCRb1tQphXK1DU7prXji6hMzxETyPNJro19Fwz, So11111111111111111111111111111111111111112"
orca-dex,SOL-ROCKET,0,0,0,,dea375cb-b528-472f-8eb6-83cec1a30107,0,0,0,False,0.00533,15932,"So11111111111111111111111111111111111111112, 39HkS1MMnabyBiiZPKzDojJGfKcHt3pJqikbjkTRoN1D"
raydium-amm,WSOL-FLOCKA,3.28,3.28,0,,66490a6f-6ed8-48d1-8373-fdcf7088b1a3,0,0,0,False,1.46,15929,"So11111111111111111111111111111111111111112, 9n8b1EXLCA8Z22mf7pjLKVNzuQgGbyPfLrmFQvEcHeSU"
raydium-amm,SCS-WSOL,6.13,6.13,0,,c61aae39-396f-4254-8359-38f56f202ee0,3,0,0,False,1.29,15840,"SCSuPPNUSypLBsV4darsrYNg4ANPgaGhKhsA3GmMyjz, So11111111111111111111111111111111111111112"
raydium-amm,HORSEMEAT-WSOL,24.84,24.84,0,,dd8e9d02-e03e-4fe1-911b-5f62a1f97a18,12.85,0,-23.15,False,6.95,15797,"2FprjEk4MTSY9CxpKuENbGDdy69R15GHhtHpG5Durdbq, So11111111111111111111111111111111111111112"
raydium-amm,WSOL-SEX,5.55,5.55,0,,ff02e366-efdc-450f-9e82-f86851846f61,-9.05,0,0,False,3.44,15742,"So11111111111111111111111111111111111111112, J186WtYErzrwAVg9Nbv9rth4u6c8eoDP9XFEHRjdZsqn"
raydium-amm,WSOL-ISAAC,3.46,3.46,0,,1f8b4ed7-e6bb-407a-ba69-dcc0094dcaeb,0,0,0,False,2.52,15734,"So11111111111111111111111111111111111111112, GTiMaW6FNPLrWNVLYk5KkLApxiHvCwbGr9KdueGypump"
raydium-amm,WSOL-TIM,2.84,2.84,0,,e68e3ac7-7608-4416-8e04-3410ebe07c5c,0,0,0,False,0.35,15696,"So11111111111111111111111111111111111111112, DYUjm68jHoQFHMHzuRqomrhRcog9mc4TNrCWHpufpump"
raydium-amm,WSOL-HIMA,2.58,2.58,0,,832edcf1-5849-4728-83ba-1a13a359cf6b,0,0,0,False,0.51,15695,"So11111111111111111111111111111111111111112, FHSTU8fGBvrsNkNxeY8qmRdA2FgaxVFyBVz3fAc6pump"
raydium-amm,WSOL-BONKGUY,6.2,6.2,0,,a7b71457-e681-4f80-bfb6-5858f45ff06f,0,0,0,False,3.85,15688,"So11111111111111111111111111111111111111112, Ed3kkY1zUkNv5HoABewgzS7DVfVf1cfuVnPfJm7fbonk"
raydium-amm,WSOL-TYN,0.4,0.4,0,,5fa0c672-5877-40d6-ae57-864a1647e1df,0,-12.19,-11.67,False,6.27,15641,"So11111111111111111111111111111111111111112, tYNaDYYw6waPBbcHDYFVtJq4NSQesQpmnuizySG27Un"
orca-dex,SOL-USDC,1.75194,1.75194,0,,f7ea2ea0-b72d-4d27-ae6d-fa1d3421a0c1,-6.99035,-0.70655,1.75192,False,12.21595,15638,"So11111111111111111111111111111111111111112, EPjFWdd5AufqSSqeM2qN1xzybapC8G4wEGGkZwyTDt1v"
raydium-amm,WSOL-MAD,2.72,2.72,0,,80e10b48-b55c-4064-9c5f-933e998eccdd,-1.6,0,0,False,0.48,15608,"So11111111111111111111111111111111111111112, 8H1qfZSZjmfCeRvh1AdUX5LqXw6Wuem1KCWUf8t4wivu"
raydium-amm,WSOL-DREMT,3.53,3.53,0,,b8d52d34-0e78-4899-ac93-a4e2f2324752,-0.05,-0.06,0,False,2.06,15608,"So11111111111111111111111111111111111111112, AmUYmDAhxoD841aT44dNLVHRvnZ1zGe1uppZLFw5MSou"
orca-dex,CBBTC-JLP,0.0015,0.0015,0,,54cdb5c6-2507-4747-8691-d85b5a886c63,-0.00014,-0.00178,0.00056,False,0.00274,15595,"cbbtcf3aa214zXHbiAZQwf4122FBYbraNdFqgw4iMij, 27G8MtK7VtTcCHkpASjSDdkWWYfoqT6ggEuKidVJidD4"
raydium-amm,WSOL-BWED,3.15,3.15,0,,a4d584ac-a7bf-5ddc-b426-a79c6497009d,-4.61,-23.04,0,False,5.21,15578,"So11111111111111111111111111111111111111112, 9H6t1ao2XP2ZeNKRo2gQ3ckrxcUTXgjDmSY1ZB6fpump"
gmtrade,WBTC-USDC,93.48324,93.48324,0,,f9dbc3b7-6bda-4cd4-9a1f-83cae4256efb,-0.12348,91.94706,90.71405,False,0,15564,"3NZ9JMVBmGAqocybic2c7LQCJScmgsAZ6vQqTDzcqmJh, EPjFWdd5AufqSSqeM2qN1xzybapC8G4wEGGkZwyTDt1v"
raydium-amm,BIO-$RIF,3.13,3.13,0,,94d142d7-3d27-4d09-93dc-d35e1cea418d,0,0,0,False,0.74,15554,"bioJ9JTqW62MLz7UKHU69gtKhPpGi1BQhccj2kmSvUJ, GJtJuWD9qYcCkrwMBmtY1tpapV1sKfB2zUv9Q4aqpump"
raydium-amm,PONS-USDC,72.42,72.42,0,,765f290f-fdcf-5ecf-b7cd-01e309b6e2b7,0,0,0,False,9.47,15552,"8amGkWKpzUqHfhiimg6joXt7MatDPe8RygPNAG2usj8h, EPjFWdd5AufqSSqeM2qN1xzybapC8G4wEGGkZwyTDt1v"
raydium-amm,ZBTC-PBP,48.69,48.69,0,,75b63fbc-cbf8-4484-819c-deb24378dbaa,0,0,0,False,5.78,15543,"zBTCug3er3tLyffELcvDNrKkCymbPWysGcWihESYfLg, 3f7wfg9yHLtGKvy75MmqsVT1ueTFoqyySQbusrX1YAQ4"
raydium-amm,WSOL-VUNCE,3.44,3.44,0,,f7bf8a68-6218-45e1-9d9a-b11510a086f0,0,0,0,False,0.28,15539,"So11111111111111111111111111111111111111112, 5wVtmYfYeMu3KY3WfwdV7vQhE9ikUM8nyhbLqHH2pump"
raydium-amm,W3F-WSOL,5.05,5.05,0,,3659211f-ed5d-55d8-92ca-1d57137a3eab,0,0,0,False,0.42,15528,"GcMxvf5dJH8sYDKKEcPPBePfzxEYR1FXe8mxiWwWrUDt, So11111111111111111111111111111111111111112"
orca-dex,COIN-USDC,0.24815,0.24815,0,,ff0de6a6-c112-51b8-a801-da95bf0fbf1a,0,0,0,False,0.03545,15522,"ELbE9bTEKAUtCertSL2NfZjwki7dhGxoSF7NUeGAn2Co, EPjFWdd5AufqSSqeM2qN1xzybapC8G4wEGGkZwyTDt1v"
raydium-amm,WSOL-HYPE,19.25,19.25,0,,67788b02-0cdc-4e9f-8706-411653e9fd3f,-4.83,-6.4,-24.05,False,13.54,15509,"So11111111111111111111111111111111111111112, 98sMhvDwXj1RQi5c5Mndm3vPe9cBqPrbLaufMXFNMh5g"
orca-dex,SNS-SOL,0,0,0,,69da05e3-840c-4e08-b2be-2708e52308aa,-0.0086,-0.00481,-0.03796,False,0.05577,15492,"SNSNkV9zfG5ZKWQs6x4hxvBRV6s8SqMfSGCtECDvdMd, So11111111111111111111111111111111111111112"
orca-dex,BAN-COINOMI,5.00832,5.00832,0,,5bea28c5-3a01-444b-a7e3-18581ffe7f87,-3.33449,-3.00835,-12.75074,False,4.05533,15487,"9PR7nCP9DpcUotnDPVLUBUZKu5WAYkwrCUx9wDnSpump, EHmZM5QD7NFpu6hm3o8yYSA6EhYYunHL21fzN2ucpump"
save,BSOL,0.07,0.07,0,,a6451faa-bce3-4de4-b0d5-7cc7503daecc,0,0,0,False,0,15472,bSo13r4TkiE4KumL71LsHTPpL2euBYLFx6h9HP3piy1
raydium-amm,USDC-BMT,5.33,5.33,0,,b9842766-88b0-4f4c-84b6-d84849f8e0b3,-6.22,2.19,-11.46,False,4.44,15452,"EPjFWdd5AufqSSqeM2qN1xzybapC8G4wEGGkZwyTDt1v, FQgtfugBdpFN7PZ6NdPrZpVLDBrPGxXesi4gVu3vErhY"
kamino-lend,UXD,0,0,0,,685148da-b97e-4a72-846f-ece3e493bc12,0,0,0,True,0,15448,7kbnvuGBxxj8AG9qp8Scn56muWGaRaFqxg1FsRp3PaFT
raydium-amm,WSOL-QUAKEY,2.88,2.88,0,,cbc3d46f-e229-4f67-b741-8911fcbe1999,0,0,0,False,1.27,15394,"So11111111111111111111111111111111111111112, EpvwZ75jycGTU8w3qQgq8Ws1uUZsXXZSJJYW6B9gpump"
raydium-amm,PEDRO-WSOL,2.91,2.91,0,,794f18dc-1263-435b-adb1-c0ede2c775e9,0,-22.74,0,False,9.18,15393,"9SiKU8vnRiBYQSBff84K5zwG7habzwYVzn7KrtgCzNfg, So11111111111111111111111111111111111111112"
raydium-amm,WSOL-GOG,2.99,2.99,0,,6de5e47e-5dbe-4bc7-b56b-08ee75990b19,0,0,0,False,0.74,15360,"So11111111111111111111111111111111111111112, 6A581VRHmao75DmbaZ7gKkJLdBcxktTXWvGS6FMDpump"
raydium-amm,WSOL-FRED,2.97,2.97,0,,fc021aef-e0af-5398-9d38-b5feebc0cdae,0,-6.09,0,False,1.68,15332,"So11111111111111111111111111111111111111112, APMrwq6jxn3yvHJ7BWsitpMjZV14MCzgno8pEHzgpump"
raydium-amm,WSOL-PUMP,32.12,32.12,0,,9a443c0b-dd51-5091-9277-450a3bca7783,0,30.72,0,False,4.12,15277,"So11111111111111111111111111111111111111112, pumpCmXqMfrsAkQ5r49WcJnRayYRqmXz6ae8H7H9Dfn"
kamino-lend,PT-FRAGSOL-31OCT25,0,0,0,,a85f3ac4-0f1e-43cd-aa2b-3fe1e5115a99,0,0,0,False,0,15266,Aby6y5DYtTrhQD8i7JXLs4H3jdUTwSXDraYqnwn5tKbt
orca-dex,SOL-ETF,0.66684,0.66684,0,,e1c1a364-2ec7-422c-a40a-d900fa59b17f,0.66684,0.66684,0.34759,False,0.18297,15264,"So11111111111111111111111111111111111111112, GTNWZVa5JfRsMk4HWDiCKkMtKzrAni3dyMxvPqCTyJse"
orca-dex,SOL-CRCLX,1.95837,1.95837,0,,1f4b8cc8-f6db-5d1c-8cbd-de39247cc3ed,0,0,0,False,17.22195,15249,"So11111111111111111111111111111111111111112, XsueG8BtpquVJX9LVLLEGuViXUungE6WmK5YZ3p3bd1"
raydium-amm,MSOL-JSOL,0.29,0.29,0,,56ed9418-f6f2-4195-9143-0dca51833a90,-0.48,0,0,False,0.11,15240,"mSoLzYCxHdYgdzU16g5QSh3i5K3z3KZK7ytfqcJm7So, 7Q2afV64in6N6SeZsAAB81TJzwDoD6zpqmHkzi9Dcavn"
raydium-amm,WSOL-LONG,4.67,4.67,0,,feb16a32-7cc3-4c87-b389-e8a7eb8818e0,0.59,0,0,False,0.8,15196,"So11111111111111111111111111111111111111112, BCzBBz5c6fCcRU7UjdJxszaECh7FdnU551MoQewpQv7L"
raydium-amm,WSOL-LEOS,10.78,10.78,0,,5ad68984-0189-4877-a243-4de1c02ed628,-2.21,0,0,False,1.8,15169,"So11111111111111111111111111111111111111112, 5xgsnby6P9zqGK71J7H4yJLxzqPvNbC7rDZxNzjHmj7e"
raydium-amm,WSOL-ROCKSTAR,2.36,2.36,0,,25d68dc4-333f-4e3c-b166-0c2b34008a8e,0,-1.04,-2.38,False,0.77,15149,"So11111111111111111111111111111111111111112, C9vPS4LHZiKoJf6cEWiiHaPHX8MNkEsYMKJJ7DNPpump"
raydium-amm,WSOL-LUX,135.81,135.81,0,,816f38aa-02a6-4e02-8337-56f695e1cdbd,-2.57,7.32,-53.74,False,81.61,15145,"So11111111111111111111111111111111111111112, 3bSGpKYPut6RXDxp41nvb2GM7eR4kEmJExFFHoYkW3w2"
raydium-amm,WSOL-ANTIRUG,3.73,3.73,0,,c0298710-9da2-43f1-b0dc-1f863ddefe2a,0,-72.55,0,False,6.27,15144,"So11111111111111111111111111111111111111112, ts3foLrNUMvwdVeit1oNeLWjYk7e4qsn8PqSsqRpump"
raydium-amm,GCR-WSOL,3.43,3.43,0,,90e43cc5-a9b5-4bb6-913f-ddb2d178d1cb,0,0,0,False,0.98,15098,"7dGbPgUxKpB5qWiLRKcTQSC3om1fPzUpgGAFfwej9hXx, So11111111111111111111111111111111111111112"
orca-dex,MSOL-STSOL,0,0,0,,7700969a-ee34-4a23-ad7b-5c7e7ca6f5ec,0,0,0,False,0,15093,"mSoLzYCxHdYgdzU16g5QSh3i5K3z3KZK7ytfqcJm7So, 7dHbWXmci3dT8UFYWYZweBLXgycu7Y3iL6trKn1Y7ARj"
save,USDH,0,0,0,,e3802349-333e-4e92-8503-1646a337895a,0,0,0,True,0,15030,USDH1SM1ojwWUga67PGrgFWUHibbjqMvuMaDkRJTgkX
raydium-amm,WSOL-MONA,12.96,12.96,0,,2679aea5-9308-479c-94a2-f40f827c760b,9.85,0,0,False,2.03,14988,"So11111111111111111111111111111111111111112, MoNAoCoXKLb38Y2VpbukGacdNYhvRTyVn92DvRApXep"
orca-dex,SOL-HYPE,40.03587,40.03587,0,,65d01978-6b1e-4ca2-a80e-4aa5298c699c,0,33.62161,4.15581,False,71.92973,14944,"So11111111111111111111111111111111111111112, 98sMhvDwXj1RQi5c5Mndm3vPe9cBqPrbLaufMXFNMh5g"
gmtrade,APE-USDC,10.82809,10.82809,0,,34428983-0a26-43ad-8996-5c16a183a0e6,1.10092,-6.44696,-8.76718,False,0,14903,"C1MHyoTJpRTeS9AQCyspNVu2EWAYCZwmJ1jNkEArFP1f, EPjFWdd5AufqSSqeM2qN1xzybapC8G4wEGGkZwyTDt1v"
raydium-amm,EDEN-WSOL,12.54,12.54,0,,7ca6aeaf-52a8-423c-a72a-d56a48567d41,0,0,0,False,4.6,14866,"5sbZ3E6x84GXtWmBG2vX5pCTLuvCPiwn5C2Yrs3eden, So11111111111111111111111111111111111111112"
raydium-amm,QKITTY-WSOL,2.97,2.97,0,,52a779b1-371f-45e8-b5ae-da773b4a8cbe,0,0,0,False,1.53,14860,"BeqAgjEajRgfh1FXggjX3p9iWhNsnrhKR5VjLj1Zmoon, So11111111111111111111111111111111111111112"
raydium-amm,WSOL-ARG,3.51,3.51,0,,704eb8c6-5ac6-4d97-b8ec-477aade8b3a6,0,1.55,0,False,9.43,14841,"So11111111111111111111111111111111111111112, 9XRpjZjhJPeWtUymiEWn3FW7uAnMeQca14ucTWWWyP2g"
raydium-amm,BRETTA-WSOL,7.01,7.01,0,,d975b592-18db-475b-80a9-62c7583fb0dd,0,4.64,0,False,1.03,14829,"DXBYAw9aQheMdujaLZYnVSpKSK4n8jMS7HfLbiv5RWnS, So11111111111111111111111111111111111111112"
raydium-amm,BONK-WSOL,3.93,3.93,0,,bb23aa78-b56b-4328-b746-1fbf97661f26,-1.4,-44.55,-0.56,False,8.18,14805,"DezXAZ8z7PnrnRJjz3wXBoRgixCa6xjnB7YaB1pPB263, So11111111111111111111111111111111111111112"
raydium-amm,WSOL-BUB,10.94,10.94,0,,eb6afca2-6e85-4f0e-b207-4fd1d7300a69,4.93,3.07,0,False,12.01,14793,"So11111111111111111111111111111111111111112, BU7zw2GvabhqGnrqMMH1m2KabafehanDmtnrCSZipump"
raydium-amm,WSOL-JASON,3.18,3.18,0,,030f6ab9-6c65-43de-91f0-2ef9511a9b5a,0,0,0,False,0.88,14760,"So11111111111111111111111111111111111111112, 6rq1xS3xV2ufM8Rw9TBJpYfMniCem3Hf8ViByBS2pump"
orca-dex,PUMP-DFN,105.05109,105.05109,0,,d6cf5c7a-3229-540c-bcb9-84e414a3fd89,0,82.28499,0,False,29.89631,14760,"pumpCmXqMfrsAkQ5r49WcJnRayYRqmXz6ae8H7H9Dfn, 8ZZanFyAvTnHu7tarkmpSQ7koAjf5XWfhKs49FjZCSNm"
raydium-amm,WSOL-SANDY,2.25,2.25,0,,84b37f47-29e6-4165-90ce-a7eb0009fb53,0,0,0,False,3.02,14749,"So11111111111111111111111111111111111111112, 61yG5LCoeoqzBdopXPy6BsVPTGdRXht95L68hj5ipump"
raydium-amm,WSOL-JAJAK,2.51,2.51,0,,e63e60e7-f93d-4769-b430-5f949d466233,0,-1.09,0,False,7.49,14749,"So11111111111111111111111111111111111111112, 7LTpcQMo1d6MtEvewgy6wtgWQsNSfyhruyBLVWgrpump"
orca-dex,TRUMP-USDC,0.28374,0.28374,0,,d050492b-d3cf-4949-b96e-24e23d009af3,-0.37487,-1.55006,-1.01426,False,0.58525,14729,"6p6xgHyF7AeE6TZkSmFsko444wqoP15icUSqi2jfGiPN, EPjFWdd5AufqSSqeM2qN1xzybapC8G4wEGGkZwyTDt1v"
raydium-amm,WSOL-HALLOWEEN,3.39,3.39,0,,5638804b-5221-4a7c-8fda-43cb3b25fa5a,0,0,0,False,1.13,14709,"So11111111111111111111111111111111111111112, 5igPsKHquNAYitDfDxwZFbr7iVPfuw3LVzwjX17zpump"
project-0,GRIPTO,0,0,0,,e9d30a1b-03d3-5a3e-a339-297b85700dba,0,0,0,False,0,14709,Cq9S5UB9BviPn5yoGkEDk3m7neQag4KJnhPWGyuev9W8
kamino-liquidity,BONKSOL-INF,0,0,0,,3119496e-872a-42ee-8602-a3c2807627a6,0,0,0,False,0,14688,"BonK1YhkXEGLZzwtcvRTip3gAL9nCeQD7ppZBLXhtTs, 5oVNBeEEQvYi1cX3ir8Dx5n1P7pdxydbGF2X4TxVusJm"
orca-dex,SOL-CHEX,58.16238,58.16238,0,,b6001273-2955-4307-a473-b4c52643a43f,-20.12862,-25.61229,0,False,151.79886,14666,"So11111111111111111111111111111111111111112, 6dKCoWjpj5MFU5gWDEFdpUUeBasBLK3wLEwhUzQPAa1e"
orca-dex,BONKSOL-INF,0.13515,0.13515,0,,5e0931ab-df87-4b0f-a051-a5e90246ee6d,-0.13669,-0.21284,0.03646,False,0.37078,14640,"BonK1YhkXEGLZzwtcvRTip3gAL9nCeQD7ppZBLXhtTs, 5oVNBeEEQvYi1cX3ir8Dx5n1P7pdxydbGF2X4TxVusJm"
orca-dex,SOL-PUPS,17.48234,17.48234,0,,168b9be1-4540-4650-8130-99f76ddf7dbb,-21.06299,-60.70697,-29.32386,False,49.74483,14640,"So11111111111111111111111111111111111111112, 2oGLxYuNBJRcepT1mEV6KnETaLD7Bf6qq3CM6skasBfe"
raydium-amm,JENSEN-WSOL,8.13,8.13,0,,b2b57393-b8c2-4c82-9f81-6e4ab77e61f8,4.31,0,0,False,1.17,14631,"HfQuaLjMguh7vyZqqrWuVqpsjQd7tAPrzBWKqA3pDTH3, So11111111111111111111111111111111111111112"
orca-dex,ARC-COINOMI,8.02578,8.02578,0,,7137e0e3-c2d8-4bb4-98e6-a7d021330b8b,5.25867,5.77901,-10.57457,False,6.71993,14623,"61V8vBaqAGMpgDQi4JcAwo1dmBGHsyhzodcPqnEVpump, EHmZM5QD7NFpu6hm3o8yYSA6EhYYunHL21fzN2ucpump"
raydium-amm,WSOL-RKC,55.8,55.8,0,,a982a8e1-40c7-40ae-9a0e-8441df0db198,-14.47,12.73,0,False,35.3,14618,"So11111111111111111111111111111111111111112, 7HgfXftRBBqsYtAEYcqjGLQrNJLL6Tww9ek4rE3Apump"
raydium-amm,WSOL-TOM,3.25,3.25,0,,3d5339ae-9a23-4f3f-80ea-976cb52888c6,0,-1.02,0,False,1.74,14608,"So11111111111111111111111111111111111111112, 8i5pmXA1EowuHVAyPU96VGdVxGc2AgUfnVrLQcyobonk"
raydium-amm,WSOL-KEYDOG,2.78,2.78,0,,d8d0f86b-bdc4-485f-9126-5b0f03d0be1a,0,-0.38,0,False,1.27,14585,"So11111111111111111111111111111111111111112, 3fGoNjPohYRVPk9iJuwEW5WuURU5gmAdSRgNgeaanexQ"
raydium-amm,WSOL-USDT,3.33,3.33,0,,32cb0793-4b36-4453-8734-8d3ce96af360,0,0,0,False,0.38,14562,"So11111111111111111111111111111111111111112, 5VwjSJDYSbb9XHWFmcfuGKGnBQJKfLsqBRzNX5Khpump"
gmtrade,WSOL-USDC,33.023,33.023,0,,4417b447-9cb6-4689-b59e-ea4460cd2ac6,1.1919,32.89205,0,False,0,14550,"So11111111111111111111111111111111111111112, EPjFWdd5AufqSSqeM2qN1xzybapC8G4wEGGkZwyTDt1v"
raydium-amm,WSOL-MATH,3.18,3.18,0,,60e890d5-d722-4eb5-b58f-0f7032423aad,0,-14.98,0,False,2.64,14524,"So11111111111111111111111111111111111111112, CaGa7pddFXS65Gznqwp42kBhkJQdceoFVT7AQYo8Jr8Q"
raydium-amm,WSOL-FATCAT,1441.71,1441.71,0,,0b2b6bdd-83f9-4f7d-80c5-f9bacfb5f030,0,1440.86,0,False,146.67,14469,"So11111111111111111111111111111111111111112, AHdVQs56QpEEkRx6m8yiYYEiqM2sKjQxVd6mGH12pump"
raydium-amm,WSOL-MOMS,4.87,4.87,0,,9dc986a1-d86c-58fd-bd7c-f36c626a94e2,-1.52,0,0,False,5.16,14452,"So11111111111111111111111111111111111111112, HDYP5e1dUM3zjqw3tQvDHDxtt6CKxkgyEN3NdNcXTRiX"
raydium-amm,WSOL-APU,41.57,41.57,0,,0f71e6c7-121a-4bc3-8f0d-1501759a855a,-44.98,4.26,9.79,False,25.41,14440,"So11111111111111111111111111111111111111112, 26s3UGB9hund1qspApy1zYgCritxAooGg7o63BMn89Yq"
raydium-amm,WSOL-FRIDGE,3.29,3.29,0,,7658e449-4f52-4544-8861-346e181decf9,0,0,0,False,0.36,14436,"So11111111111111111111111111111111111111112, EswvJvhPy8A8rWPdLJ5ATYW6cY5x483oS4QWWroZpump"
raydium-amm,WSOL-FA,2.56,2.56,0,,ff24a9ac-4ba5-4d7e-96c9-e807ba5ae638,0,0,-3.38,False,0.62,14409,"So11111111111111111111111111111111111111112, 35sWUF3kq2YNuiEU5YgPo5yVqg6av2snKmm5RaT3gqYe"
omnipair,PWE-USDC,208.20891,208.20891,0,,0fdbc063-d9b5-45c0-88a3-b61a16bb9786,-0.00032,161.20226,165.43252,False,0,14339,"DQSNQgUnQreKpssYTATsfjpjncAXdSBuwx8uBRgzTSPk, EPjFWdd5AufqSSqeM2qN1xzybapC8G4wEGGkZwyTDt1v"
raydium-amm,WSOL-COGE,3.45,3.45,0,,38c7a822-3e17-42d1-9102-85ac2c4c3791,0,0,0,False,0.31,14337,"So11111111111111111111111111111111111111112, 2Ennbjr5QBkzxJriy146cWVB87bxdEsmiQ8TnmA5qHTX"
kamino-liquidity,JTO-KYJTO,0,0,0,,be35044e-a6b4-4385-a63c-2c8c1ada6947,0,0,0,False,0,14330,"jtojtomepa8beP8AuQc6eXt5FriJwfFMwQx2v2f9mCL, kyJtowDDACsJDm2jr3VZdpCA6pZcKAaNftQwrJ8KBQP"
raydium-amm,GUAC-ESF,3.09,3.09,0,,e69c52c0-82ab-4252-a228-02685b86dd82,-1.29,-2.04,-18.14,False,2.1,14302,"AZsHEMXd36Bj1EMNXhowJajpUXzrKcK57wW4ZGXVa7yR, BzMWbt7ko3P8c457gzxuBCCt6q73sJyG98nQNeTfcCom"
raydium-amm,WSOL-IYKYK,3.25,3.25,0,,3043946a-6ec6-5b46-b3db-f18dee0cf199,-2.17,0,0,False,27.22,14302,"So11111111111111111111111111111111111111112, 5tzkqRo8XjHefzuJumij7suA6N7nTZA1FSLtzM8Bpump"
orca-dex,JACKET-USDC,0.13711,0.13711,0,,f5fe5064-7224-5707-859f-40743f6c16c4,-7.60237,0,0,False,1.12522,14268,"LmVRyRbFkjDUzBHeqVrUXAaLuQ3Lv9citAq5zZ2nxPV, EPjFWdd5AufqSSqeM2qN1xzybapC8G4wEGGkZwyTDt1v"
orca-dex,SWARMS-DRIFT,10.72144,10.72144,0,,0c5ce0f8-be5b-4a1a-84c7-51c30fd81d8e,-13.02507,-78.81556,-80.24569,False,13.20804,14261,"74SBV4zDXxTRgv1pEMoECskKBkZHc2yGPnc7GYVepump, DriFtupJYLTosbwoN8koMbEYSx54aFAVLddWsbksjwg7"
raydium-amm,MCDX-USDC,12.77,12.77,0,,ac16d8a8-a559-4035-a467-02041145a363,0,0,-19.28,False,6.24,14251,"XsqE9cRRpzxcGKDXj1BJ7Xmg4GRhZoyY1KpmGSxAWT2, EPjFWdd5AufqSSqeM2qN1xzybapC8G4wEGGkZwyTDt1v"
raydium-amm,BOOPA-WSOL,61.95,61.95,0,,afc9f229-7a60-40b9-a58c-78d8df8e7fa7,0,0,0,False,15.96,14250,"JmMRbLcKgNCu17yHZDAn4strE5NjmWJ4pCeJ7s7boop, So11111111111111111111111111111111111111112"
raydium-amm,WSOL-VCT,3.71,3.71,0,,58284b98-fddc-4ea6-8747-c4c9c1b8f74f,0,0,-13.71,False,2.66,14238,"So11111111111111111111111111111111111111112, FBSbW4xPqCYgg6ypVtPA2o8ntNB7i4eaLj9XGJCDM3uS"
orca-dex,SOL-$WIF,6.14066,6.14066,0,,dd1f31c1-c7d0-4801-adde-d1e1d5019c32,-0.36242,3.01451,-2.2852,False,4.10309,14233,"So11111111111111111111111111111111111111112, EKpQGSJtjMFqKZ9KQanSqYXRcF8fBopzLHYxdM65zcjm"
raydium-amm,WSOL-PUNCHY,3.85,3.85,0,,68c622f9-5941-4a5e-91f8-85d64966477c,0,0,0,False,0.37,14223,"So11111111111111111111111111111111111111112, GnYufMbTAMz1DzkSN2DmwkBzjMTLkM22WvQuN1VCbonk"
orca-dex,SOL-SAUCE,0,0,0,,6c97361d-afd8-4278-bb8f-14fbf040b7e7,0,0,0,False,0.00023,14204,"So11111111111111111111111111111111111111112, 427xvZVKbFj7ZyfFoYS9iFpNuNsrijm6T9VP8znfko9j"
raydium-amm,WSOL-NEX,3.46,3.46,0,,423c17da-7b0c-47d6-abd1-c01aa7450124,0,0,0,False,0.39,14201,"So11111111111111111111111111111111111111112, 6sud9BMgwu7ghFMZGT2Pbbhpx7gPpydhk8yuz9YpWpcb"
raydium-amm,WSOL-BTCAT,3.17,3.17,0,,3364e9a2-c999-41eb-8b40-62958ff1d6c9,0,0.18,-3.71,False,1.76,14198,"So11111111111111111111111111111111111111112, 3XFiHA2gexzBjqtM5Z7FjJhP6f28D2m79UihBCfkpump"
orca-dex,ME-DFN,36.8208,36.8208,0,,cd83214c-75a0-56da-9ca4-72108de8096b,0,0,0,False,8.29897,14186,"MEFNBXixkEbait3xn9bkm8WsJzXtVsaJEn4c8Sam21u, 8ZZanFyAvTnHu7tarkmpSQ7koAjf5XWfhKs49FjZCSNm"
orca-dex,USDC-HANK,0,0,0,,47b4ba66-8c92-51b0-a7af-2bde3f44f0d9,0,0,0,False,1.13584,14177,"EPjFWdd5AufqSSqeM2qN1xzybapC8G4wEGGkZwyTDt1v, GgNnG4CSL6cnzx4dTfymmNgF3g1yRgxZArpr1ZtxdMP4"
raydium-amm,WSOL-VOID,19.68,19.68,0,,d8dcc101-54cf-4f95-a601-f11ad0ede87e,12.15,11.24,-28.46,False,13.82,14155,"So11111111111111111111111111111111111111112, 74nSAMYRsm3MZLqVXcoZoUFsjiqKZhAJCqttHVycTRiX"
raydium-amm,WSOL-AMERICA,3.28,3.28,0,,82920e75-fd51-4330-bf2d-8c8d6184d8ef,0,0,0,False,0.49,14127,"So11111111111111111111111111111111111111112, 4aQ7cA7vnfCQ8opcNBRarRYcm6Mnwioee74RXpMHbonk"
raydium-amm,WSOL-NDX,4.11,4.11,0,,97bbc49c-3d8a-45c3-9845-937f51da44ac,0,0,0,False,3.83,14075,"So11111111111111111111111111111111111111112, 6fkt7bidv8dwqYG1EBUzESSqknC5xfRnzymffWekTdYo"
orca-dex,MNDE-SOL,2.52021,2.52021,0,,69f6e48b-bb99-4e96-b091-04d3baf749b0,-15.06858,-46.84879,-32.01947,False,5.75756,14054,"MNDEFzGvMt87ueuHvVU9VcTqsAP5b3fTGPsHuuPA5ey, So11111111111111111111111111111111111111112"
raydium-amm,BILL-USDC,41.01,41.01,0,,2281b440-8e3a-5df1-bb93-b8004a15410e,0,0,0,False,17.58,14028,"BiURE9viy8NiUb7baj2xJmP7RPRHwzebpfUpdjmieEdf, EPjFWdd5AufqSSqeM2qN1xzybapC8G4wEGGkZwyTDt1v"
raydium-amm,WSOL-BAMB,14.24,14.24,0,,f75f9f44-550c-4275-a0e5-5cb7563b0f3a,0,0,-16.62,False,40.96,14027,"So11111111111111111111111111111111111111112, 2F1zbXWjHnHeahXXDGQjdWr7bAZhpvt7BEHeBeBxCq14"
raydium-amm,BCH-USDC,19.44,19.44,0,,64f4f366-dac2-4bfd-a9c5-41acf38955e4,0,0,0,False,3.83,14020,"8TMgpBoeMmZM3tV5bMBzW4PkYxtvnCN7QC5ZiLT2qU9U, EPjFWdd5AufqSSqeM2qN1xzybapC8G4wEGGkZwyTDt1v"
orca-dex,BLSON-USDC,0.27469,0.27469,0,,cf3ecee8-cfa9-544a-bbc7-443753e8e3af,0,0,0,False,0.03924,14005,"6yFaSsghBdQxWtda8Jvgdwjxyo5HGqH5udh7ULw2c2g9, EPjFWdd5AufqSSqeM2qN1xzybapC8G4wEGGkZwyTDt1v"
omnipair,JUPUSD-USDC,4e-05,4e-05,0,,eff9fea7-49e8-4b7e-aa34-bdc7d08bcd48,1e-05,0,-0.00019,True,0,13999,"JuprjznTrTSp2UFa3ZBUFgwdAmtZCq4MQCwysN55USD, EPjFWdd5AufqSSqeM2qN1xzybapC8G4wEGGkZwyTDt1v"
orca-dex,SOL-TRX-USDT,0,0,0,,fe8b6e25-65a3-5d9e-a323-e0358389128a,0,0,0,False,0.07456,13989,"3aPg5w5rDRrdhYqYJnJgouBKB7qzSiQNtwT3EBztyZyc, Es9vMFrzaCERmJfrF4H2FYD4KCoNkY11McCe8BenwNYB"
raydium-amm,USDI-USDT,0.13,0.13,0,,e2efdc91-0ee3-4d36-b6bb-bf48a455ce38,-0.1,0,-0.78,True,0.17,13963,"CXbKtuMVWc2LkedJjATZDNwaPSN6vHsuBGqYHUC4BN3B, Es9vMFrzaCERmJfrF4H2FYD4KCoNkY11McCe8BenwNYB"
raydium-amm,USD1-SWOGE,3.79,3.79,0,,f651ab2d-3010-4fc3-a476-a91fde31738d,0,0,0,False,2.06,13942,"USD1ttGY1N17NEEHLmELoaybftRBUSErhqYiQzvEmuB, HbrraVxmodiJZze3spkvv4jdjXx6nFZmwcUoSub2bonk"
raydium-amm,WSOL-ETH,2.5,2.5,0,,1e07bdf6-be31-4b92-be79-04a1f0467c7c,0,0,0,False,0.45,13939,"So11111111111111111111111111111111111111112, 2kaRSuDcz1V1kqq1sDmP23Wy98jutHQQgr5fGDWRpump"
orca-dex,QQQX-USDC,4.50292,4.50292,0,,ccfe9bf2-dac3-4487-95a6-af9b0863ac50,-10.57536,0.4164,-39.77283,False,10.28093,13937,"Xs8S1uUs1zvS2p7iwtsG3b6fkhpvmwz4GYU3gWAmWHZ, EPjFWdd5AufqSSqeM2qN1xzybapC8G4wEGGkZwyTDt1v"
raydium-amm,WSOL-IRONYMAN,2.47,2.47,0,,766127f4-e3d5-461e-8f11-9d79e8acfade,0,0,0,False,0.23,13923,"So11111111111111111111111111111111111111112, 7XT7XbKqHA1iVXGwdWKe3ksGGukBAVaxb1PSSgmaYuCG"
raydium-amm,CASHCAT-USDC,127.06,127.06,0,,f392261a-f887-5c04-b07f-6bb2c399053a,-238.26,-547.66,0,True,232.97,13911,"CashcatZMRn4Jv8sPQZUSsbTLi2PcPe1ssqbHcnaJqSS, EPjFWdd5AufqSSqeM2qN1xzybapC8G4wEGGkZwyTDt1v"
raydium-amm,BD-WSOL,2.7,2.7,0,,11e3ec18-7e12-4fe1-8c3d-3db1326d0f62,0,-3.07,0,False,0.56,13896,"i3s1iZgKxLNs39S9JDceHmFtVhJH1WFZHkGNWFUmoon, So11111111111111111111111111111111111111112"
raydium-amm,ROSE-WSOL,2.75,2.75,0,,4c92a1a1-dc7c-4386-9921-c0c51fa35bce,0,0,0,False,1.73,13896,"RoSeiVjW5H48ucPAJh1LJGBBzPpqvsokfDGpgHXDtdF, So11111111111111111111111111111111111111112"
raydium-amm,WSOL-CHAD,4.89,4.89,0,,6f8267db-c357-488d-be7e-0fea1296a044,0,-13.6,0,False,16.54,13893,"So11111111111111111111111111111111111111112, TyDjtNJfsaBpHraogDBifcnVR8sVuX2scjx1VWdchad"
raydium-amm,WSOL-CIRCUIT,5.42,5.42,0,,0fb945cc-7081-4168-950e-80dbf38d6ffb,0,-4.85,0,False,12.98,13863,"So11111111111111111111111111111111111111112, HygNWegGFjQqNMCsQmXbFgr3ViybkEN6fQtmvLXVXJmd"
jupiter-lend,XBTC,0,0,0,,4014949f-d985-4c84-9c79-3769e7301a08,0,0,0,False,0,13852,CtzPWv73Sn1dMGVU3ZtLv9yWSyUAanBni19YWDaznnkn
raydium-amm,KMNO-BSOL,5.1,5.1,0,,9e2af711-c1aa-4228-b257-5771d00dcda9,-1.17,-6.28,-19.98,False,4.47,13801,"KMNo3nJsBXfcpJTVhZcXLW7RmTwTt4GVFE7suUBo9sS, bSo13r4TkiE4KumL71LsHTPpL2euBYLFx6h9HP3piy1"
gmtrade,WSOL-USDC,1.69302,1.69302,0,,33ab51c2-547f-4e6d-93a4-8752e4417b79,1.09118,1.6851,1.46474,False,0,13791,"So11111111111111111111111111111111111111112, EPjFWdd5AufqSSqeM2qN1xzybapC8G4wEGGkZwyTDt1v"
orca-dex,HONEY-DFN,315.14907,315.14907,0,,3e26266b-8142-5cb3-891c-de2134ed51a8,0,0,0,False,76.54693,13788,"4vMsoUT2BWatFweudnQM1xedRLfJgJ7hswhcpz4xgBTy, 8ZZanFyAvTnHu7tarkmpSQ7koAjf5XWfhKs49FjZCSNm"
kamino-lend,PYUSD,0.18929,0.18929,0,,a71262f6-595d-452c-8ed3-2f829d694e64,-0.21059,-0.21899,-0.25629,True,0,13783,2b1kV6DkPAnxd5ixfnxCpjxmKwqjjaYmCZfHsFu24GXo
kamino-liquidity,SOL-STSOL,0,0,0,,5f10249f-b265-4dbf-8b7f-8599406ba785,0,0,0,False,0,13737,"So11111111111111111111111111111111111111112, 7dHbWXmci3dT8UFYWYZweBLXgycu7Y3iL6trKn1Y7ARj"
raydium-amm,WSOL-STROKE,23.96,23.96,0,,22f1afaa-6665-438e-a959-cf83361ca474,0,-165.79,0,False,55.05,13727,"So11111111111111111111111111111111111111112, 2ouH1NSw4NSibkB61hbkAJGAHFrjQenCQ7UiytYgpump"
raydium-amm,WSOL-$SORANA,2.7,2.7,0,,ede95c54-8e2d-48e1-baca-6c7ba72562ca,0,-2.29,0,False,1.79,13714,"So11111111111111111111111111111111111111112, ExbN9KVhLMZT1Pt6uEQ5eMyWdfbTAvdLP9cBTwaK8EHL"
raydium-amm,USD1-🦅☝️,2.56,2.56,0,,c45c8bb8-3617-4d54-8b4e-8b6f694bc0ac,0,-0.49,0,False,1.14,13673,"USD1ttGY1N17NEEHLmELoaybftRBUSErhqYiQzvEmuB, 6KUvHeiDhXxWJGBjg4f3gMt4N9juvmytrs1SMwZAbonk"
orca-dex,REZ-USDC,7.20943,7.20943,0,,4c8effc9-8673-4194-a066-4579b895696e,0.75197,6.70568,-0.69266,False,4.47351,13668,"3DK98MXPz8TRuim7rfQnebSLpA7VSoc79Bgiee1m4Zw5, EPjFWdd5AufqSSqeM2qN1xzybapC8G4wEGGkZwyTDt1v"
orca-dex,SOL-GUN,1.24873,1.24873,0,,d13c23d7-d836-4894-bfad-28fe3f473146,-10.82023,-1.0861,-25.26718,False,4.78708,13651,"So11111111111111111111111111111111111111112, 3jUf2RTyXp867piSB2dt8uUcNiLDW58asjGtXkRAkBbe"
orca-dex,SOL-THREE,468.61742,468.61742,0,,0792e272-843a-4bd7-aa0a-499dc77d48ae,-242.68287,-444.69413,-1189.04296,False,551.03007,13649,"So11111111111111111111111111111111111111112, FeMbDoX7R1Psc4GEcvJdsbNbZA3bfztcyDCatJVJpump"
raydium-amm,WSOL-TRUST,19.35,19.35,0,,204486ce-6d51-41d1-beb0-78040b9183cb,0,-358.71,0,False,112.14,13647,"So11111111111111111111111111111111111111112, F5sc3CGLmKueyUqaCkwopo9u61HsgpmJc8Cmc9xibonk"
orca-dex,BTC3-USDT,0,0,0,,69901879-4259-483e-91b7-21cef35406e0,0,0,0,False,0.00148,13640,"7kE3sLdDLhNHQESiHoC1opDipDXHnjSAhkmVQLkkiAAa, Es9vMFrzaCERmJfrF4H2FYD4KCoNkY11McCe8BenwNYB"
raydium-amm,CBBTC-BTC,0.67,0.67,0,,f86d6fe3-ab17-4d16-a200-bf34b4bc8a3c,0.06,0.43,-0.78,False,0.39,13629,"cbbtcf3aa214zXHbiAZQwf4122FBYbraNdFqgw4iMij, CvJmpFKM3jT7o3K5yumJNB1ffmz19XWGZXT4KtmDB6x8"
kamino-lend,USDG,2.40901,2.40901,0,,feb9d7bd-cdbd-4e31-b16c-3fec605e985a,0.00219,0.23629,0,True,0,13627,2u1tszSeqZ3qBWF3uNGPFc8TzMk2tdiwknnRMWGWjGWH
kamino-liquidity,KMNO-BSOL,0,0,0,,8384baf6-7943-4b11-b538-beb05ccbd70c,0,0,0,False,15.15626,13608,"KMNo3nJsBXfcpJTVhZcXLW7RmTwTt4GVFE7suUBo9sS, bSo13r4TkiE4KumL71LsHTPpL2euBYLFx6h9HP3piy1"
raydium-amm,WSOL-ROBOTAXI,3.03,3.03,0,,3800760f-f944-4f5d-8b3a-b422d682c225,0,0,0,False,0.31,13580,"So11111111111111111111111111111111111111112, F6fw97fXctQkkZDzmXrdsqm2Um2vtGnkdSnUQ6V2g9Q2"
raydium-amm,WSOL-MORR,13.6,13.6,0,,ca44cc80-2e3e-4500-928b-8ce129a98700,0,0,0,False,2.93,13568,"So11111111111111111111111111111111111111112, morrkKLmaHdzBdjNfTXwu6uDFvqHdF1ZosZNcjPrpYo"
raydium-amm,WSOL-TOM,5.41,5.41,0,,c791c951-581b-4384-98bb-0b664a01d0fb,0,-2.3,0,False,8.49,13559,"So11111111111111111111111111111111111111112, BWu8AcV5j9ksCBFcRYHoQLJU5StdLToYxegCpovRbonk"
raydium-amm,WSOL-ZEC,15.22,15.22,0,,527d643b-1964-4e10-bf38-0fa470a55dc1,-14.55,-8.03,-3.32,False,8.42,13545,"So11111111111111111111111111111111111111112, A7bdiYdS5GjqGFtxf17ppRHtDKPkkRqbKtR27dxvQXaS"
orca-dex,USDC-COIN,0.28402,0.28402,0,,61b3162a-fef3-55bb-848f-1f9cee6472e1,0,0,0,False,0.04057,13535,"EPjFWdd5AufqSSqeM2qN1xzybapC8G4wEGGkZwyTDt1v, FAsHeuyq2EZgUenaTuGSSAzNibXFXNeuv7SXzMi8FYHc"
raydium-amm,WSOL-UPVEMBER,3.02,3.02,0,,cc759612-7b13-44ba-ac15-48df9ba072ed,-4.95,0,0,False,1.68,13496,"So11111111111111111111111111111111111111112, 7VKG39KqGopTetYvgBA3WADEB7fiB3kMChqA6Lj8pump"
raydium-amm,PYUSD-USDC,0.39,0.39,0,,96923c5e-d3ac-475b-bec0-b2f4dd03d63e,-2.85,-0.01,-0.76,True,0.92,13477,"2b1kV6DkPAnxd5ixfnxCpjxmKwqjjaYmCZfHsFu24GXo, EPjFWdd5AufqSSqeM2qN1xzybapC8G4wEGGkZwyTDt1v"
orca-dex,CUDDLEFISH-USDC,0,0,0,,7a4c13c3-83b6-52c6-96ee-b00ecdaa8319,0,0,0,False,0.00107,13465,"3M4Mywawjm5qPpJ7V3cVNwjmduMNADch2Ju7t9wMWy2S, EPjFWdd5AufqSSqeM2qN1xzybapC8G4wEGGkZwyTDt1v"
orca-dex,猴子币-USDC,0,0,0,,2e60e8bc-ce9f-5f9b-ae33-ae67555f0e2a,-0.00157,0,0,False,1.20101,13465,"5dU364LuqTZBVV6yAgPcKsVLVa56UMjUpqdF3sM2jZmp, EPjFWdd5AufqSSqeM2qN1xzybapC8G4wEGGkZwyTDt1v"
raydium-amm,WSOL-PANTS,2.63,2.63,0,,1e9e5953-3dbb-4f8b-b482-bdbad870a584,0,0,-21.63,False,0.48,13417,"So11111111111111111111111111111111111111112, BG6VWes7KRFNPXHbWbA95ZU7grnaob8JSsS7r181pump"
project-0,HYUSD,4.43653,4.43653,0,,7be8dd41-3663-4efd-90d1-14bdf04416cf,0.00092,0.61235,2.63164,True,0,13411,5YMkXAYccHSGnHn9nob9xEvv6Pvka9DZWH7nTbotTu9E
raydium-amm,WSOL-KIMI,4.57,4.57,0,,8e3bddab-9077-4cdc-bb2d-abef26bf5e7f,-4.42,-49.83,0,False,8.42,13409,"So11111111111111111111111111111111111111112, RnL6cuL66A1rMZcXAGZQMsxVMCTihYk2Npb9Dvhpump"
orca-dex,LAMB-USDC,0,0,0,,99bdc8c5-48d6-4b36-bdfc-bbc615c6ae66,0,0,0,False,0,13375,"LAMB83E1FP5ibxdgGkSWJTdpyuFVZ12qvt1ZKTADEz8, EPjFWdd5AufqSSqeM2qN1xzybapC8G4wEGGkZwyTDt1v"
orca-dex,P4L-USDC,5.24064,5.24064,0,,61a73d28-5388-4b08-b6a2-9cd759697053,3.6952,5.23426,3.24857,False,1.92616,13374,"9Azq2bP1AJnoPY7qi6Kgw2riyWom39tX6W9nV6XBEP4L, EPjFWdd5AufqSSqeM2qN1xzybapC8G4wEGGkZwyTDt1v"
raydium-amm,BUNK-WSOL,12.91,12.91,0,,f91f0668-a5c5-464c-89aa-55b8cc32f8d6,-26.57,0,0,False,3.9,13362,"2nhjjqSkA8FYCUdJvQhYjbtZdPjZbNo8VtNKTkJ3hncb, So11111111111111111111111111111111111111112"
raydium-amm,WSOL-CANCER,3.39,3.39,0,,2a7537b2-e175-4846-bec1-9dcfb0cbbca7,0,0,0,False,0.93,13359,"So11111111111111111111111111111111111111112, CmomKM8iPKRSMN7y1jqyW1QKj5bGoZmbvNZXWBJSUdnZ"
raydium-amm,WSOL-XAIM,28.04,28.04,0,,2e8bf413-834a-4b2c-a78c-a99bbc207fcf,0,0,-97.3,False,13.99,13351,"So11111111111111111111111111111111111111112, 54EK1UsBMiYQQ2DyhViZ7tKRxwss9KvmYZmtzz3pXHrE"
raydium-amm,WSOL-LOOKSMAX,3.47,3.47,0,,f0297d1f-b091-485f-9f66-70e14a60f883,0,0,0,False,6.92,13342,"So11111111111111111111111111111111111111112, 7wbiW1XuGD77F4tSDWyMu73bJKwWX4zKwDfjdPRMpump"
orca-dex,BORG-COINOMI,0.9675,0.9675,0,,094aae4b-2700-47db-a154-76a3f8ed83f5,-0.86141,0.66509,-4.70618,False,1.34773,13337,"3dQTr7ror2QPKQ3GbBCokJUmjErGg8kTJzdnYjNfvi3Z, EHmZM5QD7NFpu6hm3o8yYSA6EhYYunHL21fzN2ucpump"
raydium-amm,WSOL-BQT,12.51,12.51,0,,91092063-d48c-456c-bee3-a6ada7b78dfb,-3.74,0,-38.18,False,9.33,13332,"So11111111111111111111111111111111111111112, CB9u9L4wFn1KoCHNqEAxEs3kHLpzfHbB914yvLZWiuGn"
kamino-lend,KSOLMSOLRAYDIUM,0,0,0,,167fec93-517a-497f-83f9-b57dbb83bc08,0,0,0,False,0,13309,3Fb5DMRWoBLWD36Lp4BtG41LaFjVeEJNCH9YLNPYdVqj
raydium-amm,WSOL-DIT,10.56,10.56,0,,ca62d7f1-b423-4bd0-9c99-5753bf9425d9,0,0,0,False,2.94,13264,"So11111111111111111111111111111111111111112, 4zdAbkyoYoT2F8ZSt6va4WZrmAwgFCfQsTEUo8zNpump"
project-0,XBTC,0.00012,0.00012,0,,0ca27c01-9f23-4c6f-9222-38d5bfb8dabc,0,2e-05,-0.00036,False,0,13252,CtzPWv73Sn1dMGVU3ZtLv9yWSyUAanBni19YWDaznnkn
raydium-amm,WSOL-C,7.67,7.67,0,,003d8d73-0032-4aa8-86cd-63ea89eb9325,0,0,0,False,0.91,13249,"So11111111111111111111111111111111111111112, 6muXTyTfjK6Cf3fnGb2VfhMm9Xv41vjgP4paCLAw666C"
raydium-amm,WSOL-BRCA,1265.70395,4.6,1261.10395,BCAxFqs3VJGTmVsBsyYxWL2zZG6xR1kAynCKkhBKEkxx,630a2c5d-dc86-4eba-b8fb-1bb552308815,0,249.68194,0,False,15.14,13222,"So11111111111111111111111111111111111111112, BCAxFqs3VJGTmVsBsyYxWL2zZG6xR1kAynCKkhBKEkxx"
orca-dex,DUCK-USDC,0,0,0,,8ce71403-5ece-57bb-9020-bc4544f20580,0,0,0,False,1.21555,13220,"53K8i1ZRRmWHpdD9kSeTa9fqxZrB4ZqMfZu8SXzUc8iy, EPjFWdd5AufqSSqeM2qN1xzybapC8G4wEGGkZwyTDt1v"
raydium-amm,WSOL-RHD,3.56,3.56,0,,33cf9771-eed5-43d7-ab53-eca8ee221e51,-1.05,0,0,False,0.67,13210,"So11111111111111111111111111111111111111112, 6rUT1GmuuTr6pK8bW3hb9SZDVyDd9GfRTaAe8VV8pump"
orca-dex,WHETH-HYPE,0.02819,0.02819,0,,97fda7a8-e75e-47fd-9f34-3658dba67f3d,0,0,0,False,0.14907,13194,"7vfCXTUXx5WJV5JADk17DUJ4ksgau7utNKj4b963voxs, 98sMhvDwXj1RQi5c5Mndm3vPe9cBqPrbLaufMXFNMh5g"
raydium-amm,WSOL-SAGIT,2.79,2.79,0,,fb93e18f-df0f-4bd6-968d-0dddc3a066f6,0,0,0,False,1.13,13183,"So11111111111111111111111111111111111111112, 8x17zMmVjJxqswjX4hNpxVPc7Tr5UabVJF3kv8TKq8Y3"
orca-dex,USELESS-COINOMI,20.23426,20.23426,0,,e76a52ab-ed8c-505f-968a-9c61600d0777,13.0311,4.97204,0,False,15.27951,13164,"Dz9mQ9NzkBcCsuGPFJ3r1bS4wgqKMHBPiVuniW8Mbonk, EHmZM5QD7NFpu6hm3o8yYSA6EhYYunHL21fzN2ucpump"
raydium-amm,BTC-USDC,5.52,5.52,0,,873f5e47-90de-4876-9365-88e87e91db65,0.96,0,-16.21,False,2.67,13124,"CvJmpFKM3jT7o3K5yumJNB1ffmz19XWGZXT4KtmDB6x8, EPjFWdd5AufqSSqeM2qN1xzybapC8G4wEGGkZwyTDt1v"
raydium-amm,WSOL-LOOONG,814.67,814.67,0,,2ed9a161-de0f-57e0-b869-043c7e76b9a0,0,0,0,False,66.96,13060,"So11111111111111111111111111111111111111112, AkchGAUdXXRGHt3HXaHbTvw3JLGUwtJRmYnkG66wpump"
orca-dex,UP-USDC,0.00144,0.00144,0,,1f65112e-48b2-550c-b00e-0631309e8dea,0,0,0,False,1.23754,13052,"gQ9mQvTA8DTYDbUWmc7PmLpcTLGxvJqjE7fCMbqqPdz, EPjFWdd5AufqSSqeM2qN1xzybapC8G4wEGGkZwyTDt1v"
raydium-amm,WSOL-SIMON,3.69,3.69,0,,599bdbf8-592c-46d2-9140-fbb64d1d41bc,0,0,0,False,2.38,13046,"So11111111111111111111111111111111111111112, 5NmDofUfjrAydmLGRyXrbiYRDZ2LhvdEG3jLWHUTpump"
orca-dex,SOL-,3512.80363,3512.80363,0,,26c8c41a-29b7-5ec4-be91-5c566a12f21b,0,0,0,False,511.33105,13033,"So11111111111111111111111111111111111111112, BNBFSapir38t95MMB8V5BZQtMWZk1fAdmXjDsh4ZXk1X"
raydium-amm,CONAN-WSOL,3.77,3.77,0,,32bf8244-2b30-597a-92a9-686997ebd23a,0,0,0,False,0.58,13029,"7XU84evF7TH4suTuL8pCXxA6V2jrE8jKA6qsbUpQyfCY, So11111111111111111111111111111111111111112"
gmtrade,WSOL-USDC,34.36209,34.36209,0,,74ab4a60-4df7-4c99-8ed6-ce2d50921f6b,0.17419,27.7116,18.04195,False,0,13005,"So11111111111111111111111111111111111111112, EPjFWdd5AufqSSqeM2qN1xzybapC8G4wEGGkZwyTDt1v"
raydium-amm,WSOL-CASINO,2.55,2.55,0,,54187817-7ce5-48d1-8b5a-d2ea3076c7a3,0,0,0,False,0.52,12994,"So11111111111111111111111111111111111111112, DvLSF6zRTzC2xDnhSgpsiCxscE4BGMfH4p3YsF5Tpump"
raydium-amm,WSOL-PEPECASH,3.92,3.92,0,,fbd39244-30a7-4156-90e1-3418cfb8c6ff,0,0,0,False,1.21,12989,"So11111111111111111111111111111111111111112, 655MQLuAYMfTYasaDsQsd1hVQMZs8hvGx8KvNfsQF8o9"
raydium-amm,NC-WSOL,3.26,3.26,0,,4a60c437-07f9-430e-bc20-b29a02d1405f,-3.12,0,0,False,0.55,12982,"7wH5YKNnhcjyqUUXZwsdQWK26JVj9ejfNwDFfR1VCyod, So11111111111111111111111111111111111111112"
orca-dex,USDT-MOPH,6e-05,6e-05,0,,dba131b8-b98a-486d-b26c-b33b3a582fd5,0,6e-05,0,False,0.5063,12975,"Es9vMFrzaCERmJfrF4H2FYD4KCoNkY11McCe8BenwNYB, G3EW94ayAb3Lp2LAx13cnBEyFvh6jhy1cLfUjic2BTTD"
orca-dex,WKPU-USDT,5.59178,5.59178,0,,826e7a10-8e0c-5b32-8b51-77b35af02a68,5.42372,0,0,False,0.82282,12963,"8bSdNMTXsTHko5wyw43z1C61JhdCf7z3iVsJHVLHLqh4, Es9vMFrzaCERmJfrF4H2FYD4KCoNkY11McCe8BenwNYB"
raydium-amm,WSOL-$250,3.77,3.77,0,,535823c6-e1e3-45d1-b7fc-718cef8f69b7,0,0,-2.41,False,2.02,12960,"So11111111111111111111111111111111111111112, 7nEx3cF6bgD2LDh3MimokRPbAV97TFsGKQyjRKN7pump"
raydium-amm,DAO-WSOL,2.73,2.73,0,,fe3e295b-9367-4d4d-abe5-37c9e50d12f1,0,0,-3.94,False,2.46,12923,"85aM5XJhdDeUw4MbGKM56zmWnsRyh76zUVut97uPjiCg, So11111111111111111111111111111111111111112"
raydium-amm,WSOL-,2.67,2.67,0,,3ca24238-665b-4b5e-993e-48a1172b66b9,0,0,0,False,0.41,12911,"So11111111111111111111111111111111111111112, AuFy4UNdargMkNDmZyrQseU5gg75hinSDdPKmb3wpump"
kamino-liquidity,DISABLED-WFRAGSOL-JTO,0,0,0,,f7bca8db-4ef3-4f28-98d1-33e90a80bdc3,0,0,0,False,0,12894,"WFRGJnQt5pK8Dv4cDAbrSsgPcmboysrmX3RYhmRRyTR, jtojtomepa8beP8AuQc6eXt5FriJwfFMwQx2v2f9mCL"
raydium-amm,WSOL-AQUARIUS,3.49,3.49,0,,a811cacf-9511-4ac9-8486-fdab29e48a65,0,0,0,False,1.29,12882,"So11111111111111111111111111111111111111112, C49Ut3om3QFTDrMZ5Cr8VcTKPpHDcQ2Fv8mmuJHHigDt"
orca-dex,ORE-COINOMI,6.20094,6.20094,0,,7359adad-70e1-4f8b-8af0-80261a2710c3,1.12368,1.23622,-8.04632,False,12.06173,12880,"oreoU2P8bN6jkk3jbaiVxYnG1dCXcYxwhwyK9jSybcp, EHmZM5QD7NFpu6hm3o8yYSA6EhYYunHL21fzN2ucpump"
raydium-amm,WSOL-ELIZAOS,57.34,57.34,0,,d690dad0-3c0b-40f0-a598-b8b065f6e759,-188.38,-272.3,-207.71,False,149.34,12874,"So11111111111111111111111111111111111111112, DuMbhu7mvQvqQHGcnikDgb4XegXJRyhUBfdU22uELiZA"
orca-dex,STREAM-SOL,0,0,0,,1510530b-cd57-476f-9f51-a3b63c6f68c0,0,0,0,False,4.75175,12867,"STREAMribRwybYpMmSYoCsQUdr6MZNXEqHgm7p1gu9M, So11111111111111111111111111111111111111112"
orca-dex,JLP-WBTC,0,0,0,,0ee2707a-746f-4ab7-9eb4-b5e7af658489,-0.01416,0,-2.41224,False,0.02209,12866,"27G8MtK7VtTcCHkpASjSDdkWWYfoqT6ggEuKidVJidD4, 3NZ9JMVBmGAqocybic2c7LQCJScmgsAZ6vQqTDzcqmJh"
raydium-amm,WSOL-AZR,11.52,11.52,0,,df60aed9-e02f-4d85-bc0c-e83d53c9a512,10.56,0.28,0.94,False,3.66,12859,"So11111111111111111111111111111111111111112, AzR7KNPct2mit6jUdXBT3TXkHhrck8BWCo2QmFtKwNBe"
raydium-amm,WSOL-USAID,3.32,3.32,0,,db462b4d-d7e5-4c61-be36-2643133e7e5e,-5.18,0,-59.31,False,1.58,12823,"So11111111111111111111111111111111111111112, 6P8ixuqGZpfyHAxyxbU4a31vsMiFiCQjBzVV58gPpump"
orca-dex,MEMENOTE-USDC,8.82568,8.82568,0,,3faec6b1-3dea-581c-997f-be40cf9dfc34,0.00472,0,0,True,1.26081,12799,"Bbrru59WbVe475TE3mBj42fU7sGhTBPbHg1MDAABgSpX, EPjFWdd5AufqSSqeM2qN1xzybapC8G4wEGGkZwyTDt1v"
raydium-amm,WSOL-GARI,29.45,29.45,0,,5cd67f11-e213-4cdb-ba05-3cbb42ef10b4,-37.64,0,0,False,13.32,12787,"So11111111111111111111111111111111111111112, CKaKtYvz6dKPyMvYq9Rh3UBrnNqYZAyd7iF4hJtjUvks"
raydium-amm,WSOL-IQD,11.97,11.97,0,,4cc08dc0-1977-42a0-8b51-94c1fa7cc769,0.63,7.81,0,False,9.74,12784,"So11111111111111111111111111111111111111112, C5GuQ6ckEWoAt96e4GFCrZRCkcB2d9JkaJ8KYt28nfpY"
raydium-amm,WSOL-DORK,3.37,3.37,0,,62e29201-e7bf-4c4c-8c50-60ef4bcbe3e4,-5.39,0,0,False,2.27,12779,"So11111111111111111111111111111111111111112, A4RfnhcD1hk2QiVUx3TTtR7Af2RkgjvyJMcnogj9bonk"
raydium-amm,WSOL-NIBBLES,13.33,13.33,0,,a0b587c2-1791-4f21-835d-954b544d4325,-9.32,0,0,False,1.89,12753,"So11111111111111111111111111111111111111112, 3gC8oidaJ61fkB2QCYvm9xKMZG8szBgBMbuLAGgNeGJD"
orca-dex,SOL-AURA,1.86353,1.86353,0,,153f9337-5a1a-49a9-a541-bf643d8996c3,-0.46431,-12.89778,-4.42546,False,3.91164,12743,"So11111111111111111111111111111111111111112, DtR4D9FtVoTX2569gaL837ZgrB6wNjj6tkmnX9Rdk9B2"
raydium-amm,WSOL-HELLO,3.95,3.95,0,,119bb0ce-a1e1-4926-be8f-9cae1f72bd6a,-1.57,0.49,0,False,1.58,12714,"So11111111111111111111111111111111111111112, 4h49hPGphLNJNDRyiBwzvKoasR3rw1WJCEv19PhUbSS4"
orca-dex,DJED-USDT,0.31874,0.31874,0,,793dabfe-c3e5-5ada-9f63-34b2d58a810d,0,0,0,True,0.04553,12714,"6SCbK2R2X5TubNW4cr8FFydsvrEVqw3DtAdPx2p3WCLT, Es9vMFrzaCERmJfrF4H2FYD4KCoNkY11McCe8BenwNYB"
orca-dex,SHARK-USDC,2.11107,2.11107,0,,d65506ea-4065-4684-a2ad-e7c66baad55a,-10.59003,-4.21072,-2.41904,False,4.57847,12712,"SHARKSYJjqaNyxVfrpnBN9pjgkhwDhatnMyicWPnr1s, EPjFWdd5AufqSSqeM2qN1xzybapC8G4wEGGkZwyTDt1v"
raydium-amm,NOK-WSOL,2.76,2.76,0,,3de1fb1a-2f87-47f7-8380-e15142534d42,0,0,0,False,0.24,12699,"BWcn7ticXLLxZF7wtQyQoQHE1qePanrYZoVtGk165wTP, So11111111111111111111111111111111111111112"
raydium-amm,WSOL-QUBIT,3.14,3.14,0,,9a324eeb-16b0-4372-b330-88b68219e6b8,0,0,-7.49,False,0.38,12684,"So11111111111111111111111111111111111111112, 8MGGDLtSKi9R9ZoBEDWsrhXetpdWrykRucuVMw7mpump"
raydium-amm,SBEFE-WSOL,3.64,3.64,0,,d7a4da8d-a9c5-4667-bff4-0b9e591ee8f3,0,0,0,False,0.43,12680,"9odXQ5DPt7j8MNtan1MaMmtXQkL5gmdpgbyemvmQmoac, So11111111111111111111111111111111111111112"
raydium-amm,STSHIP-WSOL,3.76,3.76,0,,c4b1acbb-b68c-443d-9e15-56e13768d1c2,0,0,0,False,1.9,12669,"GHtLF7drbYXGTHX73uSxqPKkJUzDqcBNe2M9fzjJzr3j, So11111111111111111111111111111111111111112"
raydium-amm,WSOL-HAROLD,4.61,4.61,0,,5646a5be-539e-4f54-812a-ddeb18fea589,-7.74,0,0,False,3.77,12662,"So11111111111111111111111111111111111111112, B8AmDZRJeHuq8CPciey6jocq9p4ivc4ZurDXPwtqs2Qg"
kamino-liquidity,BSOL-BORG,0,0,0,,f4201016-f203-4ccb-92db-8f56aac024bb,0,0,0,False,0,12660,"bSo13r4TkiE4KumL71LsHTPpL2euBYLFx6h9HP3piy1, 3dQTr7ror2QPKQ3GbBCokJUmjErGg8kTJzdnYjNfvi3Z"
raydium-amm,USD1-CLUTCH,2.76,2.76,0,,85f9a3eb-e6d6-4a77-9028-0d8126a9c52e,0,0,0,False,0.53,12654,"USD1ttGY1N17NEEHLmELoaybftRBUSErhqYiQzvEmuB, BUF3TvvZfCMMWaPZJMTGm5WWVmi2arQ9Swze4CPEbonk"
orca-dex,IVAN-USDC,0.00073,0.00073,0,,20b4de75-b90a-4352-b036-02c1c508553d,-0.00577,-0.00285,-0.06054,False,0.00305,12648,"5uZ4wBqvHPRB6wVhNB2AkMmj5FD8HoxRMSYfDWCmiD4P, EPjFWdd5AufqSSqeM2qN1xzybapC8G4wEGGkZwyTDt1v"
raydium-amm,WLKN-WSOL,0.13,0.13,0,,90ed8c65-e27e-4dea-ae58-4e463b745ede,-0.05,-0.07,-0.1,False,0.09,12637,"EcQCUYv57C4V6RoPxkVUiDwtX1SP8y8FP5AEToYL8Az, So11111111111111111111111111111111111111112"
raydium-amm,WSOL-QWEN,3.82,3.82,0,,ed8ad45c-0c37-48f3-9018-d034e6c24011,0,-1.43,0,False,2.63,12636,"So11111111111111111111111111111111111111112, 9o4P6adLsL9DQoYE9J8vhL9LNxXPt2pSvgKcMbBspump"
raydium-amm,WSOL-HVLO,4.02,4.02,0,,1720b045-eda2-4aa3-90cd-7075d00129b5,-40.99,0,-21.39,False,11.72,12634,"So11111111111111111111111111111111111111112, Gdck9KXSSiMMhNyjUjo4sVT1GDzeZnZP2yse9jhax3GR"
orca-dex,XSGD-USDC,10.39882,10.39882,0,,8ab647e1-17e8-4586-bfbf-49b7295d35c0,-4.15758,6.58401,6.81241,True,5.98041,12597,"71S9cppWipeUEQDFngYwxjoxB6Sz1MUqX72byLsVYJqy, EPjFWdd5AufqSSqeM2qN1xzybapC8G4wEGGkZwyTDt1v"
gmtrade,WSOL-USDC,23.57526,23.57526,0,,aab9ed46-f483-4c1b-a0c6-c3250ed4e52a,3.67185,0,23.52223,False,0,12575,"So11111111111111111111111111111111111111112, EPjFWdd5AufqSSqeM2qN1xzybapC8G4wEGGkZwyTDt1v"
kamino-liquidity,W-JITOSOL,0,0,0,,99ed0428-978e-4c9b-8404-e2aa5c0f4da8,0,0,0,False,0,12560,"85VBFQZC9TZkfaptBWjvUw7YbZjy52A6mjtPGjstQAmQ, J1toso1uCk3RLmjorhTtrVwY9HJ7X8V9yYac6Y7kGCPn"
omnipair,SOL-JTO,6.3581,6.3581,0,,7f3c8584-b71c-4223-b06c-6fb51f71b86b,-0.23886,-1.61154,-7.92807,False,0,12555,"So11111111111111111111111111111111111111112, jtojtomepa8beP8AuQc6eXt5FriJwfFMwQx2v2f9mCL"
raydium-amm,WSOL-BHAD,4.5,4.5,0,,b899c968-f5b9-495f-999f-11e62bcf5196,-9.48,0,0,False,3.93,12534,"So11111111111111111111111111111111111111112, 57Wdx3uikKcAt2w8F9GMwgGeEvkaU6pXacYScW1hpump"
raydium-amm,WSOL-GKN,22.58,22.58,0,,38f2f25e-7a36-4f54-bee2-6b6c150d6a7b,7.37,7.5,0,False,6.68,12510,"So11111111111111111111111111111111111111112, Exw8YLyWbZfF9KTVhemcJrkSr7abUQCa7mLowgj3x9EC"
raydium-amm,WSOL-TEMPT,3.71,3.71,0,,30cf9ed3-2ce1-4e01-bba5-c3bb9da0a4b0,0,-3.49,0,False,1.26,12501,"So11111111111111111111111111111111111111112, Gzat1rLZr6H5LacXAohUSM8fc7dbQTHBBJyk8Rcepump"
orca-dex,W-JITOSOL,0,0,0,,bc4acd8c-471f-4e53-979d-d28bf7b8fe1b,0,0,-1e-05,False,0,12497,"85VBFQZC9TZkfaptBWjvUw7YbZjy52A6mjtPGjstQAmQ, J1toso1uCk3RLmjorhTtrVwY9HJ7X8V9yYac6Y7kGCPn"
raydium-amm,WSOL-ANSEM,8.81,8.81,0,,111e6511-ceab-4dd2-bcf5-90a4cc022c4b,-0.61,1.59,0,False,10.11,12482,"So11111111111111111111111111111111111111112, F23GvgK5TvSA78FmibZot7gtU3yfAiPb4BkD4RrZc18B"
raydium-amm,WSOL-PAGER,6.26,6.26,0,,a2690a41-f2f9-4846-b105-93858fbeb164,0,0,0,False,0.89,12394,"So11111111111111111111111111111111111111112, DWbyc3cCWZ7y5SVvXpCmYrwAzBYLBX546AhEdQbEpump"
raydium-amm,WSOL-AVA,3.86,3.86,0,,8a29f4bd-9141-4c87-89b3-e45618137519,0,0,0,False,0.57,12393,"So11111111111111111111111111111111111111112, H1vAwYTZkL2Bq8tpS5DhC4pPJjhMLviH2ScGjuePpump"
raydium-amm,WSOL-ARIES,3.6,3.6,0,,d6faa90a-55d0-4262-8f4e-63b0c118c47a,0,0,0,False,0.84,12378,"So11111111111111111111111111111111111111112, GhFiFrExPY3proVF96oth1gESWA5QPQzdtb8cy8b1YZv"
orca-dex,CHEX-USDC,27.67315,27.67315,0,,c70326cf-09ae-4fd1-8f9a-0f172affbee5,27.66494,-56.63729,0,False,22.46551,12349,"6dKCoWjpj5MFU5gWDEFdpUUeBasBLK3wLEwhUzQPAa1e, EPjFWdd5AufqSSqeM2qN1xzybapC8G4wEGGkZwyTDt1v"
raydium-amm,NUSD-USDC,0.14,0.14,0,,a302abc5-cfcd-5793-9f9f-2be01b8ff953,0,-0.04,0,True,0.11,12337,"711P4haqL2hzDA1KrfWST5QFdigDRymQoLxDGfMGqcDx, EPjFWdd5AufqSSqeM2qN1xzybapC8G4wEGGkZwyTDt1v"
raydium-amm,WSOL-ROKO,3.96,3.96,0,,7795a517-7f1f-49fd-aa20-772d2b14a1f5,0,0,0,False,0.48,12329,"So11111111111111111111111111111111111111112, 41revsxLUZnoiUQoMT9eBVCzi4cs8Xbs48rp53gcpump"
raydium-amm,WSOL-HIGHER,3.79,3.79,0,,ebb8e048-6eb7-4e9c-aa90-b03ec5b4f312,-7.59,0,0,False,0.97,12324,"So11111111111111111111111111111111111111112, 5KCGJJpRMtbydUDTAoc5MoRPnqmJNNDaFwvBDdSG6daC"
raydium-amm,QUBIC-WSOL,9.5,9.5,0,,026a6532-b17f-41fe-b330-0c7ef7ce8be2,-2.83,0,0,False,2.3,12312,"HC4aMnEqwMQRfnGeKnVBCbfnRedBViHPBCS8Luv2xEhx, So11111111111111111111111111111111111111112"
orca-dex,JWT-USDT,188.4231,188.4231,0,,32f66400-d205-498f-a369-aaa369041d8b,112.08039,-124.32487,0,False,141.91428,12297,"JWmDeJQwXBmTinz7EQVmMMBpjXNU3yHTEQY7Bhy9UD4, Es9vMFrzaCERmJfrF4H2FYD4KCoNkY11McCe8BenwNYB"
raydium-amm,WSOL-ME,3,3,0,,c53023c5-5d4c-4e16-8b28-d7c761bf2365,0,-0.27,0,False,0.42,12296,"So11111111111111111111111111111111111111112, 4Y47LEufvcSSSbTFojcvW4Y6x2KZXrqG2urNBSvHpump"
orca-dex,ETN-USDC,0.00238,0.00238,0,,a8eecbcd-98c0-49ae-ad7a-3373e07de725,0.00238,0,0.00238,False,0.00034,12272,"EPQQGAfUczDACDxnyCy1AHh7aDFqcCubyKqAQxvUpS1i, EPjFWdd5AufqSSqeM2qN1xzybapC8G4wEGGkZwyTDt1v"
raydium-amm,WSOL-HOODRAT,179.24,179.24,0,,b5bcdc5e-57da-5ff9-b1ee-6fc5f99d5410,0,0,0,False,21.84,12247,"So11111111111111111111111111111111111111112, BcNhUcS8puu8mGbbD4Ka35Yu6Y7KsiKwxQv7XTLPiray"
raydium-amm,WSOL-TAURUS,3.59,3.59,0,,a79bbfd8-12bb-4168-96c0-fbab3bc15473,0,0,0,False,0.95,12236,"So11111111111111111111111111111111111111112, EjkkxYpfSwS6TAtKKuiJuNMMngYvumc1t1v9ZX1WJKMp"
raydium-amm,WLKN-USDC,3.97,3.97,0,,a88927b6-158e-42f3-93d7-6ca322489465,0,0,0,False,1.46,12234,"EcQCUYv57C4V6RoPxkVUiDwtX1SP8y8FP5AEToYL8Az, EPjFWdd5AufqSSqeM2qN1xzybapC8G4wEGGkZwyTDt1v"
raydium-amm,WSOL-CAPRICORN,3.73,3.73,0,,b25b243c-4b44-4dff-baa3-2431014d765f,0,0,0,False,1.11,12226,"So11111111111111111111111111111111111111112, 3C2SN1FjzE9MiLFFVRp7Jhkp8Gjwpk29S2TCSJ2jkHn2"
raydium-amm,WSOL-ᓚᘏᗢ,6.89,6.89,0,,590eff6f-de51-4b4c-bd8a-bc7e8d4cacdc,2.12,2.78,0,False,2.41,12226,"So11111111111111111111111111111111111111112, G4LmC6jvoBtRavmC4FLtawM3kPcsLxpK3FPZ8Avepump"
orca-dex,USDC-FTRX,0.3084,0.3084,0,,16f03216-5fa3-493f-bd26-5a5b039e0dbc,0.3084,0.3084,0,False,0.04406,12194,"EPjFWdd5AufqSSqeM2qN1xzybapC8G4wEGGkZwyTDt1v, FTRXzsBabF1eYux54KbZxAN27W7o5AquN21wNLjKzJpr"
raydium-amm,WSOL-URKO,0.31,0.31,0,,c15f1b43-57ef-4390-b065-ad9d6aebae05,0,0,-0.75,False,0.16,12190,"So11111111111111111111111111111111111111112, AXGmqhcKcPC4bC7vNpxGtu5oEwoEEnyeQUdw9YwYWF1q"
orca-dex,USDC-BARD,0.00239,0.00239,0,,2ccc32ac-1adb-4e67-8b47-ba1f0dca16a3,0.00239,0,0.00239,False,0.00034,12186,"EPjFWdd5AufqSSqeM2qN1xzybapC8G4wEGGkZwyTDt1v, HMWJJjPL1CixcScQF61XKfXGHTgSrHN9LQxtLYJEHcXR"
orca-dex,SOL-AURA,1.44232,1.44232,0,,ee48e6f6-830a-418a-b37f-9d821ab35ad4,0.88101,-2.63465,-9.14115,False,1.72981,12185,"So11111111111111111111111111111111111111112, DtR4D9FtVoTX2569gaL837ZgrB6wNjj6tkmnX9Rdk9B2"
raydium-amm,CBBTC-BLOCKY,71.82,71.82,0,,9d03970a-8867-4dad-8b0a-608cf2daaf29,0,0,0,False,16.86,12179,"cbbtcf3aa214zXHbiAZQwf4122FBYbraNdFqgw4iMij, 9TwGzR67b7pVjhiDZyHoYk5ynYGLaCG3hezKXK6642US"
raydium-amm,WSOL-GARY,3.82,3.82,0,,5bf085c3-04b2-47e0-8398-440bc9441645,0,0,0,False,0.34,12174,"So11111111111111111111111111111111111111112, GKFybgxAEXJgZyDvy3MoQtmFBic8QneMhkbRC4M7pump"
raydium-amm,WSOL-VIRGO,2.82,2.82,0,,0fdedd36-dd02-43e1-8cb5-cc7dadd8cae4,0,0,0,False,1.76,12164,"So11111111111111111111111111111111111111112, Ez4bst5qu5uqX3AntYWUdafw9XvtFeJ3gugytKKbSJso"
raydium-amm,WSOL-PISCES,2.79,2.79,0,,00fff406-0b1c-4a92-ac67-9508ac3a9f56,0,0,0,False,1.25,12123,"So11111111111111111111111111111111111111112, 3JsSsmGzjWDNe9XCw2L9vznC5JU9wSqQeB6ns5pAkPeE"
raydium-amm,WSOL-BTC,4.76,4.76,0,,e64180e9-71d5-4c20-a25c-1c2ad19a7c4b,0,0,0,False,2.27,12116,"So11111111111111111111111111111111111111112, 6vpvPP3gcpEsxRc69J7j4ryUcFdQYpqPG34usDWMpump"
raydium-amm,NVDAX-IDLE,59.94,59.94,0,,db117998-8a17-4ed0-ae68-00d4e2d35665,-31.48,25,4.67,False,59.25,12108,"Xsc9qvGR1efVDFGLrVsmkzv3qi45LTBjeUKSPmx9qEh, BjcRmwm8e25RgjkyaFE56fc7bxRgGPw96JUkXRJFEroT"
orca-dex,SOL-UPT,0.70027,0.70027,0,,5616ba38-d774-4373-9970-f8c8604cc30f,-112.87039,0.70027,-9.02978,False,17.66021,12088,"So11111111111111111111111111111111111111112, UPTx1d24aBWuRgwxVnFmX4gNraj3QGFzL3QqBgxtWQG"
gmtrade,WSOL-USDC,0.73363,0.73363,0,,b5801432-6612-410e-b72d-b0c41eb3743e,0.52804,0.6621,0,False,0,12012,"So11111111111111111111111111111111111111112, EPjFWdd5AufqSSqeM2qN1xzybapC8G4wEGGkZwyTDt1v"
orca-dex,USDC-RUNE,0,0,0,,fbb24d24-13e6-5b21-90ba-ae781b83b068,0,-0.00184,0,False,1.33795,12006,"EPjFWdd5AufqSSqeM2qN1xzybapC8G4wEGGkZwyTDt1v, Gr1XkqpXK9n9jYeFY9Z7Hsodf8os5J6Saz54X5nHwu74"
orca-dex,CRCLX-USDC,0.49363,0.49363,0,,f63e1cc5-3254-4ab0-8bd4-5acca59959a8,-2.09041,-0.74825,-6.94131,False,24.79092,12005,"XsueG8BtpquVJX9LVLLEGuViXUungE6WmK5YZ3p3bd1, EPjFWdd5AufqSSqeM2qN1xzybapC8G4wEGGkZwyTDt1v"
orca-dex,MMT-USDC,0.00243,0.00243,0,,e6776acf-ad4c-40b0-b112-926447ca7ae9,0.00243,0.00243,0.00243,False,0.00035,11999,"7Dn8NA4FELyxGUeYiUiL7hiZVMphxJETC1tdX1kPDbxt, EPjFWdd5AufqSSqeM2qN1xzybapC8G4wEGGkZwyTDt1v"
orca-dex,UAI-USDC,0,0,0,,36c9c85c-e5e1-4094-93fb-ad6fddd6a984,0,-0.00243,0,False,0.00035,11999,"6PhzYzMYjR1o8FLpufCRUe657xDztNNWAmUiWeRG4RnY, EPjFWdd5AufqSSqeM2qN1xzybapC8G4wEGGkZwyTDt1v"
orca-dex,USDT-TRC0-USDC,0,0,0,,6570387d-9135-4a74-a87b-b40732f75e8d,0,0,0,False,0.0004,11999,"Do8rF9Pa2q6oQdTFAmoqyDgEEiSqAAaJc9F3HNjdytju, EPjFWdd5AufqSSqeM2qN1xzybapC8G4wEGGkZwyTDt1v"
orca-dex,USDC-TRUST,0,0,0,,4c0fa193-1d7e-4cb7-ba21-4bcf3d8820d2,0,0,0,False,0.00035,11999,"EPjFWdd5AufqSSqeM2qN1xzybapC8G4wEGGkZwyTDt1v, Eaq8xTwAzUAqxnEraP5NsFncgrMgoMFfsefbNLs1WnC9"
raydium-amm,BILL-USDC,46.57,46.57,0,,4ae3bb82-2abf-4511-b642-758789071c3c,0,0,0,False,27.88,11948,"BFp3xwBK6YS7CtV2BhFZRm5kHp8YbQzyhnhh9b7As9Uf, EPjFWdd5AufqSSqeM2qN1xzybapC8G4wEGGkZwyTDt1v"
orca-dex,AR-USDC,0,0,0,,6bf06103-f052-44be-9a91-3312c6849009,0,0,0,False,0.00035,11946,"9U3zUm8bZksYSjTCEkyJmeJPFVHZycqGCDe5kcK7gVgE, EPjFWdd5AufqSSqeM2qN1xzybapC8G4wEGGkZwyTDt1v"
orca-dex,VET-USDC,0,0,0,,b2f40995-47a1-42e4-aec1-33d51bb73a36,0,0,0,False,0.00035,11911,"C1G7Gfh8YozoWkssJVLtEYoHgkvv2RPAnBFXJyhB24cf, EPjFWdd5AufqSSqeM2qN1xzybapC8G4wEGGkZwyTDt1v"
orca-dex,QNT-USDC,0,0,0,,0bb36106-ece9-48bb-838c-1072494b9864,0,0,0,False,0.00341,11911,"1zrVgRer67MUFY6iBkzdCiWYivL3DDqpV2mVobVBAR7, EPjFWdd5AufqSSqeM2qN1xzybapC8G4wEGGkZwyTDt1v"
orca-dex,DCR-USDC,0,0,0,,2cbc8e93-01bc-44d0-b251-f21cff73922f,0,0,0,False,0.00035,11900,"8qEC8FbHU7wWsDcJg71x2ybWNomwX4d3U5eFc9aAr5aG, EPjFWdd5AufqSSqeM2qN1xzybapC8G4wEGGkZwyTDt1v"
orca-dex,IOTA-USDC,0,0,0,,3f2cab83-db5d-4bcd-9554-689f02a309f8,0,0,0,False,0.00035,11900,"4YGaDfPrH4WFXH9K67HPsAw1tpKUcyfVEA4i9bbimEVk, EPjFWdd5AufqSSqeM2qN1xzybapC8G4wEGGkZwyTDt1v"
orca-dex,USDC-ALCX,0,0,0,,d2b8d04c-022d-424c-bd31-49afa9173b72,0,-0.00184,0,False,0.00044,11899,"EPjFWdd5AufqSSqeM2qN1xzybapC8G4wEGGkZwyTDt1v, HZmJPuFpoJWmpC2N3BmYAJa2jMbWShDA7x4LuX7LR1KE"
orca-dex,ETC-USDC,0,0,0,,14e76b56-d5a4-4ad5-bcd5-b61a7f7b3aa6,0,0,0,False,0.00035,11899,"AsNyDaNcLmWa1kbcc3TLeEPc8bVxnF26QVzgQDuUYK9o, EPjFWdd5AufqSSqeM2qN1xzybapC8G4wEGGkZwyTDt1v"
orca-dex,OG-USDC,0,0,0,,0894a773-84ef-4f1b-9429-d394575cb00b,0,0,0,False,0.00035,11899,"22oFVJsXnpK55Mrihb3VVduPLkRQDRGfkMR12PW4uRmm, EPjFWdd5AufqSSqeM2qN1xzybapC8G4wEGGkZwyTDt1v"
orca-dex,ICP-USDC,0,0,0,,00e32944-6bb4-45d9-a5cc-eca1de7f38b2,0,0,0,False,0.00035,11899,"hHEQAEwW6RujZjHaZkshYGRfXQZ3Kzm1scXCWANHuYu, EPjFWdd5AufqSSqeM2qN1xzybapC8G4wEGGkZwyTDt1v"
orca-dex,DASH-USDC,0,0,0,,0c20d949-6afc-4709-bf57-38df04ea6f6a,0,0,0,False,0.00035,11899,"CrMb6ZzLRGS1kjyTZ3NnuBjs4uM9U7UWfVryEqrXjUMo, EPjFWdd5AufqSSqeM2qN1xzybapC8G4wEGGkZwyTDt1v"
orca-dex,USDC-MNT,0,0,0,,2f3648d9-c961-4287-a041-009fe9828041,0,0,0,False,0.00035,11899,"EPjFWdd5AufqSSqeM2qN1xzybapC8G4wEGGkZwyTDt1v, GRBAtQXLE8HqZXGmr7Tu6jUQYoD26s69U1bSwmY8JUjg"
orca-dex,ACT-USDC,0,0,0,,ccb5ae13-36be-40d6-a833-7fdf2f9eea36,0,0,0,False,0.00035,11899,"CHKFJ5SQuqaheK6dZQUv5643U2tykw7J5MjXHkwGpKi3, EPjFWdd5AufqSSqeM2qN1xzybapC8G4wEGGkZwyTDt1v"
raydium-amm,UNHX-USDC,15.56,15.56,0,,5b3d35b4-6dcf-48a0-94ab-22672fb27ac2,0,-1.35,0,False,5.91,11892,"XszvaiXGPwvk2nwb3o9C1CX4K6zH8sez11E6uyup6fe, EPjFWdd5AufqSSqeM2qN1xzybapC8G4wEGGkZwyTDt1v"
raydium-amm,XOMX-USDC,18.36,18.36,0,,17bea012-f21f-4861-8c26-26702116f0de,0,-29.04,0,False,15.34,11873,"XsaHND8sHyfMfsWPj6kSdd5VwvCayZvjYgKmmcNL5qh, EPjFWdd5AufqSSqeM2qN1xzybapC8G4wEGGkZwyTDt1v"
raydium-amm,WSOL-MINION,4.07,4.07,0,,fc7301a6-4085-4366-84c0-a366294e66ce,0,0,0,False,0.42,11853,"So11111111111111111111111111111111111111112, DqWf9DDK6H5c7KmEHkNJxnzNPSM6mzxonZJjK6yxpump"
raydium-amm,WSOL-CATF,4.67,4.67,0,,61a9dc6b-d247-48db-bf53-327d115c76ff,0,0,0,False,3,11839,"So11111111111111111111111111111111111111112, 7uCHQdxAz2ojRgEpXRHas1nJAeTTo9b7JWNgpXXi9D9p"
raydium-amm,WSOL-SOMETHING,3.81,3.81,0,,462aaaae-07d1-432d-8350-1de239e799b4,-8.47,0,-3.31,False,27.26,11824,"So11111111111111111111111111111111111111112, B7fSNEaHpnDsRoe3LUjwgLvejbZogq1f6puM4XKPpump"
orca-dex,AURA-COINOMI,4.22866,4.22866,0,,67936a06-4ed8-4e73-88cb-dead4412aff3,2.87681,-8.61446,-9.92347,False,4.75126,11812,"DtR4D9FtVoTX2569gaL837ZgrB6wNjj6tkmnX9Rdk9B2, EHmZM5QD7NFpu6hm3o8yYSA6EhYYunHL21fzN2ucpump"
raydium-amm,UNI-USDC,10.72,10.72,0,,a303bcf6-b774-420a-8955-196a237cd2a9,4.53,0,-74.9,False,2.74,11782,"8FU95xFJhUUkyyCLU13HSzDLs7oC4QZdXQHL6SCeab36, EPjFWdd5AufqSSqeM2qN1xzybapC8G4wEGGkZwyTDt1v"
raydium-amm,WSOL-CATH,44.69,44.69,0,,536cbafd-bc6a-4e51-85e8-adf51f2e55e9,0,0,0,False,12.08,11768,"So11111111111111111111111111111111111111112, 8Mfgv1WWmyH1Uera1t5BqMpkAk9Z9jwbJZ9x63b4FWcd"
raydium-amm,WSOL-BTRUMP,2.85,2.85,0,,39918fc3-70a2-4a17-83c3-12a2a8947b9e,0,0,0,False,0.33,11764,"So11111111111111111111111111111111111111112, caer1UmwhRsfFk5huGYkXcFmiL2tj4cyT7YjVxUpump"
raydium-amm,WSOL-XYL,3.74,3.74,0,,26cf10c9-2aff-4813-8c43-e8b84271eedc,0,0,0,False,0.75,11761,"So11111111111111111111111111111111111111112, HpaQrjNchuJWYokjpSy2qFHCV8EwDBoYPArazFPp1SQu"
raydium-amm,WSOL-$RSTAR,3.55,3.55,0,,c2e55d4a-5eb8-40a0-98b0-9e8bcb524fba,-3.33,0,-57.73,False,0.67,11751,"So11111111111111111111111111111111111111112, AL7qfUgAKPoUYKSUQqC4n1s6R5Aeo3ZPL5BeSmRK762S"
project-0,PYUSD,5.40111,5.40111,0,,2467d092-aeb9-4e9e-b0e7-01d8733a890e,-0.00011,0,2.69918,True,0,11750,2b1kV6DkPAnxd5ixfnxCpjxmKwqjjaYmCZfHsFu24GXo
raydium-amm,WSOL-,3.1,3.1,0,,18f741da-7107-4381-b3af-007ffc459553,-17.74,-8.09,0,False,12.79,11732,"So11111111111111111111111111111111111111112, Hg8bKz4mvs8KNj9zew1cEF9tDw1x2GViB4RFZjVEmfrD"
raydium-amm,WSOL-ALETHEIA,3.33,3.33,0,,16d12ba6-b1aa-4e0e-be13-d860c1bd3798,0,0,0,False,0.75,11730,"So11111111111111111111111111111111111111112, 6Xx8p2WmY1Uk2GD35uxhEyuniNrVEeSu3CUThb8Upump"
orca-dex,ZBCN-DFN,36.4197,36.4197,0,,192e12d1-db0f-53be-8c0b-42e8d436cdfb,0,4.4341,0,False,14.51657,11727,"ZBCNpuD7YMXzTHB2fhGkGi78MNsHGLRXUhRewNRm9RU, 8ZZanFyAvTnHu7tarkmpSQ7koAjf5XWfhKs49FjZCSNm"
kamino-lend,USDS,11.22816,11.22816,0,,0f55017f-2e54-4c6a-b271-7b31d663f466,3.03687,5.08019,4.87285,True,0,11688,USDSwr9ApdHk5bvJKMjzff41FfuX8bSxdKcR81vTwcA
raydium-amm,WSOL-CHILLCOCK,3.74,3.74,0,,cf280e54-076d-4f96-8893-b5995411206f,0,0,0,False,0.94,11686,"So11111111111111111111111111111111111111112, H4ABBw9TVACzPyYF4y7Niy5V7GdnCaZ1AwsL4x24pump"
orca-dex,SOL-STSOL,0.01259,0.01259,0,,e849ccce-a89d-4ffc-a2ad-67e3c7c6221b,-0.03698,0.0045,-0.07645,False,0.01561,11659,"So11111111111111111111111111111111111111112, 7dHbWXmci3dT8UFYWYZweBLXgycu7Y3iL6trKn1Y7ARj"
raydium-amm,WSOL-CREATE,3.97,3.97,0,,f2ff3da7-1f79-4598-a2e3-a9fd47621a68,0,0,0,False,10.89,11639,"So11111111111111111111111111111111111111112, 92crE7qiX5T7VtiXhCeagfo1E81UtyguiXM7qCi7pump"
orca-dex,DUCK-USDC,0,0,0,,0a1a060c-62e4-5082-b6be-9591731a94ff,0,0,0,False,1.38281,11634,"7wCT5CB4nBraqcKdSADDyQHM1fa7PVoPRk7PxXxMi2E1, EPjFWdd5AufqSSqeM2qN1xzybapC8G4wEGGkZwyTDt1v"
orca-dex,WBTC-JITOSOL,10.12967,10.12967,0,,d490b981-8aef-4bbf-b3c6-d3958236df2c,1.06073,2.34662,-45.42131,False,12.65207,11614,"3NZ9JMVBmGAqocybic2c7LQCJScmgsAZ6vQqTDzcqmJh, J1toso1uCk3RLmjorhTtrVwY9HJ7X8V9yYac6Y7kGCPn"
orca-dex,SGDD-USDT,0.06966,0.06966,0,,14a5065d-91b6-5320-89db-3bc83514ca9f,0.06966,0.06341,0,False,0.00995,11610,"4FdNvLcJaKUchVvuETdShEqLbdbpkPFjMULRN3Q7Ebxk, Es9vMFrzaCERmJfrF4H2FYD4KCoNkY11McCe8BenwNYB"
save,USDT,0.13,0.13,0,,dadb0a92-3c79-433d-ab8b-6dab0fd46d7d,0,0,-0.13,True,0,11601,Es9vMFrzaCERmJfrF4H2FYD4KCoNkY11McCe8BenwNYB
orca-dex,HNT-PYTH,31.86135,31.86135,0,,320f95b7-694b-4d56-ace2-b1b07feb6530,7.89207,1.78403,-61.35894,False,78.37789,11592,"hntyVP6YFm1Hg25TN9WGLqM12b8TQmcknKrdu1oxWux, HZ1JovNiVvGrGNiiYvEozEVgZ58xaU3RKwX8eACQBCt3"
orca-dex,MET-USDC,25.13392,25.13392,0,,171a652c-86e6-45d7-9364-15a8e9178629,-4.32016,13.17546,-14.22044,False,31.47262,11589,"METvsvVRapdj9cFLzq4Tr43xK4tAjQfwX76z3n6mWQL, EPjFWdd5AufqSSqeM2qN1xzybapC8G4wEGGkZwyTDt1v"
orca-dex,GEOD-DFN,20.95933,20.95933,0,,cc817b74-7b44-5bcb-8e36-c68c02f889ee,0,0,0,False,6.67347,11584,"7JA5eZdCzztSfQbJvS8aVVxMFfd81Rs9VvwnocV1mKHu, 8ZZanFyAvTnHu7tarkmpSQ7koAjf5XWfhKs49FjZCSNm"
orca-dex,HYPE-ZEC,32.4514,32.4514,0,,e677f21e-a923-418a-8312-15661581afe7,-48.99211,0,0,False,71.75914,11568,"98sMhvDwXj1RQi5c5Mndm3vPe9cBqPrbLaufMXFNMh5g, A7bdiYdS5GjqGFtxf17ppRHtDKPkkRqbKtR27dxvQXaS"
orca-dex,USBD-USDT,0.27669,0.27669,0,,7d578e2a-7bfc-5d7a-8125-ce154bc0b39d,0,0,0,False,0.03953,11539,"5wexczLHpnukVuXimU7DfujxpMKQrGBr8B3H6Mwwvd6R, Es9vMFrzaCERmJfrF4H2FYD4KCoNkY11McCe8BenwNYB"
orca-dex,MON-USDC,1.14873,1.14873,0,,22fdcc07-c39c-47f0-853e-7c0b35670aa6,-0.50905,-10.38691,-2.36432,False,2.85041,11520,"CrAr4RRJMBVwRsZtT62pEhfA9H5utymC2mVx8e7FreP2, EPjFWdd5AufqSSqeM2qN1xzybapC8G4wEGGkZwyTDt1v"
raydium-amm,WSOL-SUMMER,3.85,3.85,0,,d361a627-a035-46eb-b485-98b36c7242e3,0,0,-3.58,False,1.6,11490,"So11111111111111111111111111111111111111112, 6BQjp7nPMZNkstxdw2UFH1gf76cGmNuR3bTmSbgxpump"
raydium-amm,USD1-BIGOTE,52.14,52.14,0,,ec162eb9-acac-431a-a0c8-aedd191d1df5,48.23,0,0,False,5.19,11490,"USD1ttGY1N17NEEHLmELoaybftRBUSErhqYiQzvEmuB, BQnCaLEWcKqbADkaXcRoFw44aseSbVVUqkXuKvsjbonk"
save,SOL,0.18,0.18,0,,db9dbef8-092c-42d4-8b0d-8febbfe3ac36,0,0,0,False,0,11490,So11111111111111111111111111111111111111112
orca-dex,SOL-CHONK,0.0047,0.0047,0,,44c9b222-cf24-4325-ab56-cf302b4b8008,0.00027,-0.23263,0.0047,False,0.00924,11448,"So11111111111111111111111111111111111111112, E1zA94mNEega7HS7stsZayjoRjHo3rYtZnJWZ9Tm53ji"
raydium-amm,WSOL-HOG,5.18,5.18,0,,cc3373b6-d636-410d-9a8f-482a4729c826,-4.66,0,0,False,2.61,11430,"So11111111111111111111111111111111111111112, iCZNUiXpcKPXVdFG9XVSzrn5JpwuUiRv1LYdJdzpump"
orca-dex,HYPE-LIT,23.07395,23.07395,0,,daa8ceae-78ff-454c-8b50-f998fd43743b,-1.91701,0,-425.23572,False,422.57557,11428,"98sMhvDwXj1RQi5c5Mndm3vPe9cBqPrbLaufMXFNMh5g, EicWvteVi2fWepEzS3FYWsnuPoP6caZfjnKqNvydLjCH"
raydium-amm,JITOSOL-SPX,3.99,3.99,0,,717ad3c4-33da-41fe-b409-6093751b0516,0,0.36,-6.11,False,2.73,11425,"J1toso1uCk3RLmjorhTtrVwY9HJ7X8V9yYac6Y7kGCPn, J3NKxxXZcnNiMjKw9hYb2K4LUxgwB6t1FtPtQVsv3KFr"
orca-dex,SOL-TROLL,0.59856,0.59856,0,,778dc062-0a90-4dfa-8ed1-53e3842d1b95,-0.51441,0.06492,-32.30985,False,1.00395,11413,"So11111111111111111111111111111111111111112, 5UUH9RTDiSpq6HKS6bp4NdU9PNJpXRXuiw6ShBTBhgH2"
raydium-amm,TAB-WSOL,3.41,3.41,0,,fde867be-84d6-5393-a4d8-6f7d2b682dbe,0,-23.81,0,False,2.2,11393,"CqMLnuQ8bVSiak5crmhA3PCrwwtKi7R5VzcxJDKArfYN, So11111111111111111111111111111111111111112"
orca-dex,USDT-OKUU,0,0,0,,882d000b-7050-5576-891d-3c824ac0edee,0,0,0,False,0.15469,11390,"Es9vMFrzaCERmJfrF4H2FYD4KCoNkY11McCe8BenwNYB, H6nLBU7hmE75xkjg57J8YC1jvaH39quTdtFt3bspppNj"
raydium-amm,SW-WSOL,4.12,4.12,0,,84c44929-3be9-44a7-a279-2b518af195ef,0,0,0,False,0.96,11384,"HqJEAHN1BhJUqYf37SU5rDounfe49129NqJrRBP6LKQJ, So11111111111111111111111111111111111111112"
raydium-amm,USDC-HYPE,53.45,53.45,0,,95f48f09-7cfe-436f-8615-c6ad459ea891,0,0,0,False,29.04,11376,"EPjFWdd5AufqSSqeM2qN1xzybapC8G4wEGGkZwyTDt1v, HvhPe8zF6TKrdaifZiKBqpsZm73z3ZCKjeZbTmiXH9jc"
raydium-amm,SPACE-USDC,41.51,41.51,0,,8fe22a96-595c-4fca-96bb-f61832f80409,0,0,0,False,28.69,11370,"9V91UHNw1yWXWdHuuzbT17RC8KycsGdt88eybd3ifQgw, EPjFWdd5AufqSSqeM2qN1xzybapC8G4wEGGkZwyTDt1v"
raydium-amm,SAOS-USDC,49.36,49.36,0,,7e17fe4d-7525-446f-bbc4-32163a7ddb2c,0,0,0,False,28.79,11367,"3oj3YDaMipep6Rmo1mkbLeU9JNvsMdcHc2rtyXsjTRnn, EPjFWdd5AufqSSqeM2qN1xzybapC8G4wEGGkZwyTDt1v"
raydium-amm,ADA-USDC,44.93,44.93,0,,952db3f7-7712-4de8-8c6c-0732f0528576,0,0,0,False,27.82,11366,"ADAHwfk5fxNmXcYkzmGmjB1zd8ozfg5YbkNZ4VYXivYC, EPjFWdd5AufqSSqeM2qN1xzybapC8G4wEGGkZwyTDt1v"
raydium-amm,USDC-ERC20-USDC,41.71,41.71,0,,985a9991-0700-4057-a8c9-2cb8a9c1a949,0,0,0,False,28.14,11361,"USLFuRVcNUGfFhAJDe87PjSvojaR1dU4DSNDAZ3rvAV, EPjFWdd5AufqSSqeM2qN1xzybapC8G4wEGGkZwyTDt1v"
raydium-amm,USA-USDC,54.16,54.16,0,,ede23a3f-9d00-47c9-acbe-70249a345834,0,0,0,False,29.19,11360,"6kPFXHHiRnVjooLU4mkLFUBC9GP4KcNuKtiWPSdm7bSR, EPjFWdd5AufqSSqeM2qN1xzybapC8G4wEGGkZwyTDt1v"
raydium-amm,USDC-PULSE,4.2,4.2,0,,112f211b-95c1-53a9-befa-895257f50fd1,0,0,0,False,1.37,11356,"EPjFWdd5AufqSSqeM2qN1xzybapC8G4wEGGkZwyTDt1v, HLA4zn8GH3E3t5tNXFAe3mHQEUoL7AeCdY2NUZAtj4f3"
orca-dex,JTO-DFN,46.33189,46.33189,0,,5bfae42a-d2c4-556c-85c8-08ca8ca6130d,0,-39.3195,0,False,33.08823,11352,"jtojtomepa8beP8AuQc6eXt5FriJwfFMwQx2v2f9mCL, 8ZZanFyAvTnHu7tarkmpSQ7koAjf5XWfhKs49FjZCSNm"
raydium-amm,USDC-DOGE,51.84,51.84,0,,b11206dd-584f-48d5-a4a1-df218d42f1c6,0,0,0,False,28.01,11350,"EPjFWdd5AufqSSqeM2qN1xzybapC8G4wEGGkZwyTDt1v, FhAAYqBPwnJ5CQrNxzMMkgDMaYRArjy943kq4hC1orQ4"
raydium-amm,LTC-USDC,54.09,54.09,0,,f6f88318-65a2-475a-bb1c-5e19b47e34c0,0,0,0,False,28.8,11348,"LTCVVbQwRSku6ZARYukrwpJFe4dH6RAXqc6BpFKj1r9, EPjFWdd5AufqSSqeM2qN1xzybapC8G4wEGGkZwyTDt1v"
raydium-amm,XLM-USDC,44.75,44.75,0,,438027ba-f570-46e2-9a1a-111d175e03d4,0,0,0,False,28.01,11346,"B31CvEVBUwunAu9y5XfRDPcY1kUC6DYgoSoBhFTV2puf, EPjFWdd5AufqSSqeM2qN1xzybapC8G4wEGGkZwyTDt1v"
raydium-amm,SOL-USD1-USDC,48.58,48.58,0,,9c360824-5e17-4971-9cd6-e327e6676561,0,0,0,False,28.78,11342,"4WakmyVKNV4xXKpVbzf377e1wudMuWbvYXMhdWjWLDeS, EPjFWdd5AufqSSqeM2qN1xzybapC8G4wEGGkZwyTDt1v"
raydium-amm,USDC-LAB,41.68,41.68,0,,636b21f1-62c3-4ea0-9f9c-5d4ed07e1e56,0,0,0,False,28.42,11337,"EPjFWdd5AufqSSqeM2qN1xzybapC8G4wEGGkZwyTDt1v, EZo76NuyEwa2N3sdDcprYodnPvvahbcS8Ur2J1zRjG65"
raydium-amm,ETH-USDC,46.65,46.65,0,,e817e106-a669-40e0-a76d-0a6b221a40af,0,0,0,False,28.62,11336,"2NajSqzLtFhmmc6z65Mmn8h73R3fYgUzJw4vm1KxFa8c, EPjFWdd5AufqSSqeM2qN1xzybapC8G4wEGGkZwyTDt1v"
orca-dex,TRUDY-USDC,0.00098,0.00098,0,,b1e7946b-14b5-50df-b5ad-296e1fa3de45,0,0,0,False,1.41644,11335,"RGZoDKJHps4GfyiD2Y1fpR3LRfY2TdtbU3qg394qhGm, EPjFWdd5AufqSSqeM2qN1xzybapC8G4wEGGkZwyTDt1v"
raydium-amm,XLM-USDC,56.88,56.88,0,,4c37989b-f26a-4d13-87d8-1b50816fc473,0,0,0,False,28.41,11330,"XLMzAj9VHLBoQ8KDSXZU8ThWgHc3qKx9mDEZW1RVmHf, EPjFWdd5AufqSSqeM2qN1xzybapC8G4wEGGkZwyTDt1v"
gmtrade,BTC-WBTC,48.30597,48.30597,0,,02eeb80c-58dc-4857-91b6-bf16865ec5c5,0.11656,0,0,False,0,11315,3NZ9JMVBmGAqocybic2c7LQCJScmgsAZ6vQqTDzcqmJh
orca-dex,USPD-USDT,0,0,0,,eec9de95-a070-54fb-be3d-21b83c175b31,0,0,0,True,0.02761,11288,"9i8mY47sBSwzrUwAmC6E13MUHH47wzr9ir4EiXK2nLGg, Es9vMFrzaCERmJfrF4H2FYD4KCoNkY11McCe8BenwNYB"
orca-dex,XMRᅠ-USDT,0,0,0,,4ae66402-2195-59df-b715-44006ac74141,0,-0.01714,0,False,0.07308,11279,"Dt75TSZ2wsJJT9P2FfjTp3jkDvQGfKd66rXJUcdgtjxn, Es9vMFrzaCERmJfrF4H2FYD4KCoNkY11McCe8BenwNYB"
orca-dex,SOL-HNT,4.60309,4.60309,0,,af10d18b-97f9-49a0-b110-7bb943f650e3,0,2.94703,-1.67746,False,3.75521,11272,"So11111111111111111111111111111111111111112, hntyVP6YFm1Hg25TN9WGLqM12b8TQmcknKrdu1oxWux"
orca-dex,USDT-EUDD,0,0,0,,8544c8c5-9109-55e6-aa9c-62dc7474a605,0,-0.44405,0,False,0,11224,"Es9vMFrzaCERmJfrF4H2FYD4KCoNkY11McCe8BenwNYB, FXPDF2HoShinzDhZSQCFFggyJhsTvjPTDowBpA3t5L67"
raydium-amm,PIPPIN-USDC,44.6,44.6,0,,3f122dcb-58dc-4f05-b0db-0046aa3fd1f0,0,0,0,False,28.22,11223,"pip6GEJJD5HudGw132vJ8ZnbUdH2jbQrVun77yQ3R37, EPjFWdd5AufqSSqeM2qN1xzybapC8G4wEGGkZwyTDt1v"
raydium-amm,LUNC-USDC,43.67,43.67,0,,0b7ce11e-f45b-54e1-b4c5-aaf5a43dee08,0,0,0,False,30.16,11219,"6xtJFxdHJEVDXs17492Rpw9KTqcz7xUy5u72o4YP7cbz, EPjFWdd5AufqSSqeM2qN1xzybapC8G4wEGGkZwyTDt1v"
raydium-amm,USDC-ERC20-USDT,46.69,46.69,0,,55c3b5cf-c85d-4d99-b874-dc88d8838e87,0,0,0,False,28.39,11215,"EPjFWdd5AufqSSqeM2qN1xzybapC8G4wEGGkZwyTDt1v, F3sCvPfmh1oX1mxPCm2gS7ChTJ5F8mWJu1khwYXWem1w"
orca-dex,PUMP-BBC,3.07218,3.07218,0,,4184b828-e8d6-4c7e-b75e-0f469f7f8ed6,-1.45038,0.73436,0,False,9.71774,11215,"pumpCmXqMfrsAkQ5r49WcJnRayYRqmXz6ae8H7H9Dfn, BQ2hgVwRmjAmLgrnBFUBnk6y1HuzZPzQYhChL5c3pump"
raydium-amm,RS-WSOL,4.97,4.97,0,,930ac55b-fc55-48b3-b45b-8536bc154bd7,-7,-1.88,-0.12,False,3.71,11213,"13SAQgT5yMz163pfbNBVNSEs2iU3j5goJJCafa64iqbx, So11111111111111111111111111111111111111112"
orca-dex,USDC-ㅤ,0.34232,0.34232,0,,707cfacc-de13-55be-9cc1-93cfb34f7b3b,0,0,0,False,0.0489,11206,"EPjFWdd5AufqSSqeM2qN1xzybapC8G4wEGGkZwyTDt1v, HdMZ6qXDv8kG56t2LpC53sjQXfkXNiS48FTkbfbEyJdY"
raydium-amm,-USDC,48.62,48.62,0,,fc412c9f-a971-4080-9dae-6d4f5cd3fc46,0,0,0,False,28.58,11197,"SooEj828BSjtgTecBRkqBJ4oquc713yyFZqbCawawoN, EPjFWdd5AufqSSqeM2qN1xzybapC8G4wEGGkZwyTDt1v"
orca-dex,SOL-CRCLX,0,0,0,,210fce5b-cd60-588f-9bc4-752fc4e02a0e,0,0,0,False,0,11194,"So11111111111111111111111111111111111111112, XsueG8BtpquVJX9LVLLEGuViXUungE6WmK5YZ3p3bd1"
orca-dex,GBDP-USDT,8e-05,8e-05,0,,28d53035-3d95-5e49-a73a-cfbcc32ed3d4,0,0,0,False,1e-05,11192,"vmU2iidysUJSRC4uEQZmBjp5MVjg28WNNHD5ZCY8VtM, Es9vMFrzaCERmJfrF4H2FYD4KCoNkY11McCe8BenwNYB"
raydium-amm,WSOL-UNITREE,3.51,3.51,0,,e94a91e4-6e23-4b67-ae70-4aed6fac9a80,0,-0.37,0,False,0.73,11187,"So11111111111111111111111111111111111111112, BpS6vcUYR7SykyEkaksdPqgcy35QWEds76FuUSqTpump"
orca-dex,USDC-SPARKS,0,0,0,,20f34e64-efd8-58a5-a67f-3ea46745f045,-10.06139,0,0,True,1.43733,11186,"EPjFWdd5AufqSSqeM2qN1xzybapC8G4wEGGkZwyTDt1v, Geyrhco68Yzu2Fa3grMx4ASw2pPj714CTbssmBWDdR2X"
raydium-amm,WLD-USDC,47.1,47.1,0,,d2c3b9b1-1afe-425b-a034-7ce88920cabc,0,0,0,False,28.51,11174,"9QFDNLXeb8T5BRJDFi5nd8D684aRQQjBztyURfdva6Fk, EPjFWdd5AufqSSqeM2qN1xzybapC8G4wEGGkZwyTDt1v"
orca-dex,MINI-COINOMI,2.58149,2.58149,0,,dae6b1a0-9ba7-4d77-b58a-33b3654d088c,1.83446,1.69078,-1.47297,False,1.32702,11162,"2JcXacFwt9mVAwBQ5nZkYwCyXQkRcdsYrDXn6hj22SbP, EHmZM5QD7NFpu6hm3o8yYSA6EhYYunHL21fzN2ucpump"
kamino-lend,FDUSD,0.26513,0.26513,0,,17470a30-673d-472f-8a37-afa604b6d718,1e-05,-0.00572,-0.02447,True,0,11146,9zNQRsGLjNKwCUU5Gq5LR8beUCPzQMVMqKAi3SSZh54u
raydium-amm,WSOL-,4.32,4.32,0,,66560973-47e3-4264-80e3-e58a39377519,0,0,0,False,0.74,11144,"So11111111111111111111111111111111111111112, 2xaPstY4XqJ2gUA1mpph3XmvmPZGuTuJ658AeqX3gJ6F"
orca-dex,ZBCN-COINOMI,3.09148,3.09148,0,,d20c3f71-6578-463b-aedf-074d915c1abb,0.17997,-6.73181,-3.96122,False,6.33554,11110,"ZBCNpuD7YMXzTHB2fhGkGi78MNsHGLRXUhRewNRm9RU, EHmZM5QD7NFpu6hm3o8yYSA6EhYYunHL21fzN2ucpump"
orca-dex,SPYX-USDT,1.93578,1.93578,0,,30210a6d-c9a8-4e14-9b4b-298c523faa0b,-2.44483,-2.30342,-36.53738,False,8.8664,11110,"XsoCS1TfEyfFhfvj8EtZ528L3CaKBDBRqRapnBbDF2W, Es9vMFrzaCERmJfrF4H2FYD4KCoNkY11McCe8BenwNYB"
orca-dex,DJED-USDT,0.16369,0.16369,0,,2781a37e-3177-5ced-aef9-a24067424bef,0,0.16369,0,True,0.02432,11086,"3fFu9Vn71NkiFYPQ9DXD2XgTqh8yciKL3TtsxLFZgBn5, Es9vMFrzaCERmJfrF4H2FYD4KCoNkY11McCe8BenwNYB"
orca-dex,SOL-CORGIAI,4.64517,4.64517,0,,8964590c-4940-4820-8190-758259859def,4.34651,2.86694,4.38785,False,2.09837,11067,"So11111111111111111111111111111111111111112, 79F32BvHBE49gPsvypYTGzcpWGvt66mgvenQow3mJjXu"
raydium-amm,ADA-USDC,55.3,55.3,0,,6f3d521a-020d-470d-8560-080e45543e05,0,0,0,False,29.42,11061,"ADAe79XGRnSYePAgoAVupE7rt232f94QyzsTvWp33rmB, EPjFWdd5AufqSSqeM2qN1xzybapC8G4wEGGkZwyTDt1v"
raydium-amm,DOT-USDC,43.5,43.5,0,,c46ae31c-4bdd-464a-9aca-3d462994e862,0,0,0,False,28.77,11058,"8PQwWoXHZZYEZmx6JRvWWz4hzqXGHeJgAbbrgC9RW7SK, EPjFWdd5AufqSSqeM2qN1xzybapC8G4wEGGkZwyTDt1v"
save,USDH,0,0,0,,13e7dd80-4e72-47e9-855e-e8fea224e1df,0,0,0,True,0,11058,USDH1SM1ojwWUga67PGrgFWUHibbjqMvuMaDkRJTgkX
raydium-amm,ENA-USDC,50.63,50.63,0,,0c5a4674-ea20-4dab-b512-37b29f9dc4c4,0,0,0,False,29.06,11057,"ENAJQTrLZnGz7LWv4B7FB5v6e2T1JBvAuBDBkrk46XWj, EPjFWdd5AufqSSqeM2qN1xzybapC8G4wEGGkZwyTDt1v"
orca-dex,USDC-NOPA,10.18969,10.18969,0,,9ee8754f-b3d5-57de-9f9b-5fd3097f25ab,0,0,0,False,1.45567,11055,"EPjFWdd5AufqSSqeM2qN1xzybapC8G4wEGGkZwyTDt1v, FFRVkpj8ZZqZxniTGvEmUSVM9J77U6aXko4jWKiEzo7C"
raydium-amm,WBTC-USDC,1.26,1.26,0,,14ee39e0-df83-4f1c-981a-2d6c4dbda54f,-1.98,-0.28,-4.91,False,1.67,11046,"3NZ9JMVBmGAqocybic2c7LQCJScmgsAZ6vQqTDzcqmJh, EPjFWdd5AufqSSqeM2qN1xzybapC8G4wEGGkZwyTDt1v"
raydium-amm,KMNO-MSOL,6.18,6.18,0,,ba9428d3-38b9-4842-b0f0-9b63d65b199c,-2.9,-5.68,-25.71,False,5.16,11044,"KMNo3nJsBXfcpJTVhZcXLW7RmTwTt4GVFE7suUBo9sS, mSoLzYCxHdYgdzU16g5QSh3i5K3z3KZK7ytfqcJm7So"
raydium-amm,EDEL-USDC,42.58,42.58,0,,ae5f48ac-c185-4729-8292-582b4242e3f7,0,0,0,False,28.75,11036,"Cx29fy44LtxzMyQytDyVGuz2xtzmgKTHBGji4Ygm7TCe, EPjFWdd5AufqSSqeM2qN1xzybapC8G4wEGGkZwyTDt1v"
raydium-amm,XMR-USDC,51.9,51.9,0,,b7385b58-5c87-4aca-ae81-287547659d39,0,0,0,False,29.14,11032,"XMR1RAbG4m4qCjhBdWcKC1xENmPdJwwurTcmvNCnWEn, EPjFWdd5AufqSSqeM2qN1xzybapC8G4wEGGkZwyTDt1v"
raydium-amm,WSOL-SAVIOUR,8.64,8.64,0,,ea514776-9961-4948-a257-451ae524dc60,0,0,0,False,2.25,11030,"So11111111111111111111111111111111111111112, JAqfTRmYJff6RqMyGTGayqPx2cYiGVBdrL3DQMKGbonk"
orca-dex,PIPPIN-COINOMI,3.26894,3.26894,0,,2d68aad5-9bac-43cc-a93e-e6edf935386d,-3.10552,2.43393,-27.32132,False,2.85141,11008,"Dfh5DzRgSvvCFDoYc2ciTkMrbDfRKybA4SoFbPmApump, EHmZM5QD7NFpu6hm3o8yYSA6EhYYunHL21fzN2ucpump"
orca-dex,KMNO-DFN,5.13997,5.13997,0,,8c134008-3436-5428-b5d6-8dfb16e9cb46,0,0,0,False,11.71013,11003,"KMNo3nJsBXfcpJTVhZcXLW7RmTwTt4GVFE7suUBo9sS, 8ZZanFyAvTnHu7tarkmpSQ7koAjf5XWfhKs49FjZCSNm"
raydium-amm,WSOL-SWOGE,25.96,25.96,0,,85158f26-a39f-4e21-b285-5f3db37b0797,9.53,0,0,False,13.98,10992,"So11111111111111111111111111111111111111112, 7R88oQWwoFwMqb2ryrozDMvN3jNnWqrMB3ytKxNybonk"
orca-dex,USDT-MOPH,0.00066,0.00066,0,,57230a4d-1e0b-5276-a012-c74c9bdaa229,0,0,0,False,0.00012,10992,"Es9vMFrzaCERmJfrF4H2FYD4KCoNkY11McCe8BenwNYB, Fc5nEdqhvzx9WV1tm8h68q8KFnDsfGbZLqfWzZ5DZ66a"
orca-dex,TSDE-USDT,0.00348,0.00348,0,,4a52a3d9-621a-5c75-bb91-ec9f867ae7ea,-0.0003,0,0,False,0.0005,10990,"CxUfmbNGbERbosota7gaTRgR39jXqjDR4hzVPBW9JLyL, Es9vMFrzaCERmJfrF4H2FYD4KCoNkY11McCe8BenwNYB"
orca-dex,USDC-PETS,10.29187,10.29187,0,,5031847b-7773-59e2-b9aa-882546f0af34,0,0,0,False,1.47027,10979,"EPjFWdd5AufqSSqeM2qN1xzybapC8G4wEGGkZwyTDt1v, HZfMw5BhRoEE4kxUy4eLCx9WYwzSsCnZjuguqGmst1cZ"
orca-dex,SOL-MPSOL,0,0,0,,18f8bc47-8bc7-416c-81d3-3424429c5079,0,0,0,False,4.36645,10968,"So11111111111111111111111111111111111111112, mPsoLV53uAGXnPJw63W91t2VDqCVZcU5rTh3PWzxnLr"
orca-dex,OKU-USDT,0.13635,0.13635,0,,2710a40f-235e-5aa8-a558-797fe7bac2f4,0,0,0,False,0.02228,10967,"82BJLKEoA9cRUbYUCrduBnn6kiw5LXitPAARXFuKA8Sj, Es9vMFrzaCERmJfrF4H2FYD4KCoNkY11McCe8BenwNYB"
raydium-amm,WSOL-PUTIN,3.31,3.31,0,,c08876f5-4117-4301-b9a3-fc62aaa36b8b,0,0,0,False,0.39,10961,"So11111111111111111111111111111111111111112, 3LXcSxHfESuW6oZ7D1FpjqajsKEACJD6pKJ4xrG7pump"
raydium-amm,WSOL-DOGM,4.15,4.15,0,,fe20992d-4599-495b-bc04-32dab0c4e5a5,0,0,-4.63,False,2.69,10956,"So11111111111111111111111111111111111111112, CENNjjm7cgHsA1d79xxxX3dhKqmeapGRKefbJKgXpump"
project-0,HYPE,1e-05,1e-05,0,,e70ebf1a-5e43-4187-a16e-33a1e138817d,-3e-05,0,1e-05,False,0,10955,98sMhvDwXj1RQi5c5Mndm3vPe9cBqPrbLaufMXFNMh5g
kamino-liquidity,RNDR-USDC,0,0,0,,8bb35d42-b0e4-484e-9e2b-04975eaf3851,0,0,0,False,0,10946,"rndrizKT3MK1iimdxRdWabcF7Zg7AR5T4nud4EkHBof, EPjFWdd5AufqSSqeM2qN1xzybapC8G4wEGGkZwyTDt1v"
raydium-amm,WSOL-XP,3.11,3.11,0,,6d5107c6-2faa-4d9a-9427-c53245525a83,0,0,0,False,0.29,10918,"So11111111111111111111111111111111111111112, 677jK6xujhRFtBcD7Szn32tt2MSv4k6qZ4v3nGMgpump"
raydium-amm,WSOL-$CWIF,15.07,15.07,0,,41d6fe1f-37b0-4ed5-9d5e-55f6a972d4ce,-15.47,0,0,False,6.11,10912,"So11111111111111111111111111111111111111112, 7atgF8KQo4wJrD5ATGX7t1V2zVvykPJbFfNeVf1icFv1"
raydium-amm,WSOL-$MIKU,3.32,3.32,0,,362a1c9f-da56-4a4b-912e-0061878787a4,0,0,0,False,0.98,10911,"So11111111111111111111111111111111111111112, C89bsKbhbJyoY6ssu4m1oX1dwRvJngNc6nV2Q6tBpump"
orca-dex,RAT-USDC,0,0,0,,705e9b0a-77bc-56f9-b48d-c67a875a81db,0,0,0,False,1.4733,10909,"37S4x4Lj51zXpcTXc3MJk9LpZtWhoaX2gw4RMzFSVQL5, EPjFWdd5AufqSSqeM2qN1xzybapC8G4wEGGkZwyTDt1v"
raydium-amm,WSOL-E=MC²,4.69,4.69,0,,33240ae8-a821-45b4-83d9-da9e1f8906ef,0,0,0,False,2.27,10906,"So11111111111111111111111111111111111111112, GhE3jvBtMNLhYyqSxDYYMHWUgQD7RMpEkoqaMmRHpump"
orca-dex,SOL-USDT,0.48374,0.48374,0,,20c8a3b3-063a-460d-8e1c-b93b519250a3,-4.00554,0.19455,0,False,6.11579,10899,"So11111111111111111111111111111111111111112, Es9vMFrzaCERmJfrF4H2FYD4KCoNkY11McCe8BenwNYB"
orca-dex,BAT-USDC,0.02293,0.02293,0,,fddd85b5-56d7-49f6-981c-58547d2b0727,-0.15414,-0.01908,-0.16308,False,0.05657,10883,"EPeUFDgHRxs9xxEPVaL6kfGQvCon7jmAWKVUHuux1Tpz, EPjFWdd5AufqSSqeM2qN1xzybapC8G4wEGGkZwyTDt1v"
raydium-amm,WSOL-PATRIOTX,3.85,3.85,0,,ae2187b7-6599-4ff6-bf55-864e30cd8ff5,-5.15,0,0,False,2.97,10882,"So11111111111111111111111111111111111111112, AxmfsB1bSjCrxaNRToRNpZ1CibivDzFdja75PdNKpump"
raydium-amm,HTXHUOBI-USDT,4.02,4.02,0,,c3b8feb4-c9d4-532c-a7c4-e3be7acf9501,0,0,0,False,0.33,10882,"CxEr8LDkGXzXzNYpcNX6XpwyZxLGXbyWTWzwMGQbzHhp, Es9vMFrzaCERmJfrF4H2FYD4KCoNkY11McCe8BenwNYB"
raydium-amm,WSOL-4547,4.92,4.92,0,,9057b9ac-0396-4b9d-8ab0-d81a32220dd8,0,0,0,False,1.37,10875,"So11111111111111111111111111111111111111112, Pj3sX83x2gsxwwfzhUuszdA8EWcJvkJ4g3k3LCfpump"
raydium-amm,-WSOL,4.31,4.31,0,,fed71709-cd76-4f19-a3ab-7309185c514d,0,0,0,False,1.12,10870,"EJPtJEDogxzDbvM8qvAsqYbLmPj5n1vQeqoAzj9Yfv3q, So11111111111111111111111111111111111111112"
raydium-amm,WSOL-RPEPE,4.75,4.75,0,,01e5b366-d214-47fa-87cc-89beec7baf17,-6.76,0,-4.46,False,3.15,10844,"So11111111111111111111111111111111111111112, 8jnGePqBBq1KQfPvqA7zAZySiFTyy8tv2zA8u6nHhsdo"
orca-dex,USPD-USDT,0.1638,0.1638,0,,4ff13ea7-f0f3-5f7c-bdea-b383bea34cc2,0,0,0,True,0.0234,10842,"2PE4icZYhJ9kvULifum5xJQLmVFPjt5UrTw1FT3HKRdy, Es9vMFrzaCERmJfrF4H2FYD4KCoNkY11McCe8BenwNYB"
orca-dex,GBDP-USDT,0.03491,0.03491,0,,399084d9-25d2-514b-bc1e-88ca0a87c293,0,0,0,False,0.00499,10790,"6vf3xRt4462JwbcrxBMy8RqpNb7nVMF14dMZPjJRUnxt, Es9vMFrzaCERmJfrF4H2FYD4KCoNkY11McCe8BenwNYB"
save,USDT,0,0,0,,bd7319a8-acff-42f2-b64f-253b40a45ccc,0,0,0,True,0,10786,Es9vMFrzaCERmJfrF4H2FYD4KCoNkY11McCe8BenwNYB
orca-dex,FOMO-USDC,10.47024,10.47024,0,,5f50fe46-dcc1-50bd-ad2b-baa7fedf237e,0,0,0,False,1.49575,10776,"AM6Sf7p57425YA5qN2fBATSWKWC7rrEz5jfrkBH6DDqu, EPjFWdd5AufqSSqeM2qN1xzybapC8G4wEGGkZwyTDt1v"
raydium-amm,AART-WSOL,4.45,4.45,0,,da06605b-f5ce-4de0-a6ea-fd8ff65f5ddb,0,0,0,False,1.55,10765,"F3nefJBcejYbtdREjui1T9DPh5dBgpkKq7u2GAAMXs5B, So11111111111111111111111111111111111111112"
orca-dex,ETF-USDC,10.46986,10.46986,0,,a5266f62-800c-5d54-8ba7-749ff634b6ef,0,0,0,False,1.49569,10765,"43oFb7dzgaHkZkV4nfa91PdaUnNzcXr52LuJjJdn1TPk, EPjFWdd5AufqSSqeM2qN1xzybapC8G4wEGGkZwyTDt1v"
raydium-amm,SLX-USX,278.74,278.74,0,,1b0c835e-ebfa-5db3-b50d-391716b225ed,135.08,0,0,False,57.85,10760,"SLXdx4BUt2v9uJQNzWqSfzTJ9UKLUDsvxHFMEEdrfgq, 6FrrzDk5mQARGc1TDYoyVnSyRdds1t4PbtohCD6p3tgG"
orca-dex,OKUU-USDT,0,0,0,,ff36a1d9-0961-50d8-a9ba-518d47648278,0,0,0,False,0.00039,10753,"9Ec2JK5dbxsnhXxKLUwvcwkR6BzAhGGuBo5XYDZr1jMZ, Es9vMFrzaCERmJfrF4H2FYD4KCoNkY11McCe8BenwNYB"
orca-dex,GLDX-XAUT0,0,0,0,,c0c28668-78a4-4a43-b89f-0c3f1f3f4b38,-0.19023,-3.09776,-6.35664,False,0.10322,10751,"Xsv9hRk1z5ystj9MhnA7Lq4vjSsLwzL2nxrwmwtD3re, AymATz4TCL9sWNEEV9Kvyz45CHVhDZ6kUgjTJPzLpU9P"
raydium-amm,WSOL-RIFT,371.8,371.8,0,,157b736b-1780-5532-b72b-62ff756c6c67,-195.27,0,0,False,129.6,10734,"So11111111111111111111111111111111111111112, G9zuXtdoymR8HpAyjEK2NsNim1iVEerrhYAZYBuXiyo6"
orca-dex,HNT-MOBILE,3.97575,3.97575,0,,9612e5c5-afd0-439b-a25b-02fa86e56205,3.7343,-23.77939,0,False,4.81134,10688,"hntyVP6YFm1Hg25TN9WGLqM12b8TQmcknKrdu1oxWux, mb1eu7TzEc71KxDpsmsKoucSSuuoGLv1drys1oP2jh6"
orca-dex,USDT-ᎬUᅠRD,0,0,0,,efd8492b-10a0-58b0-bd90-b260ca020277,0,0,0,False,0,10673,"Es9vMFrzaCERmJfrF4H2FYD4KCoNkY11McCe8BenwNYB, EswECuwnQBgvzxKb3912jRU85udK2pZoyPYbEV5ZjbDY"
raydium-amm,XRP-USDC,96.55,96.55,0,,08e21865-fe92-5e69-8f9d-e2df4ef5af15,0,0,0,False,23.35,10672,"CdjMp3B6GTKQvdBqnvNc7WK4PfbyzNQmWSVTQmkErbeA, EPjFWdd5AufqSSqeM2qN1xzybapC8G4wEGGkZwyTDt1v"
raydium-amm,USDC-FLOCK,55.52,55.52,0,,98f37453-0a44-4afb-8973-547e62d737b1,-3.63,23.09,24.67,False,23.61,10662,"EPjFWdd5AufqSSqeM2qN1xzybapC8G4wEGGkZwyTDt1v, FmysnoAQ7ifx3La6C7D9cM5tcpoTxEnakbnZPhrC2pJi"
kamino-liquidity,KMNO-MSOL,68.17471,68.17471,0,,02be5d13-0691-44ff-b480-f129f046dc2a,68.17471,68.17471,0,False,8.3579,10657,"KMNo3nJsBXfcpJTVhZcXLW7RmTwTt4GVFE7suUBo9sS, mSoLzYCxHdYgdzU16g5QSh3i5K3z3KZK7ytfqcJm7So"
raydium-amm,WSOL-CRIME,6.04,6.04,0,,e3187852-a7c5-59b4-b3c2-57d4d7d48288,0,0,0,False,4.5,10647,"So11111111111111111111111111111111111111112, 8UscTLJHoXDBT4oevYSYYcF7BnEhhg5efRroiZNUAX1N"
raydium-amm,WSOL-$MEGA,3.64,3.64,0,,08b18a29-f66c-4714-ae8b-dc18ad067e08,0,0,0,False,0.65,10624,"So11111111111111111111111111111111111111112, DTZs26EqG9QApH4zE2NbFE4mSFy2aiEqzPBgpbP5pump"
raydium-amm,WSOL-BONK2.0,6.69,6.69,0,,79964f1e-03b4-5780-ac29-7cd077691530,0,-8.51,0,False,10.9,10624,"So11111111111111111111111111111111111111112, 9BPfvuWa21VZ5HDZrdf2NBPqckt4LynbdTiuovnBbonk"
orca-dex,USBD-USDC,0.10358,0.10358,0,,0c45f803-6b70-5bfb-b49c-28d3e4a80652,0.06709,0,0,False,0.0148,10601,"4ozky3rspDZay6PnWM8CSWMUBB6QLHQctYCU32SmHjVg, EPjFWdd5AufqSSqeM2qN1xzybapC8G4wEGGkZwyTDt1v"
orca-dex,USDT-GBD,0.0003,0.0003,0,,b048bd9c-f691-531b-9cad-45cbc2e43a7b,-0.00142,0,0,False,0.00029,10589,"Es9vMFrzaCERmJfrF4H2FYD4KCoNkY11McCe8BenwNYB, FaCBHkNKfBTfDGLrkMcAcqr1yYvuz8KyPKPFqZcrBDaK"
orca-dex,ORCA-DFN,5.28815,5.28815,0,,a1698079-d249-5e11-8c5c-ddcd5eea6697,0,0,0,False,5.7308,10587,"orcaEKTdK7LKz57vaAYr9QeNsVEPfiu6QeMU1kektZE, 8ZZanFyAvTnHu7tarkmpSQ7koAjf5XWfhKs49FjZCSNm"
raydium-amm,WSOL-SMAN,135.84,135.84,0,,b78c416e-692a-4bc8-b539-2f86def08108,0,0,0,False,29.72,10585,"So11111111111111111111111111111111111111112, 8m1VC6QoJ2eooXMrjFj7hS6g56ZEB7M7rVbbYa2CNdao"
orca-dex,SOL-GMT,15.88654,15.88654,0,,743ad97b-a2b6-4848-b300-cb900df169b3,0,-6.10549,-50.52073,False,17.84168,10583,"So11111111111111111111111111111111111111112, 7i5KKsX2weiTkry7jA4ZwSuXGhs5eJBEjY8vVxR4pfRx"
kamino-liquidity,BSOL-BLZE,3.75086,3.75086,0,,bbad155a-ba0a-4b52-950f-c41a039a3e63,-4.44446,0,-8.60276,False,2.60664,10569,"bSo13r4TkiE4KumL71LsHTPpL2euBYLFx6h9HP3piy1, BLZEEuZUBVqFhj8adcCFPJvPVCiCyVmh3hkJMrU8KuJA"
raydium-amm,MXM-WSOL,5.09,5.09,0,,08813593-c7d0-4c20-b49e-8d06ebd703e3,0,0,0,False,4.26,10566,"H53UGEyBrB9easo9ego8yYk7o4Zq1G5cCtkxD3E3hZav, So11111111111111111111111111111111111111112"
raydium-amm,CHUD-WSOL,13.38,13.38,0,,d6e2070e-f4f0-4c79-8478-d34c8e39a291,0,0,0,False,1.25,10566,"ABNybJ5tG1QZuKmuXdkb6iHqervJiSExyhm9Lvbbonk, So11111111111111111111111111111111111111112"
orca-dex,BSOL-BLZE,2.03374,2.03374,0,,d5bc0aae-aa2b-4cce-9bc2-97b3fa8fc5b4,-9.37786,0,-13.95297,False,3.52121,10546,"bSo13r4TkiE4KumL71LsHTPpL2euBYLFx6h9HP3piy1, BLZEEuZUBVqFhj8adcCFPJvPVCiCyVmh3hkJMrU8KuJA"
raydium-amm,WSOL-PAIR,3.79,3.79,0,,013c43be-48e9-4715-aca8-b2b957932030,-4.2,0,0,False,1.23,10525,"So11111111111111111111111111111111111111112, 6z9XSmYTZffoPUrpuManU7rxjfn7naEbWnDacdAXbonk"
raydium-amm,WSOL-RMG,4.33,4.33,0,,31c4f4c1-1f15-4146-959b-2acc8a146925,0,-27.08,-4.98,False,4.12,10521,"So11111111111111111111111111111111111111112, rmgSDMYX5e1ySoxjnai8QpmVuRVCAcwXaXxHfUC7AxN"
raydium-amm,$TOAD-WSOL,4.8,4.8,0,,a9857401-ec61-4b79-bb96-0b59350c952a,0,0,0,False,1,10519,"FViMp5phQH2bX81S7Yyn1yXjj3BRddFBNcMCbTH8FCze, So11111111111111111111111111111111111111112"
raydium-amm,ASE-USDC,87.59,87.59,0,,a32d2e91-6935-50c1-9e89-9c7e9d66cebc,0,0,0,False,43.31,10512,"4BKuARL6tMs7RWbinR6KFvNefA2d8K3f7p27MEoZUWts, EPjFWdd5AufqSSqeM2qN1xzybapC8G4wEGGkZwyTDt1v"
raydium-amm,USDC-USDT,0.4,0.4,0,,dc58f33b-8abd-4e6f-8f30-0e4e81d5c2a4,0.08,0.2,-0.01,True,0.2,10509,"EPjFWdd5AufqSSqeM2qN1xzybapC8G4wEGGkZwyTDt1v, Es9vdPD6sXzHhbAskU19WFnAtyRo94HKrGrPSdQ3aSSB"
orca-dex,BBL-USDC,0,0,0,,e4355077-9f6c-57cc-aeb0-e1e2924846cf,-0.00126,0,0,False,1.52856,10504,"BdrvnA8ymzCmsdStjpU8bzmuo5d8DnRhsNkC2rCCZGxV, EPjFWdd5AufqSSqeM2qN1xzybapC8G4wEGGkZwyTDt1v"
raydium-amm,TAC-USDC,97.5,97.5,0,,bb85d1d0-d8b4-4e06-a984-2b7a4d988597,0,0,0,False,42.69,10500,"6WEH2es5KGa4AAhHRmwjXYiJMG1yoELX3TBDMznb5tEw, EPjFWdd5AufqSSqeM2qN1xzybapC8G4wEGGkZwyTDt1v"
orca-dex,OPTIMISM-USDC,0.0019,0.0019,0,,b840e15f-9672-5dc5-893d-77594887e0e9,-0.00381,0,0,False,1.53577,10499,"9ydZBNke6Hyint5BHHMBC8NNyCXh5FTULPGrGfCpzU2m, EPjFWdd5AufqSSqeM2qN1xzybapC8G4wEGGkZwyTDt1v"
raydium-amm,BTC-USDC,54.23,54.23,0,,7611b4f2-b3c3-49aa-acb1-7b323ca67e6a,0,0,0,False,31.79,10490,"5imLbJMGssyY78uCNk9NucsWbDh2kvtKLyXQJuY8XtkP, EPjFWdd5AufqSSqeM2qN1xzybapC8G4wEGGkZwyTDt1v"
raydium-amm,ARB-USDC,47.54,47.54,0,,63b04874-2574-41fe-805e-db6203d106e3,0,0,0,False,30.13,10485,"ARBTuhfzF41ex38EUQLK23yWJTbSvzVH2fX7PruBKt1y, EPjFWdd5AufqSSqeM2qN1xzybapC8G4wEGGkZwyTDt1v"
raydium-amm,MOUTAI-WSOL,3.98,3.98,0,,26aa5bd1-148a-44be-9c83-d6147fa1e2c7,-0.88,0,0,False,1.07,10475,"45EgCwcPXYagBC7KqBin4nCFgEZWN7f3Y6nACwxqMCWX, So11111111111111111111111111111111111111112"
orca-dex,USDC-FIDA,0.77307,0.77307,0,,d648871f-9550-4882-9f8b-dd6714690e80,-0.9022,-0.17658,-27.13686,False,1.63745,10472,"EPjFWdd5AufqSSqeM2qN1xzybapC8G4wEGGkZwyTDt1v, EchesyfXePKdLtoiZSL8pBe8Myagyy8ZRqsACNCFGnvp"
raydium-amm,DOGE-USDC,56.56,56.56,0,,9d33f18c-eea0-4eff-a8df-6ae087a979ab,0,0,0,False,31.53,10459,"DogePMoL8zXQtYbvAYNFTFST9pewYi6uHWpZvFUtnBBz, EPjFWdd5AufqSSqeM2qN1xzybapC8G4wEGGkZwyTDt1v"
orca-dex,USDC-JITOSOL,0.30481,0.30481,0,,679aa8ed-fe68-4ed3-bf5b-6dbcec1639fe,-0.90067,-0.33754,0,False,1.0668,10446,"EPjFWdd5AufqSSqeM2qN1xzybapC8G4wEGGkZwyTDt1v, J1toso1uCk3RLmjorhTtrVwY9HJ7X8V9yYac6Y7kGCPn"
raydium-amm,WSOL-$VETT,85.39,85.39,0,,37d4cb94-2ad4-40e6-bf25-a9ba2b70003e,0,0,0,False,22.61,10434,"So11111111111111111111111111111111111111112, 2ggeqB3ZhbGCqGi7q4BkoTPZP1sb2WMVsfdFSpLGVETT"
kamino-lend,USDC,2.3042,2.3042,0,,b788b2bc-8ed7-4ac8-acd1-1b2965089bb3,0.03786,0.00914,0,True,0,10422,EPjFWdd5AufqSSqeM2qN1xzybapC8G4wEGGkZwyTDt1v
raydium-amm,WSOL-LARRY,3.97,3.97,0,,aca8ecc9-b66f-4167-9ab1-060dc507b08f,-24.62,0,0,False,6.91,10419,"So11111111111111111111111111111111111111112, 8tE7TqzBy2qR15rdtzioBEWN7R3xttf8oLKrAb96pump"
orca-dex,GBPD-USDT,0,0,0,,69589e5c-3d3e-58b9-807b-e4d1b23fb987,0,0,0,True,0,10415,"CgDR6SKG9MqLacTJEbyhgmWKTZVVgARsiERvEB8gDkvp, Es9vMFrzaCERmJfrF4H2FYD4KCoNkY11McCe8BenwNYB"
raydium-amm,WSOL-FROWG,4.61,4.61,0,,d2bbda96-80ad-454e-8a4a-bc5d55711555,0,0,0,False,0.59,10404,"So11111111111111111111111111111111111111112, uogFxqx5SPdL7CMWTTttz4KZ2WctR4RjgZwmGcwpump"
raydium-amm,WSOL-H5N1,4.55,4.55,0,,a8a49844-a98c-409b-8d01-d3693bef1b6c,0,0,-9.18,False,0.74,10404,"So11111111111111111111111111111111111111112, 3qjnvQwWf4EJKDQFqCzw8zvNVhmKhUUDbXnSRhhY1tyL"
orca-dex,GBDP-USDT,0.00096,0.00096,0,,9aa31d58-d17a-51aa-80df-a95c06cb5468,0,0,0,False,0.00014,10398,"EEPjxwVNLcnFHeEnFRw4oyJGf2VFCSp7Sup4XTjeSkTD, Es9vMFrzaCERmJfrF4H2FYD4KCoNkY11McCe8BenwNYB"
orca-dex,DJED-USDT,0.05354,0.05354,0,,40ef73f0-a628-5888-ae40-aca785404dca,0,0,0,True,0.00765,10390,"4kn9KXpbkWH6U4cfyV2iQT4Q7NRhjJkN4Sa1W8MrRGaC, Es9vMFrzaCERmJfrF4H2FYD4KCoNkY11McCe8BenwNYB"
raydium-amm,XMR-USDC,47.79,47.79,0,,d899b1fb-6852-5455-af7e-3ded6de00b21,0,0,0,False,27.55,10383,"BFohsczSYQuALmt1JmFGo5YXMX4y6JuSZRmVSijKqyUt, EPjFWdd5AufqSSqeM2qN1xzybapC8G4wEGGkZwyTDt1v"
raydium-amm,PUFF-USDC,4.09,4.09,0,,9c3212d4-be5a-54b8-a214-33fe1f21b19e,0,0,0,False,0.91,10380,"G9tt98aYSznRk7jWsfuz9FnTdokxS6Brohdo9hSmjTRB, EPjFWdd5AufqSSqeM2qN1xzybapC8G4wEGGkZwyTDt1v"
orca-dex,JUMBO-USDC,0,0,0,,3f4b63d4-9fa2-5bf5-b251-4c9c709ce2a2,0,0,0,False,1.55513,10365,"4LDHqJ6oSAQsqG8skP6B9uGvVgQNgsxatmCnHEd9Fv7X, EPjFWdd5AufqSSqeM2qN1xzybapC8G4wEGGkZwyTDt1v"
raydium-amm,TAO-USDC,51.9,51.9,0,,616b26a7-8a49-4327-8b40-ef67dac7dc47,0,0,0,False,31,10352,"EAKMCR9XZPungShzyhHWcdANbN2Z8YSdB6F2XK8P6Aq9, EPjFWdd5AufqSSqeM2qN1xzybapC8G4wEGGkZwyTDt1v"
orca-dex,SOL-PIIN,0,0,0,,4e6367b7-2376-4943-9edd-d4cf3c00c708,0,-0.65065,0,False,0.12419,10347,"So11111111111111111111111111111111111111112, piinKrjeiUVwhnXzsgNCV2aVGsBc4GwHQ9eCtkAgcTw"
raydium-amm,USDC-HYPE,94.74,94.74,0,,40f5160b-3f44-4200-b2e4-c962ff4d0aa1,0,0,0,False,26.89,10342,"EPjFWdd5AufqSSqeM2qN1xzybapC8G4wEGGkZwyTDt1v, HqPK7w3TYYHBjAkBN9BVZsLWzURhsE9APeCXhEko1CdT"
raydium-amm,WSOL-WEB5,3.39,3.39,0,,8683e8ce-001a-4662-a385-c031e15f9d13,0,0,0,False,1.16,10342,"So11111111111111111111111111111111111111112, BrB2RcqQW9HkEeeVdtnSP6gNWzAQfz2Ni3wBXUQfk3p1"
orca-dex,USDT-UGAD,0,0,0,,4edf5ddd-7757-5c16-910d-b849a170e52b,-0.01884,0,0,False,0.00529,10340,"Es9vMFrzaCERmJfrF4H2FYD4KCoNkY11McCe8BenwNYB, GXYojZQkUw39FVtrsibDYx3svkbMoy1EsXLaKViWCXyf"
raydium-amm,WSOL-SPEND,5.78,5.78,0,,82da9b33-612b-4473-85cb-191d9c6deee4,0,0,0,False,2.58,10336,"So11111111111111111111111111111111111111112, 3mp1MN5v7zdGXTvvcC9zUMoszMrh9pNdaCDkAQKc7Fec"
orca-dex,USPD-USDT,0.03581,0.03581,0,,2bad0fc7-6662-5b60-905e-19cc10b90dec,0,0,0,True,0.01021,10335,"79uMntze2imrsRAgWssdncqmzHSJCnurr6CKD6LApZB, Es9vMFrzaCERmJfrF4H2FYD4KCoNkY11McCe8BenwNYB"
gmtrade,WSOL-USDC,32.60364,32.60364,0,,d30b13ad-8c9a-4fe2-a18c-47a1a1ece377,0.18816,0,0,False,0,10330,"So11111111111111111111111111111111111111112, EPjFWdd5AufqSSqeM2qN1xzybapC8G4wEGGkZwyTDt1v"
orca-dex,BNB-USDC,1.81786,1.81786,0,,6f6e6e09-d9e1-461a-bdc6-983953ffbdf4,-2.66827,-5.74086,-21.1837,False,3.39529,10309,"9gP2kCy3wA1ctvYWQk75guqXuHfrEomqydHLtcTCqiLa, EPjFWdd5AufqSSqeM2qN1xzybapC8G4wEGGkZwyTDt1v"
orca-dex,STREAM-SOL,2.73323,2.73323,0,,4cf6cc08-5e25-5ecc-b531-d2d77619e5cb,-9.7847,1.72653,0,False,5.53544,10307,"STREAMribRwybYpMmSYoCsQUdr6MZNXEqHgm7p1gu9M, So11111111111111111111111111111111111111112"
orca-dex,SOL-TOS,3.63238,3.63238,0,,8a519168-a78e-539d-b407-ebba4b1d2077,0,-77.06045,0,False,28.76141,10303,"So11111111111111111111111111111111111111112, HmjCoarLh5duURfJ333DwfFiPyTCgFT35pRSAoP8pump"
orca-dex,PDST-USDT,0.03699,0.03699,0,,49384f55-18d9-57e4-b29b-2e416977c455,0,0,0,False,0.00528,10302,"Eekcet5GfsFqMvLNrnS1jvUHuimgQWHiujgPbX82Cd7Z, Es9vMFrzaCERmJfrF4H2FYD4KCoNkY11McCe8BenwNYB"
orca-dex,USBD-USDC,0.03578,0.03578,0,,fbd4494d-1d9a-5944-971f-3068da9cf738,0,0,0,False,0.00511,10301,"27Mz2f7bduzLWUqAKsAj7Ru9KroiaXGzpnvt4k9nY2Zs, EPjFWdd5AufqSSqeM2qN1xzybapC8G4wEGGkZwyTDt1v"
orca-dex,SOL-JLP,0,0,0,,554132e1-d839-4da1-aa4f-90534a6e326d,0,0,0,False,0,10300,"So11111111111111111111111111111111111111112, 27G8MtK7VtTcCHkpASjSDdkWWYfoqT6ggEuKidVJidD4"
orca-dex,USBD-USDC,0.03565,0.03565,0,,b4004228-f509-5db1-8ad5-49690864e3e9,0,0,0,False,0.00509,10300,"14ktRobaUkvN2zhEuBvTVvdHs2pHtVQrFepLmrGA7Z5Y, EPjFWdd5AufqSSqeM2qN1xzybapC8G4wEGGkZwyTDt1v"
orca-dex,USBD-USDT,0.03661,0.03661,0,,fdc9eda2-d341-5a6f-b74a-ca97b8756219,0,0,0,False,0.00523,10297,"AwTDLrxJpZCJ1Y7vSAksRCod6rHWXvifCDBMV4A3LpKD, Es9vMFrzaCERmJfrF4H2FYD4KCoNkY11McCe8BenwNYB"
orca-dex,RETIRE-COINOMI,24.2189,24.2189,0,,6090eff2-1a83-4cee-9157-81286a20dc81,0,14.90964,20.79933,False,9.61355,10296,"zGh48JtNHVBb5evgoZLXwgPD2Qu4MhkWdJLGDAupump, EHmZM5QD7NFpu6hm3o8yYSA6EhYYunHL21fzN2ucpump"
orca-dex,USDT-USAD,0.03596,0.03596,0,,865168a9-e76c-5770-9b56-072d3590b253,0,0.03517,0,False,0.00514,10295,"Es9vMFrzaCERmJfrF4H2FYD4KCoNkY11McCe8BenwNYB, JDm9DyptzSDZHE3jio9mxpFq3by5kDLY6qQayynEWtjk"
orca-dex,USAD-USDT,0.03595,0.03595,0,,7c9b08dd-bbb7-5542-aa94-6915f22ee4e4,0.00016,0,0,False,0.00514,10294,"6yVbhYaFPyWZDF1ogkiJ3UWXNHNafuJWo75CRiuq7mTW, Es9vMFrzaCERmJfrF4H2FYD4KCoNkY11McCe8BenwNYB"
orca-dex,USBD-USDT,0.03569,0.03569,0,,35afe62b-e173-56d0-aae4-95c9a30a2805,0,0,0,False,0.0051,10292,"AbzgFNhFjwsq8gbj6KTsiePuURNPFVD58kBXFwQUQKjh, Es9vMFrzaCERmJfrF4H2FYD4KCoNkY11McCe8BenwNYB"
raydium-amm,ETH-USDC,55.08,55.08,0,,e72da575-c9b4-40d0-82b3-08356eec98e0,0,0,20.46,False,31.91,10286,"e9QNPhgckwLJHQMrX5Ac4PocDuBUaWukkWg3v5YxWjy, EPjFWdd5AufqSSqeM2qN1xzybapC8G4wEGGkZwyTDt1v"
raydium-amm,XMRᅠ-USDT,1.65,1.65,0,,9f7e9033-b1b1-57d0-9401-42f7d4ac252e,0,0,0,False,0.14,10285,"ADTmgrNWYML2Q6f8PYemoqNwYtZAkGGbwjgjFsg5pgfb, Es9vMFrzaCERmJfrF4H2FYD4KCoNkY11McCe8BenwNYB"
raydium-amm,MON-USDC,50.37,50.37,0,,0a208aee-1006-4ff7-98db-34c5a8f345b7,0,0,0,False,30.91,10282,"BsNrBd6dNHkEuBUTrtZAYbgUjA2vewfRVUSyZp3a97Qv, EPjFWdd5AufqSSqeM2qN1xzybapC8G4wEGGkZwyTDt1v"
raydium-amm,USDC-RCSC,51.34,51.34,0,,3f11cc54-4454-4952-a7e1-245795b43acc,0,0,0,False,31.59,10282,"EPjFWdd5AufqSSqeM2qN1xzybapC8G4wEGGkZwyTDt1v, EW6YxfJMjuJHFUnMrhjoSxP6BWiem6Zr4DmKf6DssHGa"
raydium-amm,XMRᅠ-USDT,0.86,0.86,0,,539f6b3a-f2b1-5aee-8148-9ac3d8d00aa1,0,0,0,False,0.07,10281,"7ea6JmyugaCDGhf9EosDbhmVbmixrUaFvEsrR3tCPNys, Es9vMFrzaCERmJfrF4H2FYD4KCoNkY11McCe8BenwNYB"
raydium-amm,CHIP-USDC,52.93,52.93,0,,f26b52dc-3148-44f1-aa7b-dc322aaa83f6,0,0,0,False,31.07,10279,"7eoNeH9tJNyrqV2Y5kMLpuw2iCRTTFhtdBZbykYPfcJ5, EPjFWdd5AufqSSqeM2qN1xzybapC8G4wEGGkZwyTDt1v"
raydium-amm,USDC-ALEXANDRIA,58.33,58.33,0,,c8e5a387-c4b7-47ed-b869-31f8468a9b78,0,-5.47,0,False,32.16,10278,"EPjFWdd5AufqSSqeM2qN1xzybapC8G4wEGGkZwyTDt1v, HKqQz6G5BGwXULygu2YrQFK4kP2zjwcgYxNEH1FZo6ED"
raydium-amm,XRP-USDC,54.36,54.36,0,,92c09e66-ad14-4cba-a239-84057f5a784e,0,0,0,False,30.97,10277,"XRPFxF2G7ETowEm5N4jcKbbvdivAo1y8YFTmFTkRmc7, EPjFWdd5AufqSSqeM2qN1xzybapC8G4wEGGkZwyTDt1v"
raydium-amm,RLUSD-USDC,52.65,52.65,0,,f9c23948-6743-4f37-b26f-f89647557858,0,0,0,True,31.74,10276,"BiHrJQ4APV5Tt9wyGCPsd57cKB4PM4sC8UHcSMsFEftj, EPjFWdd5AufqSSqeM2qN1xzybapC8G4wEGGkZwyTDt1v"
raydium-amm,XRP-USDC,49.46,49.46,0,,60097ded-2c46-4728-ba19-f1fc0d743ae5,0,0,0,False,30.88,10268,"XRPERdWznsPWS9rHGxn67pnm7LjVnzzML9RGjS3Kriy, EPjFWdd5AufqSSqeM2qN1xzybapC8G4wEGGkZwyTDt1v"
raydium-amm,USDC-XRP,48.2,48.2,0,,04105494-4581-4bf1-861b-826405f5b22c,0,0,0,False,31.37,10264,"EPjFWdd5AufqSSqeM2qN1xzybapC8G4wEGGkZwyTDt1v, FGiDWnLuauAnZ2HRDDJzHopjycnFYUcvNuGD3XyPB6yK"
orca-dex,HKT-USDT,0,0,0,,361b6cf4-6b1d-55f8-abf8-1cd5d5224567,0,-0.08195,0,False,0.01171,10262,"4NvGNuwNhLANL5DpGH4yzfyJiiZVQLwBs7enSRYbswqi, Es9vMFrzaCERmJfrF4H2FYD4KCoNkY11McCe8BenwNYB"
raydium-amm,PI-USDC,43.82,43.82,0,,121dcb9b-3796-5408-a8b3-8fa3ac14bff9,0,0,0,False,4.64,10258,"32214Xq4VQFD45U27P8ajnVvCAWbMuhf6ZEps4XEf5WJ, EPjFWdd5AufqSSqeM2qN1xzybapC8G4wEGGkZwyTDt1v"
orca-dex,USAD-USDT,0.00107,0.00107,0,,43b0b273-65f7-5da0-a743-37243540eaa6,0,0,0,False,0.00015,10257,"xy82mLtuesc4JrR94i2VgowCHdmbbhFmRq9tfSyhg4F, Es9vMFrzaCERmJfrF4H2FYD4KCoNkY11McCe8BenwNYB"
orca-dex,COINOMI-BERT,10.37133,10.37133,0,,c301df4d-1b22-414c-ad67-b1e2cc063b34,9.12787,5.81466,-1.99405,False,9.07223,10255,"EHmZM5QD7NFpu6hm3o8yYSA6EhYYunHL21fzN2ucpump, HgBRWfYxEfvPhtqkaeymCQtHCrKE46qQ43pKe8HCpump"
raydium-amm,TAO-USDC,49.6,49.6,0,,437c50d1-bea9-41e1-aa31-99ceb77317e6,0,0,0,False,31.24,10254,"7ddT8QQMh3KXWZqqaCe2ustEw7f299UwUJeU4AFYLpMp, EPjFWdd5AufqSSqeM2qN1xzybapC8G4wEGGkZwyTDt1v"
raydium-amm,USDC-BEP20-USDC,57.67,57.67,0,,07aa4bba-99bf-4cef-b32d-52a2fb1de4d3,0,0,0,False,31.63,10253,"7fQYrJUX5MhJPktGsrLfy9LGRABJjWYimzfVme4odBHK, EPjFWdd5AufqSSqeM2qN1xzybapC8G4wEGGkZwyTDt1v"
raydium-amm,WLM-USDC,56.06,56.06,0,,77c12478-4e2e-4901-8fea-05b264ba8979,0,0,0,False,32.14,10252,"DqZMS623E4g7vmR33EKXJGrs6ZyAQDbaJvd5bV1s9tJW, EPjFWdd5AufqSSqeM2qN1xzybapC8G4wEGGkZwyTDt1v"
raydium-amm,TAO-USDC,48.14,48.14,0,,2d40a575-86f0-4b1a-8451-6d1fdf1b732f,0,0,0,False,30.28,10251,"taoPSCCXDMV7PGu1XSSDizRNCyxHS2RENcgvGTTkoA3, EPjFWdd5AufqSSqeM2qN1xzybapC8G4wEGGkZwyTDt1v"
raydium-amm,USDC-USER,49.97,49.97,0,,b47a8921-52dd-4f66-b9bd-64e87c562fbe,0,0,0,True,31.99,10250,"EPjFWdd5AufqSSqeM2qN1xzybapC8G4wEGGkZwyTDt1v, HEvHC6yGUXEaTSesh84zpXcBGyyF1coUZxWjwjVU8gGZ"
loopscale,BONK,0,0,0,,d18005a6-e030-4d9d-8038-c53e876166e9,0,0,0,False,0,10250,DezXAZ8z7PnrnRJjz3wXBoRgixCa6xjnB7YaB1pPB263
kamino-liquidity,SOL-ORCA,0,0,0,,23048c9c-64f1-4a07-9e14-c89362241b06,0,0,0,False,0,10248,"So11111111111111111111111111111111111111112, orcaEKTdK7LKz57vaAYr9QeNsVEPfiu6QeMU1kektZE"
raydium-amm,NIGHT-USDC,50.38,50.38,0,,e625dd6d-8059-456c-89de-59cb3a2ecd29,0,0,0,False,31.25,10247,"ni8WA2phcAXwHCFqjUnD54B7bUMSo7rNL1AzkY7FXLY, EPjFWdd5AufqSSqeM2qN1xzybapC8G4wEGGkZwyTDt1v"
raydium-amm,USDC-ERC20-USDT,47.04,47.04,0,,62d0e817-6190-437d-aaa6-bad5c5647e0b,0,0,0,False,31.68,10246,"EPjFWdd5AufqSSqeM2qN1xzybapC8G4wEGGkZwyTDt1v, GaD7LNqG4Fh8t6kCgyb5Y4G7T6xhQvoEGs79jeVK5JGD"
raydium-amm,VVV-USDC,51.79,51.79,0,,18c34549-fb02-4e6f-a812-260bf39fb17c,0,0,0,False,31.47,10245,"VVVCRpVcgjnf5w1Rwa1AFmmuVqn8UoRgiVaedYemyEH, EPjFWdd5AufqSSqeM2qN1xzybapC8G4wEGGkZwyTDt1v"
raydium-amm,USDC-LUNC,54.13,54.13,0,,e25b1276-8769-4d9f-b94e-682ae94f5f25,0,0,0,False,6.22,10245,"EPjFWdd5AufqSSqeM2qN1xzybapC8G4wEGGkZwyTDt1v, GgARHrp3apzumHHs1FvAS3aNt4szGp4FqdViw6WeSX3G"
orca-dex,AAAAA-USDC,0,0,0,,98db0fed-7c5c-5e8c-82dd-8917527764ea,0,0,0,False,0.0006,10239,"Cc9AYt3Xq17UiwH1DqVVr9oMkhwGDwkhQdPY6mbgXWgt, EPjFWdd5AufqSSqeM2qN1xzybapC8G4wEGGkZwyTDt1v"
orca-dex,SOL-JIMOTHY,281.92934,281.92934,0,,7580029e-d15e-55c2-93b0-e0a778df0e4e,0,0,0,False,698.96829,10238,"So11111111111111111111111111111111111111112, Ge87EtsjwRQbHaqQmKRno69RFTwh9bfSsm99XNxTpump"
orca-dex,USAD-USDT,0.07188,0.07188,0,,ded9558e-5090-545a-82b6-95a9c452ea8a,0,0,0,False,0.01027,10234,"1C9HYTJjaXkjGvbz3FYW29BJkmX7xoReGB6ysKBDCRD, Es9vMFrzaCERmJfrF4H2FYD4KCoNkY11McCe8BenwNYB"
save,BNSOL,0,0,0,,be0d6c51-6c50-47f1-90d7-f06d91b0cba9,0,0,0,False,0,10232,BNso1VUJnh4zcfpZa6986Ea66P6TCp59hvtNJ8b1X85
orca-dex,USAD-USDT,0.04368,0.04368,0,,cd4e0cc8-e4ec-56c0-9fab-415823ac4e3f,0,0,0,False,0.00624,10220,"BEjUgPE4VFwkdEbGrTSFURih2rFzL9aDssAeNaWp4KDe, Es9vMFrzaCERmJfrF4H2FYD4KCoNkY11McCe8BenwNYB"
orca-dex,USDC-USPD,0.03594,0.03594,0,,635a818d-bddc-55cf-add3-d513e679f832,0,0,0,True,0.00513,10220,"EPjFWdd5AufqSSqeM2qN1xzybapC8G4wEGGkZwyTDt1v, EwVWsNUu4xgsvJa4MvVgfVbgn4S2kY7Mm2RUGJAe5M5L"
orca-dex,AUUD-USDT,0.02059,0.02059,0,,56f886e1-5ac7-51ea-b5c3-06bf1e0fcb85,0,0,0,False,0.00371,10209,"8JSoxo4zQULmTHmfmiDuW6HW4Z1D1skruiPNCBwCtS58, Es9vMFrzaCERmJfrF4H2FYD4KCoNkY11McCe8BenwNYB"
orca-dex,JW7-USDT,1663.245,1663.245,0,,ee995ca2-889b-4113-8333-680f646ee3d5,0,-7.75268,1502.76613,False,1580.66288,10203,"2jatMqQhfZGGKTca6VwB4Tka16LrZcFmnc5fPzCFechp, Es9vMFrzaCERmJfrF4H2FYD4KCoNkY11McCe8BenwNYB"
kamino-lend,USDS,3.04948,3.04948,0,,d256d433-ccb1-49b9-be4a-153e5af3c158,1.01608,0,0.41777,True,0,10199,USDSwr9ApdHk5bvJKMjzff41FfuX8bSxdKcR81vTwcA
orca-dex,ADAᅠᅠ-USDT,1.82486,1.82486,0,,32f277b6-e41e-52b2-87c5-49902c6c82c3,0,0,0,False,0.26069,10197,"79pELAeK8dJzo8bTM5LHzqgi36eQp52PFX2PqKXM28XE, Es9vMFrzaCERmJfrF4H2FYD4KCoNkY11McCe8BenwNYB"
raydium-amm,WSOL-MIDTERM,63.53,63.53,0,,39ff1d4f-2a6e-47ee-b83c-2f51cb30d89c,0,0,0,False,13.7,10192,"So11111111111111111111111111111111111111112, D4LJdQcXhVi96mHaiy4Kg7rvo392MNxNQpM7Zq67rbid"
orca-dex,DCRᅠ-USDT,1.82503,1.82503,0,,84436cdd-0f1a-5c75-a8f0-30b20758c998,0,0,0,False,0.26072,10191,"56neFcE4yZaUojLKiUjLoikDeMVURtz5a6chHuGFRqbz, Es9vMFrzaCERmJfrF4H2FYD4KCoNkY11McCe8BenwNYB"
project-0,ORCA,0.00206,0.00206,0,,9035d05e-57df-4ee9-9cd5-b9d37f9a0b32,0,0,3e-05,False,0,10191,orcaEKTdK7LKz57vaAYr9QeNsVEPfiu6QeMU1kektZE
orca-dex,WBTC-WBTC,1.54986,1.54986,0,,16568531-7edd-5e2e-bd5d-f362a49588b0,-1.27612,-1.38764,0,False,26.44197,10178,"3NZ9JMVBmGAqocybic2c7LQCJScmgsAZ6vQqTDzcqmJh, 5XZw2LKTyrfvfiskJ78AMpackRjPcyCif1WhUsPDuVqQ"
raydium-amm,USDT-ERC20-USDC,52.81,52.81,0,,48bb6d3d-237b-4f97-9cdd-bf9403ad601d,0,0,0,False,32.09,10172,"32euvbVtScCiH1xScVj5hqghkC2nyCaUcLLXGCTXxwTb, EPjFWdd5AufqSSqeM2qN1xzybapC8G4wEGGkZwyTDt1v"
raydium-amm,AVAX-USDC,52.9,52.9,0,,156f5f25-446e-4ca8-896d-73bb91c2f647,0,0,0,False,32.03,10171,"AVAXfY15bjJ4LD9qVsoJjQtsKFN4PbZ66pZXaxG4RdgE, EPjFWdd5AufqSSqeM2qN1xzybapC8G4wEGGkZwyTDt1v"
orca-dex,BSOL-BLZE,1.43992,1.43992,0,,3aaa5deb-54af-47ae-93b1-d924a48e90ef,-6.38186,0,0,False,5.45181,10171,"bSo13r4TkiE4KumL71LsHTPpL2euBYLFx6h9HP3piy1, BLZEEuZUBVqFhj8adcCFPJvPVCiCyVmh3hkJMrU8KuJA"
raydium-amm,FRONK-WSOL,4.75,4.75,0,,caf414b4-edab-4cf9-b1a6-6a25ed36b8e2,0,0,0,False,1.38,10166,"5yxNbU8DgYJZNi3mPD9rs4XLh9ckXrhPjJ5VCujUWg5H, So11111111111111111111111111111111111111112"
orca-dex,AVDU-USDT,0,0,0,,ab6a33f7-ada4-5c04-8fa9-f633b5313106,0,-0.00791,0,False,0.00858,10163,"BZAs6zGJC3HWeerz1XzH4EE3n1LMQKM796KHj8YWAH3m, Es9vMFrzaCERmJfrF4H2FYD4KCoNkY11McCe8BenwNYB"
orca-dex,HKT-USDT,0.01659,0.01659,0,,59c01410-eef7-5605-a575-837af928588b,0,0,0,False,0.00237,10154,"7RQ5Du2JvJh1pioDe1w2XJF252Jq5fX8Pi99BccBsLxz, Es9vMFrzaCERmJfrF4H2FYD4KCoNkY11McCe8BenwNYB"
orca-dex,USBD-USDT,0.02149,0.02149,0,,24945077-0f5e-5e03-8f30-237fba95d96d,0,0,0,False,0.00307,10153,"ER5JkXRkxqbszYxcviCHoWdQVxjRKZ5zRG5x1FPFZM4N, Es9vMFrzaCERmJfrF4H2FYD4KCoNkY11McCe8BenwNYB"
orca-dex,USBD-USDT,0.01074,0.01074,0,,26738f4f-55f2-5cc1-b0e5-d48ae4812194,0,0,0,False,0.00153,10153,"AjRrKaMfxXa1SDeKvEaS4FwE3wjk9B4TULrkbCk6tsqj, Es9vMFrzaCERmJfrF4H2FYD4KCoNkY11McCe8BenwNYB"
raydium-amm,WSOL-SEA,12.38,12.38,0,,c3ff1ae1-693f-4380-a4b9-eba56e9f8201,6.44,0,0,False,22.86,10150,"So11111111111111111111111111111111111111112, VF229R5wg6m9Ts184KRLtBWRiA6LWZqj7FugGiYpump"
raydium-amm,WSOL-BULLISH,118.62,118.62,0,,810b73f5-50f2-5cd3-97ab-8392d80f3051,0,0,0,False,195.44,10146,"So11111111111111111111111111111111111111112, 4ydE8DGjvu2HuDoFJCJDW9mwftQBwn1Gur5YZzsm5dLk"
orca-dex,SOL-CARDS,187.65381,187.65381,0,,1b04ef71-b41f-4ebd-8230-4a95a92665e8,0,-486.90324,-692.59419,False,198.99826,10138,"So11111111111111111111111111111111111111112, CARDSccUMFKoPRZxt5vt3ksUbxEFEcnZ3H2pd3dKxYjp"
orca-dex,USBD-USDT,0.01148,0.01148,0,,d2e60496-33b6-57f1-bcd4-4f3137ad7305,0,0,0,False,0.00164,10136,"DvbyRqM4VEYkmjTzUGWrAhiWXkkELxMHM4CwYfjAsdXX, Es9vMFrzaCERmJfrF4H2FYD4KCoNkY11McCe8BenwNYB"
orca-dex,BUKAF-USDT,0.00072,0.00072,0,,b57ff693-9e92-5864-93fb-ee0b69b95a91,0,0,0,False,0.0001,10131,"52uB3hDPtmT5xUzvwP3Jr271LLGUpo1qV7wCvpHTrBU2, Es9vMFrzaCERmJfrF4H2FYD4KCoNkY11McCe8BenwNYB"
orca-dex,UNIETH-USDT,0,0,0,,6b4469d9-6160-5127-bb93-f6814720de13,0,0,0,False,2e-05,10129,"5CZCZ5wULqs9dgtNFuUW87t6u5NC5smvEXebNtMN5Fin, Es9vMFrzaCERmJfrF4H2FYD4KCoNkY11McCe8BenwNYB"
raydium-amm,SHARKI-WSOL,7.55,7.55,0,,cdafab54-3f54-43d6-aaff-2dc548ac4da7,-6.35,-1.39,0,False,6.05,10123,"6U48jtR53ZK3E1MozLrpwJDTrtj74uuFhMGNzGY18YPu, So11111111111111111111111111111111111111112"
orca-dex,DJED-USDT,0,0,0,,0c966cc9-33e8-5d9d-a11a-d2c722965f1a,0,0,0,True,0.00166,10115,"5b1QnABXmoChYcZfHBb39c3J8tNnyBX9sGWkTnq1tdH8, Es9vMFrzaCERmJfrF4H2FYD4KCoNkY11McCe8BenwNYB"
orca-dex,OEU-USDT,0,0,0,,ed692fc7-b69a-5d55-ac1e-d2080ba775a1,-0.00287,0,0,False,0.0009,10114,"8Zprwa6ijRFxhuT7U56R3nG9BT5tpKeqxJQb7o53gM8o, Es9vMFrzaCERmJfrF4H2FYD4KCoNkY11McCe8BenwNYB"
kamino-lend,NXSOL,0,0,0,,279e3bac-ea2d-49c0-9c7a-34fcbd0aca6e,0,0,0,False,0,10114,sctmTAsDn4tLUcemqoqYijfuRkiEfAMPi84PNq2EueR
orca-dex,USBD-USDT,0.01079,0.01079,0,,c567cceb-42c0-5ef1-ad3a-8dd048e2f1c5,0,0,0,False,0.00154,10113,"QCkz9yxDtoecyzDYwGgC1iMkKZqSw9rLkqGQoyemrYC, Es9vMFrzaCERmJfrF4H2FYD4KCoNkY11McCe8BenwNYB"
orca-dex,USDT-USPD,0.00719,0.00719,0,,073a4238-6715-5763-b30c-7a60eef73243,0,0,0,True,0.00103,10112,"Es9vMFrzaCERmJfrF4H2FYD4KCoNkY11McCe8BenwNYB, HcwzPwguqiNcTSn2WriKskBfn4tXhcmwmiS2EPpZ6she"
raydium-amm,AERO-USDC,136.23,136.23,0,,a28b9e18-84f1-5b91-98bc-6a7a3e5151c6,-35.23,0,0,False,28.67,10111,"84LHdP1sLuTGaHKSivNSodPMZUrq87TbeFurpg6F6CxV, EPjFWdd5AufqSSqeM2qN1xzybapC8G4wEGGkZwyTDt1v"
raydium-amm,WSOL-ZB,3.68,3.68,0,,338598ef-c2b9-4399-b49b-48cdf1e88d58,0,-0.63,0,False,0.51,10106,"So11111111111111111111111111111111111111112, H1hcBegR2A6b2mCGqhH5zA4sTZvMxrqT4v3fHY1kpump"
orca-dex,USBD-USDT,0.00252,0.00252,0,,4549f853-3596-5e53-96dd-f522da4810e6,0,0,0,False,0.00036,10105,"6sfJbKyG7EBy8pvztwSm4xhrsYqbDLiyMxhYMCWs14o3, Es9vMFrzaCERmJfrF4H2FYD4KCoNkY11McCe8BenwNYB"
orca-dex,USDT-USPD,0.00181,0.00181,0,,3d7b30ef-2773-50c0-82de-3150a829d874,0,0,0,True,0.00026,10103,"Es9vMFrzaCERmJfrF4H2FYD4KCoNkY11McCe8BenwNYB, FW7qA6My4kVheTuu7C2DFuwyyFxfq5a9JLgh752scwYt"
raydium-amm,USDC-ERC20-USDC,50.07,50.07,0,,bb02b9d9-6709-4711-8a97-0dc2f5c6305e,0,0,0,False,32,10102,"EPjFWdd5AufqSSqeM2qN1xzybapC8G4wEGGkZwyTDt1v, G8KhLpeBPRhM6tMroEVC72H4Fv23KtwYzU1LZK6YE4rR"
orca-dex,USBD-USDT,0.0022,0.0022,0,,e0bb2a6a-afc1-56fb-8d5a-868483667052,0,0,0,False,0.00031,10102,"CBy6YQfPF17hfMGx8FSr61o3qU6dfugVAvDNns23GDyj, Es9vMFrzaCERmJfrF4H2FYD4KCoNkY11McCe8BenwNYB"
raydium-amm,DOGE-USDC,43.76,43.76,0,,27420989-5afa-4fa1-a1ca-4bdeefa00d6b,0,0,0,False,30.84,10099,"DogeP1Hzndj6KMyB2DggL6ghrVwpC4VvPAJAuNis9KWQ, EPjFWdd5AufqSSqeM2qN1xzybapC8G4wEGGkZwyTDt1v"
orca-dex,USBD-USDT,0.00108,0.00108,0,,85c58b95-b0c3-5f56-a2dc-a32ca5aab7bc,0,0,0,False,0.00015,10099,"oGeT9R8tJo7xqvwrFRKn5ds832cWFsKqTwqsdspPVXt, Es9vMFrzaCERmJfrF4H2FYD4KCoNkY11McCe8BenwNYB"
orca-dex,USAD-USDT,0.00108,0.00108,0,,a53adb6e-c15b-5d4a-beaf-ae404b1a5d01,0,0,0,False,0.00015,10098,"GsvKEbT14xZ24R7DnACSZASECYxh2yHEa5GenKedkoi, Es9vMFrzaCERmJfrF4H2FYD4KCoNkY11McCe8BenwNYB"
orca-dex,USAD-USDT,0.00108,0.00108,0,,02f1afc2-3663-5945-8c30-110a9dfe0eca,0,0,0,False,0.00015,10098,"AJiKH28HLD5bqmTerggRhSSWW34GJ8wjoTpUV9AF3bm5, Es9vMFrzaCERmJfrF4H2FYD4KCoNkY11McCe8BenwNYB"
orca-dex,DJED-USDT,0.00108,0.00108,0,,5e372082-f77d-5dd6-83f0-6bd4f4aa14f0,0,0,0,True,0.00015,10097,"8EWxUirzub3ZepwxgRv5tFsGWnxZHB6dNKrPqHxfYtcU, Es9vMFrzaCERmJfrF4H2FYD4KCoNkY11McCe8BenwNYB"
orca-dex,USDT-JPDU,0.0003,0.0003,0,,b786cd0e-b57a-52d8-a0ed-e3a0d9d14243,-0.00151,0,0,False,0.0003,10096,"Es9vMFrzaCERmJfrF4H2FYD4KCoNkY11McCe8BenwNYB, HXc3zrqumBav2ADBRQtv3e4XHKGtNggRHAxka7mhWq7k"
orca-dex,XCSD-USDT,0.00626,0.00626,0,,901a097b-29bb-59ff-8b4c-5cbd334a6619,0,0,0,False,0.00089,10095,"4TnM3vEruJM5Lxr3YuwaNv2XMdL2LFTk7168ZMeHbkex, Es9vMFrzaCERmJfrF4H2FYD4KCoNkY11McCe8BenwNYB"
orca-dex,USDT-XMRᅠ,0,0,0,,83719d79-c546-5392-b8f4-dd7326ad63d6,0,-0.00526,0,False,0.00075,10095,"Es9vMFrzaCERmJfrF4H2FYD4KCoNkY11McCe8BenwNYB, FmGfnetQeBumQGw6M62A2JxVYpuCyvzoZcRNNRjZdTsR"
orca-dex,USAD-USDT,0.0012,0.0012,0,,767c8e1a-3555-5edc-9ea8-8d9ce72cb18a,0,0,0,False,0.00017,10095,"3vw9E4YRdRLDFi1sShFnKbNTppJrq976HQnDoi7WUjhi, Es9vMFrzaCERmJfrF4H2FYD4KCoNkY11McCe8BenwNYB"
orca-dex,JPDB-USDT,0.00763,0.00763,0,,064aaee7-5673-51c1-920d-32ef6614ef9b,0,0,0,False,0.00109,10094,"2ZLRh7tNzUEHKWWzkREFgurEH8LdwH1hn48MY7f55k1B, Es9vMFrzaCERmJfrF4H2FYD4KCoNkY11McCe8BenwNYB"
orca-dex,OEU-USDT,0.00253,0.00253,0,,5bd12efe-f9b2-50b9-857b-03469f33478d,0,0,0,False,0.00036,10094,"EUaMPDznezCWruVwAxy1ZEmztbbHWbZTdLzGL7YYB1mc, Es9vMFrzaCERmJfrF4H2FYD4KCoNkY11McCe8BenwNYB"
orca-dex,USDT-AUUD,0.00289,0.00289,0,,a7030063-24ae-58e9-9698-9558376810c7,0,0,0,False,0.00041,10094,"Es9vMFrzaCERmJfrF4H2FYD4KCoNkY11McCe8BenwNYB, Gv7i94ms8DeDQvELJpqX2Fnoz39oSnWbKs3zSJGgEqi2"
orca-dex,JPDB-USDT,0.01975,0.01975,0,,0d362338-6463-5a73-b1f8-72debfe0725b,0,0,0,False,0.00282,10093,"Bzt49sFWxkSaf7HUDS7x8g1oTkJgPLYrzyXNS5HVK6YP, Es9vMFrzaCERmJfrF4H2FYD4KCoNkY11McCe8BenwNYB"
orca-dex,EUDB-USDT,0.00674,0.00674,0,,035d945b-1e62-58e2-b592-67882c3f69ff,0,0,0,False,0.00096,10093,"972sEkXK6PfZALbFPdXaoBcRbrX5JLpQtb2r16TCtw3C, Es9vMFrzaCERmJfrF4H2FYD4KCoNkY11McCe8BenwNYB"
orca-dex,USBD-USDT,0,0,0,,f4d05e5e-a634-5fe3-aafc-c458a7212f1d,0,0,0,False,0,10093,"4ztNinvsRo1g9bT8GHKAGv2T4A2faUbYzWxFR2NECpZG, Es9vMFrzaCERmJfrF4H2FYD4KCoNkY11McCe8BenwNYB"
orca-dex,JPDD-USDT,0,0,0,,c3ed1fbc-9c6d-521a-8b36-2d4a68f78565,0,0,0,False,0.00058,10093,"3kmHJPuEVMz5DdXCJTzexMry8PjP8KFRrnNekgy9VKJt, Es9vMFrzaCERmJfrF4H2FYD4KCoNkY11McCe8BenwNYB"
orca-dex,USDT-USBD,0,0,0,,523df052-13de-5f98-9648-57f51441254d,0,0,0,False,0,10093,"Es9vMFrzaCERmJfrF4H2FYD4KCoNkY11McCe8BenwNYB, HuTrV7sf5gnYM8fKdJp42cAJoyvBN5FQ6KyCrjiTmCg8"
orca-dex,OEUU-USDT,0.00325,0.00325,0,,cc1ce012-33ac-52f2-9bd9-d8f597ce6653,0,0,0,False,0.00046,10093,"DozfW7sUxja7vN2Ra6f3hGgMDcgNSCACAtQBnASdxTaL, Es9vMFrzaCERmJfrF4H2FYD4KCoNkY11McCe8BenwNYB"
orca-dex,USAD-USDT,0,0,0,,b97941ca-e4e8-5008-801b-b6e32682aa0b,0,0,0,False,0,10092,"Cv3eQZrBSUfHjebsD25JwuusPywbVKmTbECootXovR6M, Es9vMFrzaCERmJfrF4H2FYD4KCoNkY11McCe8BenwNYB"
orca-dex,USBD-USDT,0,0,0,,49c59453-7bd2-5b1e-af32-448c405f9238,0,0,0,False,0,10092,"5CZrL2WuGKxkraYVM4mu49cqsAB4JEmwtyWaXnZfpVAy, Es9vMFrzaCERmJfrF4H2FYD4KCoNkY11McCe8BenwNYB"
orca-dex,HKT-USDT,0.00566,0.00566,0,,ec78a119-3903-50f6-9450-dfe0503aa155,0,0,0,False,0.00081,10091,"EX4ebkWv2j72m2ueNSppeaqu33ksGD5trhKceSReBNNk, Es9vMFrzaCERmJfrF4H2FYD4KCoNkY11McCe8BenwNYB"
raydium-amm,LTC-USDC,106.58,106.58,0,,656b391d-32ab-5cd5-8367-575f5ee56d63,0,0,0,False,37.29,10089,"4kTH64yU2wQ7RHDH9PSBFgqnPz4hrmDdKjXGS1NhqxmV, EPjFWdd5AufqSSqeM2qN1xzybapC8G4wEGGkZwyTDt1v"
orca-dex,NOS-RENDER,0,0,0,,84c7bd0e-5cc0-41c7-950f-5e4ae77860e6,-4.33838,-13.66535,-28.69413,False,9.13205,10083,"nosXBVoaCTtYdLvKY6Csb4AC8JCdQKKAaWYtx2ZMoo7, rndrizKT3MK1iimdxRdWabcF7Zg7AR5T4nud4EkHBof"
raydium-amm,ZEC-USDC,59.85,59.85,0,,6ea64226-6fac-4478-bd1a-66501f947b72,0,0,0,False,32.36,10082,"ZEQNKCfCdgJL7HxaDdJQApMND2asg5rEG1qnbdVWFEa, EPjFWdd5AufqSSqeM2qN1xzybapC8G4wEGGkZwyTDt1v"
orca-dex,SOL-POPCAT,6.91453,6.91453,0,,623ba4c0-0984-4f2f-b8ac-5dd6613b1ea5,0,0,0,False,7.71879,10080,"So11111111111111111111111111111111111111112, 7GCihgDB8fe6KNjn2MYtkzZcRjQy3t9GHdC8uHYmW2hr"
raydium-amm,BTC-USDC,59.69,59.69,0,,395db4a2-3c89-40ed-a061-dee495518d67,0,0,0,False,32.68,10078,"BTCEDZwA552u3QCudMkYWqBu7X8SbbDqYUG8mdv3Kq2M, EPjFWdd5AufqSSqeM2qN1xzybapC8G4wEGGkZwyTDt1v"
raydium-amm,ADA-USDC,50.98,50.98,0,,b5805f82-371f-420e-adc0-3fae23701d40,0,0,0,False,31.45,10076,"ADAv7XCMun2HtQC7gWMBjTEexvR1JzZnFbQd3MEkshjg, EPjFWdd5AufqSSqeM2qN1xzybapC8G4wEGGkZwyTDt1v"
orca-dex,USPD-USDT,0.00396,0.00396,0,,5a33acb9-32bf-5bea-a7f3-3e35ca5feeda,0,0,0,True,0.00062,10076,"2PE4icZYhJ9kvULifum5xJQLmVFPjt5UrTw1FT3HKRdy, Es9vMFrzaCERmJfrF4H2FYD4KCoNkY11McCe8BenwNYB"
orca-dex,YUSD-USDC,0.00654,0.00654,0,,731f145c-9c33-4728-9b76-d70a5a97d199,0.00654,-0.03428,0.00654,True,0.61523,10068,"yUSDX7W89jXWn4zzDPLnhykDymSjQSmpaJ8e4fjC1fg, EPjFWdd5AufqSSqeM2qN1xzybapC8G4wEGGkZwyTDt1v"
raydium-amm,WSOL-VANCE,4.36,4.36,0,,398cf41a-0f1d-4f50-9e53-893b0ddd4bc3,0,0,0,False,0.45,10063,"So11111111111111111111111111111111111111112, 9CxgZWTSDaVPDsNRGRxFXn96N12FctwfJAkGqYuxpump"
orca-dex,USPD-USDT,0.00361,0.00361,0,,5019156d-59ca-503f-8bde-340d084392d5,0,0,0,True,0.00052,10063,"DSt7Df8puSKpuSFFTVktLYf55QLvC3qEmPDq8NAfzvYY, Es9vMFrzaCERmJfrF4H2FYD4KCoNkY11McCe8BenwNYB"
raydium-amm,WSOL-THL,4.35,4.35,0,,9a7c1539-5055-4e24-a631-56e855637ded,0,0,0,False,0.53,10059,"So11111111111111111111111111111111111111112, GdRUzaVTvJpxtovLoiNjKhAcAfrnmBz3YaZK2xEipump"
orca-dex,OEUU-USDT,0.00256,0.00256,0,,df693c31-a006-56e6-a51d-ba94b39872a8,0,0,0,False,0.00037,10059,"4XESwdZRy4NyMUoGyVAqH2UrGvR3GMMxkhRGk4Wjr3cw, Es9vMFrzaCERmJfrF4H2FYD4KCoNkY11McCe8BenwNYB"
orca-dex,USAD-USDT,0.00145,0.00145,0,,dee792f8-bef8-553a-9ba6-c6f9f1bc2362,0,0,0,False,0.00021,10058,"AFnDbM5bYp7C2njNDqCmoXRakAAJTSZZNDyuNWAu3k6u, Es9vMFrzaCERmJfrF4H2FYD4KCoNkY11McCe8BenwNYB"
raydium-amm,XMR-USDC,98.33,98.33,0,,d2164a98-8606-4843-a036-67b12f089bc8,0,0,0,False,47.38,10057,"6RFf1GMuQvtmjxn6758R8dwjJAt3wMESC9u6TuWSc7fW, EPjFWdd5AufqSSqeM2qN1xzybapC8G4wEGGkZwyTDt1v"
raydium-amm,ETH-USDT-USDC,105.58,105.58,0,,8c144e20-f1a1-49ff-b936-ccaf577aa4c1,0,0,0,False,46.88,10057,"6jVhYAQ1wvuJLaci2bsvk9asz7qdavcq59Au4VUFX5YN, EPjFWdd5AufqSSqeM2qN1xzybapC8G4wEGGkZwyTDt1v"
raydium-amm,ORDI-USDC,48.89,48.89,0,,9169f6a2-361c-4906-9dce-f61e368c855f,0,0,0,False,31.41,10056,"6d4VsmX7KoJFWVRH2tMpVb44JVg2mm5yGVjV79nPHryv, EPjFWdd5AufqSSqeM2qN1xzybapC8G4wEGGkZwyTDt1v"
raydium-amm,NEURAL-USDC,148.78,148.78,0,,e8bd0b1e-e100-5a92-86c6-06113a545c2d,145.13,0,0,True,13.82,10056,"CYheyfYhPhddnqcaD38ZgVcaPRPiaEPJCi52eyPGRpnL, EPjFWdd5AufqSSqeM2qN1xzybapC8G4wEGGkZwyTDt1v"
orca-dex,SOL-GLDX,29.41793,29.41793,0,,00407bf1-b584-4019-b106-0c8d35a5ebb0,0,-0.90049,0,False,42.75529,10053,"So11111111111111111111111111111111111111112, Xsv9hRk1z5ystj9MhnA7Lq4vjSsLwzL2nxrwmwtD3re"
raydium-amm,OCT-USDC,66.45,66.45,0,,43d03696-ff66-45de-8b2c-2848c74d7959,0,0,0,False,33.44,10052,"DzYkX2WGkoMcsCGH1TGRKqEgfCm3FfHdnjTPLmQrjvcB, EPjFWdd5AufqSSqeM2qN1xzybapC8G4wEGGkZwyTDt1v"
raydium-amm,IN-USDC,54.21,54.21,0,,15207c45-ccd7-48cb-9713-e65862a715aa,0,0,0,False,32.54,10052,"ea2BhwsXrtq8aThyN8V3EWhVmB4XMBNFKvuGZ5JcQqq, EPjFWdd5AufqSSqeM2qN1xzybapC8G4wEGGkZwyTDt1v"
raydium-amm,LINK-USDC,55.87,55.87,0,,3967685f-46d5-46bc-930e-d2fdef6396a1,0,0,0,False,32.17,10048,"9sCoEpXnG2zB91xxEdkgJnysbSn99oofStyfE7yETxKn, EPjFWdd5AufqSSqeM2qN1xzybapC8G4wEGGkZwyTDt1v"
raydium-amm,KAG-USDC,52.33,52.33,0,,7becbede-ad9b-5c40-83f6-d6b72041d64a,42.06,0,0,False,22.15,10046,"D1rGzhbnQk7vA5VJtsa7pV6nftnGQXU39chP5x5RjDWV, EPjFWdd5AufqSSqeM2qN1xzybapC8G4wEGGkZwyTDt1v"
orca-dex,ASDT-USDT,0.00073,0.00073,0,,19098711-ba61-58dd-8fb2-81a6495a086e,0,0,0,False,0.0001,10042,"2vsnyGXweAMVcy4SC9y3s83Tw5rUMwMwxobDDh6c3jeh, Es9vMFrzaCERmJfrF4H2FYD4KCoNkY11McCe8BenwNYB"
orca-dex,ASTD-USDT,0.00086,0.00086,0,,968df1db-c2b0-5ebe-a47d-904c368a6601,0,0,0,False,0.00012,10042,"7m7u8snCddi9nUkRKcXVBN1M4k4wpS8sygzJDVLVY2Zx, Es9vMFrzaCERmJfrF4H2FYD4KCoNkY11McCe8BenwNYB"
orca-dex,TDSA-USDT,0,0,0,,b3e8ba16-c4ad-5607-8040-443910ab0dca,0,0,0,False,0.00155,10042,"8tpxfDFop4Jy5EB9XqdRtXkQw3PGxJxyUrr5bYFKGsLN, Es9vMFrzaCERmJfrF4H2FYD4KCoNkY11McCe8BenwNYB"
orca-dex,ASDT-USDT,0,0,0,,bcc4e776-c7d8-5f79-b431-e5a3accc35fe,0,0,0,False,0.0001,10041,"9kFRofvsf3aDzcqx1bwPuwuRPXbS1Pq7jmw37MaJ8RUp, Es9vMFrzaCERmJfrF4H2FYD4KCoNkY11McCe8BenwNYB"
orca-dex,USDT-ATSD,0.00073,0.00073,0,,8a700e3d-05a6-54aa-b77d-7c3c2018195c,0,0,0,False,0.0001,10041,"Es9vMFrzaCERmJfrF4H2FYD4KCoNkY11McCe8BenwNYB, HuGN452KtnQkD1PAAeQeadMZ4gA34kBKB2bwjufQY1oa"
orca-dex,HKNU-USDT,0.00073,0.00073,0,,feead6a5-5e8a-59af-b68a-c8dee4362066,0,0,0,False,0.0001,10041,"5pWXwe5vSn8cYsAHcH6fLLYqZNhGohFDFxFz3bbQS1s1, Es9vMFrzaCERmJfrF4H2FYD4KCoNkY11McCe8BenwNYB"
orca-dex,-USDT,0.00073,0.00073,0,,11018770-b7e4-5817-997e-52c9785812d6,0,0,0,False,0.0001,10041,"h52qjkTiR499xcViYtmzEyEdhfJgwxeJmvMVEAQxPFg, Es9vMFrzaCERmJfrF4H2FYD4KCoNkY11McCe8BenwNYB"
raydium-amm,BANK-USDC,154.36,154.36,0,,db66cba9-55c0-5b63-bc8e-379e60916f66,0,0,0,False,44.26,10040,"AbGMwKFi2ibXN1aHrnV1DdzGkSW9i7G6m9idLCkEiUWN, EPjFWdd5AufqSSqeM2qN1xzybapC8G4wEGGkZwyTDt1v"
orca-dex,ASDC-USDT,0.00073,0.00073,0,,809e9537-43bc-5b5f-97f9-b6a399bd8fe3,0,0,0,False,0.0001,10040,"D9SvSSrBGf4puqpSzezZvmoirUGXTkUCub4buMGoK6Dn, Es9vMFrzaCERmJfrF4H2FYD4KCoNkY11McCe8BenwNYB"
orca-dex,HKNU-USDT,0.00073,0.00073,0,,8080ba7d-64cb-50b5-bf91-e4e166fe5074,0,0,0,False,0.0001,10040,"72d47646D6VwDNMdEv8sTKVMnD1APAiR4Ta4hCdN2aQj, Es9vMFrzaCERmJfrF4H2FYD4KCoNkY11McCe8BenwNYB"
orca-dex,TDSA-USDT,0.00073,0.00073,0,,cd758c98-f082-5fb3-a7b1-ad6fa02dfc41,0,0,0,False,0.0001,10040,"7cdDBgyaCnG9H9ZXmS7YRa6Nnp2TuqmpdiaR8UM11Tyi, Es9vMFrzaCERmJfrF4H2FYD4KCoNkY11McCe8BenwNYB"
orca-dex,ASDC-USDT,0.00433,0.00433,0,,c7b91970-f950-5eff-a397-2cfbd18fbf3d,0.00433,0,0,False,0.00062,10040,"47gu1xTnz1viJzkxhb7HgwKE1PWf1rxNfzRQiAxUSes3, Es9vMFrzaCERmJfrF4H2FYD4KCoNkY11McCe8BenwNYB"
orca-dex,TSDK-USDT,0.00073,0.00073,0,,ec370252-4955-5cfd-9880-6823285017ce,0,0,0,False,0.0001,10039,"Dg8aFoXnXVmK7uy79hurxrbdNsaYdr547YGVKqKE2xAz, Es9vMFrzaCERmJfrF4H2FYD4KCoNkY11McCe8BenwNYB"
orca-dex,ANUT-USDT,0.00073,0.00073,0,,3b2bca66-51fb-586f-ac86-92dcf4157449,0,0,0,False,0.0001,10039,"8n37iSnEghBeyVJEbN6aw9bUYRcNZbsyeg1NqMuBqHdQ, Es9vMFrzaCERmJfrF4H2FYD4KCoNkY11McCe8BenwNYB"
orca-dex,ASDC-USDT,0.00073,0.00073,0,,342c48f8-e796-5b3b-92a7-e391f6b64ed2,0,0,0,False,0.0001,10039,"CPqHnn4bdkyNnAxK2aTGNLKNTes2bG2kN2BjUvMQriDd, Es9vMFrzaCERmJfrF4H2FYD4KCoNkY11McCe8BenwNYB"
orca-dex,-USDT,0.00073,0.00073,0,,13b50f48-be31-5190-9d25-083410387f0b,0,0,0,False,0.0001,10039,"9iTdTwA9Rd5t31BCkg7vxw6gPhaVGgn9q4UwxP7GEvaR, Es9vMFrzaCERmJfrF4H2FYD4KCoNkY11McCe8BenwNYB"
orca-dex,USDT-,0.00073,0.00073,0,,f94516e7-ef64-5a3b-8cc2-c8cfd1d7c96c,0,0,0,False,0.0001,10039,"Es9vMFrzaCERmJfrF4H2FYD4KCoNkY11McCe8BenwNYB, HvmQTWZhpGuebDzbJhyM27ouNARhzjiNAmLjP2z6ezor"
raydium-amm,USDC-DOGE,91.15,91.15,0,,85f17cf2-f6f9-417b-a3c8-c5a1c7afe15e,0,0,0,False,46.5,10038,"EPjFWdd5AufqSSqeM2qN1xzybapC8G4wEGGkZwyTDt1v, EhD6AjTzgpBVVc9aAdVFU7ar52gAymFCYhFkMWDubCJW"
orca-dex,ASTD-USDT,0,0,0,,f492a29c-9425-5036-9e1d-83442c4a9bee,0,0,0,False,0,10037,"6oSmbscjFN1TV6epmYA6bLP97qqWvcsfYetNMuopdAN1, Es9vMFrzaCERmJfrF4H2FYD4KCoNkY11McCe8BenwNYB"
raydium-amm,USDT-UGAD,0.18,0.18,0,,33fb1fdf-599c-5ddb-bae3-d0f7bc2f08b4,0,0,0,False,0.03,10035,"Es9vMFrzaCERmJfrF4H2FYD4KCoNkY11McCe8BenwNYB, JBiTmkGzpz8wpYXbXU23VThhq3h9fUeBmBtMfpddLmG7"
orca-dex,SOL-PENGUIN,118.15884,118.15884,0,,0eaf334c-785f-4720-a2ae-7e09497a2229,42.55738,-60.12658,-111.89886,False,120.98175,10035,"So11111111111111111111111111111111111111112, 8Jx8AAHj86wbQgUTjGuj6GTTL5Ps3cqxKRTvpaJApump"
raydium-amm,WSOL-KORI,4.55,4.55,0,,4d2a89ec-e8c6-46a7-966a-13f59292b366,0,0,0,False,0.57,10034,"So11111111111111111111111111111111111111112, 3h1H6gNEGRsKCV76FDJTQaN9g1LNkGPPX3XmKdispump"
raydium-amm,USDC-HBAR,97.87,97.87,0,,f326a6a5-4bd1-4398-89d6-20ee017b8978,0,0,0,False,31.05,10034,"EPjFWdd5AufqSSqeM2qN1xzybapC8G4wEGGkZwyTDt1v, HfPR29xtq3LU2oSYHDmwukYxb8umyx1Z9RmZwgfM2W5S"
raydium-amm,USDC-WORLDCUP,91.59,91.59,0,,0e56950d-a823-45fe-a807-2224572f98a2,0,0,0,False,35.24,10033,"EPjFWdd5AufqSSqeM2qN1xzybapC8G4wEGGkZwyTDt1v, HXkoSti7pvWDrbWTPe9DbuVJdXKmhMHKp4Uw9PsQ7d9E"
orca-dex,RAY-USDC,11.55556,11.55556,0,,88c19849-9d0c-4d1c-8072-5f74d12903db,0,9.27287,0,False,4.65914,10032,"4k3Dyjzvzp8eMZWUXbBCjEvwSkkk59S5iCNLY3QrkX6R, EPjFWdd5AufqSSqeM2qN1xzybapC8G4wEGGkZwyTDt1v"
raydium-amm,ERC20-USDT-USDC,92.41,92.41,0,,76079e83-b02e-569b-9da4-aab88fdd2ac6,0,0,0,False,35.08,10031,"44NGvQCLgw9ZbLrFkXqxUNGqWiPpsxn2Ry7TiktuhR2M, EPjFWdd5AufqSSqeM2qN1xzybapC8G4wEGGkZwyTDt1v"
orca-dex,CHEX-USDC,1.02713,1.02713,0,,9d81732a-f5ea-4619-9a88-4ae26c053b63,0,0,-127.30541,False,0.39487,10031,"6dKCoWjpj5MFU5gWDEFdpUUeBasBLK3wLEwhUzQPAa1e, EPjFWdd5AufqSSqeM2qN1xzybapC8G4wEGGkZwyTDt1v"
orca-dex,SOL-FIDA,0.75684,0.75684,0,,49a66154-b51b-4515-b8a7-8afda6b8d11c,0,0,0,False,0.71883,10031,"So11111111111111111111111111111111111111112, EchesyfXePKdLtoiZSL8pBe8Myagyy8ZRqsACNCFGnvp"
raydium-amm,ZEC-USDC,52.78,52.78,0,,46479e55-c7ba-46b0-904e-67006f91f51e,0,0,0,False,32.9,10029,"9SWXdXDVPCXnKty7XmzzaQoPGSKFtZSeKt45EkhtCYSR, EPjFWdd5AufqSSqeM2qN1xzybapC8G4wEGGkZwyTDt1v"
raydium-amm,USDC-LUNC,53.48,53.48,0,,3719c2c2-9348-452a-84b5-7417a991ff06,0,0,0,False,32.56,10029,"EPjFWdd5AufqSSqeM2qN1xzybapC8G4wEGGkZwyTDt1v, FqCSrz5qBLWj8gizt9UBaVmiGEya5aGgXzahrChxcJEM"
raydium-amm,TAO-USDC,52.05,52.05,0,,98805867-d903-4263-934b-192428f232ca,0,0,0,False,31.27,10029,"TaoJ9yZUozEjBYfhGNwQGspVeXP4JqoPhu4K4gLGj1C, EPjFWdd5AufqSSqeM2qN1xzybapC8G4wEGGkZwyTDt1v"
orca-dex,MXNE-USDC,0.00608,0.00608,0,,67719107-7229-447f-a1c2-53acd4568de6,0.00608,-0.20649,-0.03927,False,0.02485,10024,"6zYgzrT7X2wi9a9NeMtUvUWLLmf2a8vBsbYkocYdB9wa, EPjFWdd5AufqSSqeM2qN1xzybapC8G4wEGGkZwyTDt1v"
raydium-amm,LINK-USDC,50.11,50.11,0,,a634ef26-9ac8-43f6-bb27-9cc4878bbd25,0,0,0,False,33.19,10023,"9nDEJxwAiLgi8Q2fC3mcw6pD5TuTxcfuQvbuxphjnTs1, EPjFWdd5AufqSSqeM2qN1xzybapC8G4wEGGkZwyTDt1v"
orca-dex,POPCAT-DFN,4.60191,4.60191,0,,91c03704-777e-531d-a75e-67d11958eff4,0,0,0,False,4.24664,10022,"7GCihgDB8fe6KNjn2MYtkzZcRjQy3t9GHdC8uHYmW2hr, 8ZZanFyAvTnHu7tarkmpSQ7koAjf5XWfhKs49FjZCSNm"
orca-dex,SOL-MODI,0,0,0,,69750050-8fb3-430b-8520-bd19d30d5801,0,0,0,False,0,10012,"So11111111111111111111111111111111111111112, 2Y7WgQvdDo7dQub3eqznsF367K5JDCxrE7raYVwQP4GB"
orca-dex,SOL-AVO,50.85455,50.85455,0,,84e6bbb8-b565-4af7-8e9b-305005cb0044,0,0,0,False,50.44633,10012,"So11111111111111111111111111111111111111112, GdZ9rwHyKcriLdbSzhtEFLe5MLs7Vk6AY1aE5ei7nsmP"
orca-dex,SOL-ZEREBRO,5.33811,5.33811,0,,273b9292-dfd5-4085-b05b-ee450f387fe9,0,0,0,False,8.9301,10011,"So11111111111111111111111111111111111111112, 8x5VqbHA8D7NkD52uNuS5nnt3PwA8pLD34ymskeSo2Wn"
orca-dex,SOL-INF,2.1661,2.1661,0,,d05cdeaa-4bee-45b7-ae2c-905ee3012bd7,0,0,0,False,0.92043,10008,"So11111111111111111111111111111111111111112, 5oVNBeEEQvYi1cX3ir8Dx5n1P7pdxydbGF2X4TxVusJm"
orca-dex,SOL-SAMO,16.97067,16.97067,0,,7bbec7e3-4368-411c-ab0b-ac5cfc790a66,0,0,0,False,23.72327,10008,"So11111111111111111111111111111111111111112, 7xKXtg2CW87d97TXJSDpbD5jBkheTqA83TZRuJosgAsU"
raydium-amm,NEAR-USDC,32.2,32.2,0,,c56a85d5-85a3-5f2a-8dbe-53f6fcf2da42,0,-3.12,0,False,19.16,10000,"64N9oGNj6VBXFYoJ7x3hLF9vGJ8WqnuXRiQLSLGPCGW1, EPjFWdd5AufqSSqeM2qN1xzybapC8G4wEGGkZwyTDt1v"
save,USDC,0,0,0,,134a5dcb-2cb3-4313-a28b-f59f66c3d3bb,0,0,0,True,0,9922,EPjFWdd5AufqSSqeM2qN1xzybapC8G4wEGGkZwyTDt1v
jupiter-lend,WSOL,4.02883,4.02883,0,,dae26e46-ba0b-4f4f-91ee-b109f4e47530,0,-0.62597,-0.84595,False,0,9678,So11111111111111111111111111111111111111112
project-0,MET,4.90955,4.90955,0,,2240ba82-b33a-45e6-a8f3-5bf3e83bd44a,0,4.89565,4.9094,False,0,9177,METvsvVRapdj9cFLzq4Tr43xK4tAjQfwX76z3n6mWQL
jupiter-lend,SYRUPUSDC,0,0,0,,7c844f36-4501-4ddd-9f37-3b8023e57995,0,0,0,True,0,9113,AvZZF1YaZDziPY2RCK4oJrRVrbN3mTD9NL24hPeaZeUj
save,PYUSD,1.23,1.23,0,,2ff19c9c-c568-44f5-b1c3-7e1704b78f1e,0,0,0,True,0,8897,FAJA9Qgn1CqLKtYi77CoWSGH7dyRrat394q9mpRFQzGs
project-0,JUPUSD,3.48437,3.48437,0,,d219a4c2-3e9a-435e-8423-65eb73b1a552,0,0,0,True,0,8011,JuprjznTrTSp2UFa3ZBUFgwdAmtZCq4MQCwysN55USD
loopscale,BRZ,5.57199,5.57199,0,,952b1a1c-01ab-40d1-9808-dd93ecff83af,0,0,0,False,0,7953,BRZbFNQDcWLfcdHmAkqEVnLHCAWKTRf6eHyEaWdZp3JN
kamino-lend,USDG,9.98729,9.98729,0,,21fea0aa-3058-4196-91ca-3ef876dfb4b2,0,0,0,True,0,6655,2u1tszSeqZ3qBWF3uNGPFc8TzMk2tdiwknnRMWGWjGWH
jupiter-lend,WBTC,0,0,0,,99de9903-e5cd-49fb-8757-9a39c595fe98,0,0,0,False,0,6131,3NZ9JMVBmGAqocybic2c7LQCJScmgsAZ6vQqTDzcqmJh
kamino-lend,USDT,3.20208,3.20208,0,,b2e08718-2455-44b6-837f-c55ab4f71e73,0,0,0,True,0,5538,Es9vMFrzaCERmJfrF4H2FYD4KCoNkY11McCe8BenwNYB
jupiter-lend,STCATZOSM,0,0,0,,7f60a6fd-b173-4198-848c-6beaed0270ab,0,0,0,False,0,5309,98B1NMLYaNJQNxiQGr53vbjNFMNTYFmDqoCgj7qD9Vhm
kamino-lend,USD1,3.53287,3.53287,0,,9b40ddaf-2122-42d3-b9b4-c591a8420765,0,0,0,True,0,5239,USD1ttGY1N17NEEHLmELoaybftRBUSErhqYiQzvEmuB
kamino-lend,USDT,6.0018,6.0018,0,,7bcc013c-1dd1-4850-9811-45d1267ddf3a,0,0,0,True,0,5034,Es9vMFrzaCERmJfrF4H2FYD4KCoNkY11McCe8BenwNYB
kamino-lend,USDS,4.49291,4.49291,0,,716921fb-47dd-46b9-a427-5104013e7447,0,0,0.6243,True,0,4209,USDSwr9ApdHk5bvJKMjzff41FfuX8bSxdKcR81vTwcA
jupiter-lend,SYRUPUSDC,0,0,0,,978cf347-fe26-4d5e-a728-265c09fdd80d,0,0,0,True,0,3682,AvZZF1YaZDziPY2RCK4oJrRVrbN3mTD9NL24hPeaZeUj
kamino-lend,SOL,3.98676,3.98676,0,,9a05bd9f-32bc-47e9-9fe3-e5d637475885,0,0,0,False,0,3549,So11111111111111111111111111111111111111112
project-0,CASH,3.51358,3.51358,0,,a6acf4ba-3d44-4c64-bf1a-a370aa9d2c58,0,0,2.18572,True,0,2944,CASHx9KJUStyftLFWGvEVf59SGeG9sh5FfcnZMVPCASH
loopscale,USDC,6.69798,6.69798,0,,d7b248e7-da9c-4918-9fff-ea93e60cdcfd,0,0,3.31606,True,0,2855,EPjFWdd5AufqSSqeM2qN1xzybapC8G4wEGGkZwyTDt1v
kamino-lend,USDC,2.66217,2.66217,0,,68de5e73-da48-4e22-8cef-462acc777b87,0,0,0,True,0,2455,EPjFWdd5AufqSSqeM2qN1xzybapC8G4wEGGkZwyTDt1v
kamino-lend,USDC,6.04494,6.04494,0,,577c10f8-bf89-4702-9d98-8b244f1b0d11,0,0,0,True,0,2377,EPjFWdd5AufqSSqeM2qN1xzybapC8G4wEGGkZwyTDt1v
jupiter-lend,STHE1IUSU,0,0,0,,fa5a2240-e5a0-4be2-bad6-d67761dd36b5,0,0,0,False,0,1990,2k79y8CApbU9jAvWhLS2j6uRbaVjpLJTUzstBTho9vGq
project-0,USD1,4.5776,4.5776,0,,a39eae54-867b-4723-9b73-f51ff54477eb,0,0,0,True,0,1914,USD1ttGY1N17NEEHLmELoaybftRBUSErhqYiQzvEmuB
save,SOL,0.86,0.86,0,,6d0d2668-9be3-47cc-9487-fee13fff1931,0,0,0,False,0,1498,So11111111111111111111111111111111111111112
kamino-lend,USDG,3.91712,3.91712,0,,1b9deb60-18cc-451c-8cb4-7152a9d371c9,0,0,0,True,0,1411,2u1tszSeqZ3qBWF3uNGPFc8TzMk2tdiwknnRMWGWjGWH
kamino-lend,USDC,46.13248,46.13248,0,,3fe04ea9-e65e-4984-9d45-75007bf03e99,44.33262,42.68922,44.30222,True,0,443,EPjFWdd5AufqSSqeM2qN1xzybapC8G4wEGGkZwyTDt1v
project-0,USDG,22.09139,22.09139,0,,6844c6b0-5325-4b95-b5c5-aec87c1bd751,0,20.7703,20.89555,True,0,4,2u1tszSeqZ3qBWF3uNGPFc8TzMk2tdiwknnRMWGWjGWH
save,USDC,0,0,0,,0dad5f8b-d545-4b4e-9a21-2e9fbca00d8b,0,0,0,True,0,3,EPjFWdd5AufqSSqeM2qN1xzybapC8G4wEGGkZwyTDt1v
save,POLIS,0,0,0,,64bf64d7-a88d-488a-9b27-5f8bf5316c8a,0,0,0,False,0,1,poLisWXnNRwC6oBu1vHiuKQzFjGL4XDSu4g9qjz9qVk
save,SOL,775.29,775.29,0,,3020cbef-11bb-4217-8d25-58ba8d2433fa,0,0,0,False,0,0,So11111111111111111111111111111111111111112
save,KHAI,10.11,10.11,0,,69d4303d-0e63-4cc6-84c9-3ae0694cfb6f,0,0,0,True,0,0,3TWgDvYBL2YPET2LxnWAwsMeoA8aL4DutNuwat2pKCjC
save,SOL,0,0,0,,774c10bc-4027-485b-ace2-b01daec2488d,0,0,0,False,0,0,So11111111111111111111111111111111111111112
save,USDC,775.29,775.29,0,,7f14fb7b-2a04-43c6-a3de-880e0c62fb91,0,0,0,True,0,0,EPjFWdd5AufqSSqeM2qN1xzybapC8G4wEGGkZwyTDt1v
save,USDC,0,0,0,,34e8e7c6-8cf9-43a7-9515-55a1c8504811,0,0,0,True,0,0,EPjFWdd5AufqSSqeM2qN1xzybapC8G4wEGGkZwyTDt1v
save,USDC,0,0,0,,9fc378a9-eb68-4405-9b66-870592fcee7c,0,0,0,True,0,0,EPjFWdd5AufqSSqeM2qN1xzybapC8G4wEGGkZwyTDt1v
save,JLP,0,0,0,,c33e9089-c962-458a-8804-a9baab7dc2a5,0,0,0,False,0,0,27G8MtK7VtTcCHkpASjSDdkWWYfoqT6ggEuKidVJidD4
save,USDC,10.11,10.11,0,,68fc0159-5fec-4c52-bb6c-337aed4b2889,0,0,0,True,0,0,EPjFWdd5AufqSSqeM2qN1xzybapC8G4wEGGkZwyTDt1v
save,USDC,0,0,0,,c6ed4f45-396e-419e-8c15-1cc6908093d9,0,0,0,True,0,0,EPjFWdd5AufqSSqeM2qN1xzybapC8G4wEGGkZwyTDt1v
save,ATLAS,0,0,0,,b68e3b4a-6855-48ee-8bfb-1704b3d80e99,0,0,0,False,0,0,ATLASXmbPQxBUYbxPsV97usA3fPQYEqzQBUHgiFCUsXx
save,SOL,10.11,10.11,0,,24cebcf4-5c3c-4ad2-87fe-098fd7d5a53f,0,0,0,False,0,0,So11111111111111111111111111111111111111112
save,USDC,10.11,10.11,0,,d7c840b6-675c-41e4-8321-61b550f01513,0,0,0,True,0,0,EPjFWdd5AufqSSqeM2qN1xzybapC8G4wEGGkZwyTDt1v
save,USDT,4.95,4.95,0,,4611ce07-f292-4e1f-875f-01471043e502,0,0,0,True,0,0,Es9vMFrzaCERmJfrF4H2FYD4KCoNkY11McCe8BenwNYB
save,SOL,0,0,0,,6cc9cfb2-eb09-4d00-9f5d-0a6b7e77a840,0,0,0,False,0,0,So11111111111111111111111111111111111111112
